Command line invocation:
    /Applications/Xcode.app/Contents/Developer/usr/bin/xcodebuild -workspace /Users/alexandrejunior/Documents/Magic-World/ios/MagicWorld.xcworkspace -configuration Debug -scheme magicworld -destination id=7F14A47F-86BA-4836-B19A-C623DCA93D62

ComputePackagePrebuildTargetDependencyGraph

Prepare packages

CreateBuildRequest

SendProjectDescription

CreateBuildOperation

ComputeTargetDependencyGraph
note: Building targets in dependency order
note: Target dependency graph (157 targets)
    Target 'magicworld' in project 'MagicWorld'
        ➜ Implicit dependency on target 'Pods-magicworld' in project 'Pods' via file 'Pods_magicworld.framework' in build phase 'Link Binary'
        ➜ Implicit dependency on target 'Expo' in project 'Pods' via options '-lExpo' in build setting 'OTHER_LDFLAGS'
        ➜ Implicit dependency on target 'ExpoModulesCore' in project 'Pods' via options '-lExpoModulesCore' in build setting 'OTHER_LDFLAGS'
        ➜ Implicit dependency on target 'ReactAppDependencyProvider' in project 'Pods' via options '-lReactAppDependencyProvider' in build setting 'OTHER_LDFLAGS'
        ➜ Implicit dependency on target 'expo-dev-menu' in project 'Pods' via options '-lexpo-dev-menu' in build setting 'OTHER_LDFLAGS'
        ➜ Implicit dependency on target 'EXAV' in project 'Pods' via options '-framework EXAV' in build setting 'OTHER_LDFLAGS'
        ➜ Implicit dependency on target 'EXApplication' in project 'Pods' via options '-framework EXApplication' in build setting 'OTHER_LDFLAGS'
        ➜ Implicit dependency on target 'EXConstants' in project 'Pods' via options '-framework EXConstants' in build setting 'OTHER_LDFLAGS'
        ➜ Implicit dependency on target 'expo-dev-launcher' in project 'Pods' via options '-framework EXDevLauncher' in build setting 'OTHER_LDFLAGS'
        ➜ Implicit dependency on target 'expo-dev-menu-interface' in project 'Pods' via options '-framework EXDevMenuInterface' in build setting 'OTHER_LDFLAGS'
        ➜ Implicit dependency on target 'EXFirebaseAnalytics' in project 'Pods' via options '-framework EXFirebaseAnalytics' in build setting 'OTHER_LDFLAGS'
        ➜ Implicit dependency on target 'EXFirebaseCore' in project 'Pods' via options '-framework EXFirebaseCore' in build setting 'OTHER_LDFLAGS'
        ➜ Implicit dependency on target 'EXJSONUtils' in project 'Pods' via options '-framework EXJSONUtils' in build setting 'OTHER_LDFLAGS'
        ➜ Implicit dependency on target 'EXManifests' in project 'Pods' via options '-framework EXManifests' in build setting 'OTHER_LDFLAGS'
        ➜ Implicit dependency on target 'EXNotifications' in project 'Pods' via options '-framework EXNotifications' in build setting 'OTHER_LDFLAGS'
        ➜ Implicit dependency on target 'EXUpdatesInterface' in project 'Pods' via options '-framework EXUpdatesInterface' in build setting 'OTHER_LDFLAGS'
        ➜ Implicit dependency on target 'ExpoAsset' in project 'Pods' via options '-framework ExpoAsset' in build setting 'OTHER_LDFLAGS'
        ➜ Implicit dependency on target 'ExpoBlur' in project 'Pods' via options '-framework ExpoBlur' in build setting 'OTHER_LDFLAGS'
        ➜ Implicit dependency on target 'ExpoCrypto' in project 'Pods' via options '-framework ExpoCrypto' in build setting 'OTHER_LDFLAGS'
        ➜ Implicit dependency on target 'ExpoDevice' in project 'Pods' via options '-framework ExpoDevice' in build setting 'OTHER_LDFLAGS'
        ➜ Implicit dependency on target 'ExpoFileSystem' in project 'Pods' via options '-framework ExpoFileSystem' in build setting 'OTHER_LDFLAGS'
        ➜ Implicit dependency on target 'ExpoFont' in project 'Pods' via options '-framework ExpoFont' in build setting 'OTHER_LDFLAGS'
        ➜ Implicit dependency on target 'ExpoGL' in project 'Pods' via options '-framework ExpoGL' in build setting 'OTHER_LDFLAGS'
        ➜ Implicit dependency on target 'ExpoGlassEffect' in project 'Pods' via options '-framework ExpoGlassEffect' in build setting 'OTHER_LDFLAGS'
        ➜ Implicit dependency on target 'ExpoHaptics' in project 'Pods' via options '-framework ExpoHaptics' in build setting 'OTHER_LDFLAGS'
        ➜ Implicit dependency on target 'ExpoHead' in project 'Pods' via options '-framework ExpoHead' in build setting 'OTHER_LDFLAGS'
        ➜ Implicit dependency on target 'ExpoImage' in project 'Pods' via options '-framework ExpoImage' in build setting 'OTHER_LDFLAGS'
        ➜ Implicit dependency on target 'ExpoKeepAwake' in project 'Pods' via options '-framework ExpoKeepAwake' in build setting 'OTHER_LDFLAGS'
        ➜ Implicit dependency on target 'ExpoLinearGradient' in project 'Pods' via options '-framework ExpoLinearGradient' in build setting 'OTHER_LDFLAGS'
        ➜ Implicit dependency on target 'ExpoLinking' in project 'Pods' via options '-framework ExpoLinking' in build setting 'OTHER_LDFLAGS'
        ➜ Implicit dependency on target 'ExpoSpeech' in project 'Pods' via options '-framework ExpoSpeech' in build setting 'OTHER_LDFLAGS'
        ➜ Implicit dependency on target 'ExpoSplashScreen' in project 'Pods' via options '-framework ExpoSplashScreen' in build setting 'OTHER_LDFLAGS'
        ➜ Implicit dependency on target 'ExpoStoreReview' in project 'Pods' via options '-framework ExpoStoreReview' in build setting 'OTHER_LDFLAGS'
        ➜ Implicit dependency on target 'ExpoSymbols' in project 'Pods' via options '-framework ExpoSymbols' in build setting 'OTHER_LDFLAGS'
        ➜ Implicit dependency on target 'ExpoSystemUI' in project 'Pods' via options '-framework ExpoSystemUI' in build setting 'OTHER_LDFLAGS'
        ➜ Implicit dependency on target 'ExpoUI' in project 'Pods' via options '-framework ExpoUI' in build setting 'OTHER_LDFLAGS'
        ➜ Implicit dependency on target 'ExpoWebBrowser' in project 'Pods' via options '-framework ExpoWebBrowser' in build setting 'OTHER_LDFLAGS'
        ➜ Implicit dependency on target 'PromisesObjC' in project 'Pods' via options '-framework FBLPromises' in build setting 'OTHER_LDFLAGS'
        ➜ Implicit dependency on target 'FirebaseCore' in project 'Pods' via options '-framework FirebaseCore' in build setting 'OTHER_LDFLAGS'
        ➜ Implicit dependency on target 'FirebaseCoreDiagnostics' in project 'Pods' via options '-framework FirebaseCoreDiagnostics' in build setting 'OTHER_LDFLAGS'
        ➜ Implicit dependency on target 'FirebaseCoreInternal' in project 'Pods' via options '-framework FirebaseCoreInternal' in build setting 'OTHER_LDFLAGS'
        ➜ Implicit dependency on target 'FirebaseInstallations' in project 'Pods' via options '-framework FirebaseInstallations' in build setting 'OTHER_LDFLAGS'
        ➜ Implicit dependency on target 'GoogleDataTransport' in project 'Pods' via options '-framework GoogleDataTransport' in build setting 'OTHER_LDFLAGS'
        ➜ Implicit dependency on target 'GoogleUtilities' in project 'Pods' via options '-framework GoogleUtilities' in build setting 'OTHER_LDFLAGS'
        ➜ Implicit dependency on target 'PurchasesHybridCommon' in project 'Pods' via options '-framework PurchasesHybridCommon' in build setting 'OTHER_LDFLAGS'
        ➜ Implicit dependency on target 'PurchasesHybridCommonUI' in project 'Pods' via options '-framework PurchasesHybridCommonUI' in build setting 'OTHER_LDFLAGS'
        ➜ Implicit dependency on target 'RNCAsyncStorage' in project 'Pods' via options '-framework RNCAsyncStorage' in build setting 'OTHER_LDFLAGS'
        ➜ Implicit dependency on target 'RNGestureHandler' in project 'Pods' via options '-framework RNGestureHandler' in build setting 'OTHER_LDFLAGS'
        ➜ Implicit dependency on target 'RNPaywalls' in project 'Pods' via options '-framework RNPaywalls' in build setting 'OTHER_LDFLAGS'
        ➜ Implicit dependency on target 'RNPurchases' in project 'Pods' via options '-framework RNPurchases' in build setting 'OTHER_LDFLAGS'
        ➜ Implicit dependency on target 'RNReanimated' in project 'Pods' via options '-framework RNReanimated' in build setting 'OTHER_LDFLAGS'
        ➜ Implicit dependency on target 'RNScreens' in project 'Pods' via options '-framework RNScreens' in build setting 'OTHER_LDFLAGS'
        ➜ Implicit dependency on target 'RNWorklets' in project 'Pods' via options '-framework RNWorklets' in build setting 'OTHER_LDFLAGS'
        ➜ Implicit dependency on target 'ReactCodegen' in project 'Pods' via options '-framework ReactCodegen' in build setting 'OTHER_LDFLAGS'
        ➜ Implicit dependency on target 'RevenueCat' in project 'Pods' via options '-framework RevenueCat' in build setting 'OTHER_LDFLAGS'
        ➜ Implicit dependency on target 'RevenueCatUI' in project 'Pods' via options '-framework RevenueCatUI' in build setting 'OTHER_LDFLAGS'
        ➜ Implicit dependency on target 'SDWebImage' in project 'Pods' via options '-framework SDWebImage' in build setting 'OTHER_LDFLAGS'
        ➜ Implicit dependency on target 'SDWebImageAVIFCoder' in project 'Pods' via options '-framework SDWebImageAVIFCoder' in build setting 'OTHER_LDFLAGS'
        ➜ Implicit dependency on target 'SDWebImageSVGCoder' in project 'Pods' via options '-framework SDWebImageSVGCoder' in build setting 'OTHER_LDFLAGS'
        ➜ Implicit dependency on target 'SDWebImageWebPCoder' in project 'Pods' via options '-framework SDWebImageWebPCoder' in build setting 'OTHER_LDFLAGS'
        ➜ Implicit dependency on target 'SwiftAudioEx' in project 'Pods' via options '-framework SwiftAudioEx' in build setting 'OTHER_LDFLAGS'
        ➜ Implicit dependency on target 'libavif' in project 'Pods' via options '-framework libavif' in build setting 'OTHER_LDFLAGS'
        ➜ Implicit dependency on target 'libdav1d' in project 'Pods' via options '-framework libdav1d' in build setting 'OTHER_LDFLAGS'
        ➜ Implicit dependency on target 'libwebp' in project 'Pods' via options '-framework libwebp' in build setting 'OTHER_LDFLAGS'
        ➜ Implicit dependency on target 'nanopb' in project 'Pods' via options '-framework nanopb' in build setting 'OTHER_LDFLAGS'
        ➜ Implicit dependency on target 'react-native-get-random-values' in project 'Pods' via options '-framework react_native_get_random_values' in build setting 'OTHER_LDFLAGS'
        ➜ Implicit dependency on target 'react-native-safe-area-context' in project 'Pods' via options '-framework react_native_safe_area_context' in build setting 'OTHER_LDFLAGS'
        ➜ Implicit dependency on target 'react-native-track-player' in project 'Pods' via options '-framework react_native_track_player' in build setting 'OTHER_LDFLAGS'
    Target 'Pods-magicworld' in project 'Pods'
        ➜ Explicit dependency on target 'EXAV' in project 'Pods'
        ➜ Explicit dependency on target 'EXApplication' in project 'Pods'
        ➜ Explicit dependency on target 'EXConstants' in project 'Pods'
        ➜ Explicit dependency on target 'EXFirebaseAnalytics' in project 'Pods'
        ➜ Explicit dependency on target 'EXFirebaseCore' in project 'Pods'
        ➜ Explicit dependency on target 'EXJSONUtils' in project 'Pods'
        ➜ Explicit dependency on target 'EXManifests' in project 'Pods'
        ➜ Explicit dependency on target 'EXNotifications' in project 'Pods'
        ➜ Explicit dependency on target 'EXUpdatesInterface' in project 'Pods'
        ➜ Explicit dependency on target 'Expo' in project 'Pods'
        ➜ Explicit dependency on target 'ExpoAsset' in project 'Pods'
        ➜ Explicit dependency on target 'ExpoBlur' in project 'Pods'
        ➜ Explicit dependency on target 'ExpoCrypto' in project 'Pods'
        ➜ Explicit dependency on target 'ExpoDevice' in project 'Pods'
        ➜ Explicit dependency on target 'ExpoFileSystem' in project 'Pods'
        ➜ Explicit dependency on target 'ExpoFont' in project 'Pods'
        ➜ Explicit dependency on target 'ExpoGL' in project 'Pods'
        ➜ Explicit dependency on target 'ExpoGlassEffect' in project 'Pods'
        ➜ Explicit dependency on target 'ExpoHaptics' in project 'Pods'
        ➜ Explicit dependency on target 'ExpoHead' in project 'Pods'
        ➜ Explicit dependency on target 'ExpoImage' in project 'Pods'
        ➜ Explicit dependency on target 'ExpoKeepAwake' in project 'Pods'
        ➜ Explicit dependency on target 'ExpoLinearGradient' in project 'Pods'
        ➜ Explicit dependency on target 'ExpoLinking' in project 'Pods'
        ➜ Explicit dependency on target 'ExpoModulesCore' in project 'Pods'
        ➜ Explicit dependency on target 'ExpoSpeech' in project 'Pods'
        ➜ Explicit dependency on target 'ExpoSplashScreen' in project 'Pods'
        ➜ Explicit dependency on target 'ExpoStoreReview' in project 'Pods'
        ➜ Explicit dependency on target 'ExpoSymbols' in project 'Pods'
        ➜ Explicit dependency on target 'ExpoSystemUI' in project 'Pods'
        ➜ Explicit dependency on target 'ExpoUI' in project 'Pods'
        ➜ Explicit dependency on target 'ExpoWebBrowser' in project 'Pods'
        ➜ Explicit dependency on target 'FBLazyVector' in project 'Pods'
        ➜ Explicit dependency on target 'Firebase' in project 'Pods'
        ➜ Explicit dependency on target 'FirebaseAnalytics' in project 'Pods'
        ➜ Explicit dependency on target 'FirebaseCore' in project 'Pods'
        ➜ Explicit dependency on target 'FirebaseCoreDiagnostics' in project 'Pods'
        ➜ Explicit dependency on target 'FirebaseCoreInternal' in project 'Pods'
        ➜ Explicit dependency on target 'FirebaseInstallations' in project 'Pods'
        ➜ Explicit dependency on target 'GoogleAppMeasurement' in project 'Pods'
        ➜ Explicit dependency on target 'GoogleDataTransport' in project 'Pods'
        ➜ Explicit dependency on target 'GoogleUtilities' in project 'Pods'
        ➜ Explicit dependency on target 'PromisesObjC' in project 'Pods'
        ➜ Explicit dependency on target 'PurchasesHybridCommon' in project 'Pods'
        ➜ Explicit dependency on target 'PurchasesHybridCommonUI' in project 'Pods'
        ➜ Explicit dependency on target 'RCTDeprecation' in project 'Pods'
        ➜ Explicit dependency on target 'RCTRequired' in project 'Pods'
        ➜ Explicit dependency on target 'RCTTypeSafety' in project 'Pods'
        ➜ Explicit dependency on target 'RNCAsyncStorage' in project 'Pods'
        ➜ Explicit dependency on target 'RNGestureHandler' in project 'Pods'
        ➜ Explicit dependency on target 'RNPaywalls' in project 'Pods'
        ➜ Explicit dependency on target 'RNPurchases' in project 'Pods'
        ➜ Explicit dependency on target 'RNReanimated' in project 'Pods'
        ➜ Explicit dependency on target 'RNScreens' in project 'Pods'
        ➜ Explicit dependency on target 'RNWorklets' in project 'Pods'
        ➜ Explicit dependency on target 'React' in project 'Pods'
        ➜ Explicit dependency on target 'React-Core' in project 'Pods'
        ➜ Explicit dependency on target 'React-Core-prebuilt' in project 'Pods'
        ➜ Explicit dependency on target 'React-CoreModules' in project 'Pods'
        ➜ Explicit dependency on target 'React-Fabric' in project 'Pods'
        ➜ Explicit dependency on target 'React-FabricComponents' in project 'Pods'
        ➜ Explicit dependency on target 'React-FabricImage' in project 'Pods'
        ➜ Explicit dependency on target 'React-ImageManager' in project 'Pods'
        ➜ Explicit dependency on target 'React-Mapbuffer' in project 'Pods'
        ➜ Explicit dependency on target 'React-NativeModulesApple' in project 'Pods'
        ➜ Explicit dependency on target 'React-RCTActionSheet' in project 'Pods'
        ➜ Explicit dependency on target 'React-RCTAnimation' in project 'Pods'
        ➜ Explicit dependency on target 'React-RCTAppDelegate' in project 'Pods'
        ➜ Explicit dependency on target 'React-RCTBlob' in project 'Pods'
        ➜ Explicit dependency on target 'React-RCTFBReactNativeSpec' in project 'Pods'
        ➜ Explicit dependency on target 'React-RCTFabric' in project 'Pods'
        ➜ Explicit dependency on target 'React-RCTImage' in project 'Pods'
        ➜ Explicit dependency on target 'React-RCTLinking' in project 'Pods'
        ➜ Explicit dependency on target 'React-RCTNetwork' in project 'Pods'
        ➜ Explicit dependency on target 'React-RCTRuntime' in project 'Pods'
        ➜ Explicit dependency on target 'React-RCTSettings' in project 'Pods'
        ➜ Explicit dependency on target 'React-RCTText' in project 'Pods'
        ➜ Explicit dependency on target 'React-RCTVibration' in project 'Pods'
        ➜ Explicit dependency on target 'React-RuntimeApple' in project 'Pods'
        ➜ Explicit dependency on target 'React-RuntimeCore' in project 'Pods'
        ➜ Explicit dependency on target 'React-RuntimeHermes' in project 'Pods'
        ➜ Explicit dependency on target 'React-callinvoker' in project 'Pods'
        ➜ Explicit dependency on target 'React-cxxreact' in project 'Pods'
        ➜ Explicit dependency on target 'React-debug' in project 'Pods'
        ➜ Explicit dependency on target 'React-defaultsnativemodule' in project 'Pods'
        ➜ Explicit dependency on target 'React-domnativemodule' in project 'Pods'
        ➜ Explicit dependency on target 'React-featureflags' in project 'Pods'
        ➜ Explicit dependency on target 'React-featureflagsnativemodule' in project 'Pods'
        ➜ Explicit dependency on target 'React-graphics' in project 'Pods'
        ➜ Explicit dependency on target 'React-hermes' in project 'Pods'
        ➜ Explicit dependency on target 'React-idlecallbacksnativemodule' in project 'Pods'
        ➜ Explicit dependency on target 'React-jserrorhandler' in project 'Pods'
        ➜ Explicit dependency on target 'React-jsi' in project 'Pods'
        ➜ Explicit dependency on target 'React-jsiexecutor' in project 'Pods'
        ➜ Explicit dependency on target 'React-jsinspector' in project 'Pods'
        ➜ Explicit dependency on target 'React-jsinspectorcdp' in project 'Pods'
        ➜ Explicit dependency on target 'React-jsinspectornetwork' in project 'Pods'
        ➜ Explicit dependency on target 'React-jsinspectortracing' in project 'Pods'
        ➜ Explicit dependency on target 'React-jsitooling' in project 'Pods'
        ➜ Explicit dependency on target 'React-jsitracing' in project 'Pods'
        ➜ Explicit dependency on target 'React-logger' in project 'Pods'
        ➜ Explicit dependency on target 'React-microtasksnativemodule' in project 'Pods'
        ➜ Explicit dependency on target 'React-oscompat' in project 'Pods'
        ➜ Explicit dependency on target 'React-perflogger' in project 'Pods'
        ➜ Explicit dependency on target 'React-performancetimeline' in project 'Pods'
        ➜ Explicit dependency on target 'React-rendererconsistency' in project 'Pods'
        ➜ Explicit dependency on target 'React-renderercss' in project 'Pods'
        ➜ Explicit dependency on target 'React-rendererdebug' in project 'Pods'
        ➜ Explicit dependency on target 'React-runtimeexecutor' in project 'Pods'
        ➜ Explicit dependency on target 'React-runtimescheduler' in project 'Pods'
        ➜ Explicit dependency on target 'React-timing' in project 'Pods'
        ➜ Explicit dependency on target 'React-utils' in project 'Pods'
        ➜ Explicit dependency on target 'ReactAppDependencyProvider' in project 'Pods'
        ➜ Explicit dependency on target 'ReactCodegen' in project 'Pods'
        ➜ Explicit dependency on target 'ReactCommon' in project 'Pods'
        ➜ Explicit dependency on target 'ReactNativeDependencies' in project 'Pods'
        ➜ Explicit dependency on target 'RevenueCat' in project 'Pods'
        ➜ Explicit dependency on target 'RevenueCatUI' in project 'Pods'
        ➜ Explicit dependency on target 'SDWebImage' in project 'Pods'
        ➜ Explicit dependency on target 'SDWebImageAVIFCoder' in project 'Pods'
        ➜ Explicit dependency on target 'SDWebImageSVGCoder' in project 'Pods'
        ➜ Explicit dependency on target 'SDWebImageWebPCoder' in project 'Pods'
        ➜ Explicit dependency on target 'SwiftAudioEx' in project 'Pods'
        ➜ Explicit dependency on target 'Yoga' in project 'Pods'
        ➜ Explicit dependency on target 'expo-dev-client' in project 'Pods'
        ➜ Explicit dependency on target 'expo-dev-launcher' in project 'Pods'
        ➜ Explicit dependency on target 'expo-dev-menu' in project 'Pods'
        ➜ Explicit dependency on target 'expo-dev-menu-interface' in project 'Pods'
        ➜ Explicit dependency on target 'hermes-engine' in project 'Pods'
        ➜ Explicit dependency on target 'libavif' in project 'Pods'
        ➜ Explicit dependency on target 'libdav1d' in project 'Pods'
        ➜ Explicit dependency on target 'libwebp' in project 'Pods'
        ➜ Explicit dependency on target 'nanopb' in project 'Pods'
        ➜ Explicit dependency on target 'react-native-get-random-values' in project 'Pods'
        ➜ Explicit dependency on target 'react-native-safe-area-context' in project 'Pods'
        ➜ Explicit dependency on target 'react-native-track-player' in project 'Pods'
    Target 'react-native-track-player' in project 'Pods'
        ➜ Explicit dependency on target 'React-Core' in project 'Pods'
        ➜ Explicit dependency on target 'SwiftAudioEx' in project 'Pods'
    Target 'react-native-safe-area-context' in project 'Pods'
        ➜ Explicit dependency on target 'RCTRequired' in project 'Pods'
        ➜ Explicit dependency on target 'RCTTypeSafety' in project 'Pods'
        ➜ Explicit dependency on target 'React-Core' in project 'Pods'
        ➜ Explicit dependency on target 'React-Core-prebuilt' in project 'Pods'
        ➜ Explicit dependency on target 'React-Fabric' in project 'Pods'
        ➜ Explicit dependency on target 'React-ImageManager' in project 'Pods'
        ➜ Explicit dependency on target 'React-NativeModulesApple' in project 'Pods'
        ➜ Explicit dependency on target 'React-RCTFabric' in project 'Pods'
        ➜ Explicit dependency on target 'React-debug' in project 'Pods'
        ➜ Explicit dependency on target 'React-featureflags' in project 'Pods'
        ➜ Explicit dependency on target 'React-graphics' in project 'Pods'
        ➜ Explicit dependency on target 'React-jsi' in project 'Pods'
        ➜ Explicit dependency on target 'React-renderercss' in project 'Pods'
        ➜ Explicit dependency on target 'React-rendererdebug' in project 'Pods'
        ➜ Explicit dependency on target 'React-utils' in project 'Pods'
        ➜ Explicit dependency on target 'ReactCodegen' in project 'Pods'
        ➜ Explicit dependency on target 'ReactCommon' in project 'Pods'
        ➜ Explicit dependency on target 'ReactNativeDependencies' in project 'Pods'
        ➜ Explicit dependency on target 'Yoga' in project 'Pods'
        ➜ Explicit dependency on target 'hermes-engine' in project 'Pods'
    Target 'react-native-get-random-values' in project 'Pods'
        ➜ Explicit dependency on target 'RCTRequired' in project 'Pods'
        ➜ Explicit dependency on target 'RCTTypeSafety' in project 'Pods'
        ➜ Explicit dependency on target 'React-Core' in project 'Pods'
        ➜ Explicit dependency on target 'React-Core-prebuilt' in project 'Pods'
        ➜ Explicit dependency on target 'React-Fabric' in project 'Pods'
        ➜ Explicit dependency on target 'React-ImageManager' in project 'Pods'
        ➜ Explicit dependency on target 'React-NativeModulesApple' in project 'Pods'
        ➜ Explicit dependency on target 'React-RCTFabric' in project 'Pods'
        ➜ Explicit dependency on target 'React-debug' in project 'Pods'
        ➜ Explicit dependency on target 'React-featureflags' in project 'Pods'
        ➜ Explicit dependency on target 'React-graphics' in project 'Pods'
        ➜ Explicit dependency on target 'React-jsi' in project 'Pods'
        ➜ Explicit dependency on target 'React-renderercss' in project 'Pods'
        ➜ Explicit dependency on target 'React-rendererdebug' in project 'Pods'
        ➜ Explicit dependency on target 'React-utils' in project 'Pods'
        ➜ Explicit dependency on target 'ReactCodegen' in project 'Pods'
        ➜ Explicit dependency on target 'ReactCommon' in project 'Pods'
        ➜ Explicit dependency on target 'ReactNativeDependencies' in project 'Pods'
        ➜ Explicit dependency on target 'Yoga' in project 'Pods'
        ➜ Explicit dependency on target 'hermes-engine' in project 'Pods'
    Target 'expo-dev-client' in project 'Pods'
        ➜ Explicit dependency on target 'EXManifests' in project 'Pods'
        ➜ Explicit dependency on target 'expo-dev-launcher' in project 'Pods'
        ➜ Explicit dependency on target 'expo-dev-menu' in project 'Pods'
        ➜ Explicit dependency on target 'expo-dev-menu-interface' in project 'Pods'
        ➜ Explicit dependency on target 'EXUpdatesInterface' in project 'Pods'
    Target 'expo-dev-launcher' in project 'Pods'
        ➜ Explicit dependency on target 'EXManifests' in project 'Pods'
        ➜ Explicit dependency on target 'EXUpdatesInterface' in project 'Pods'
        ➜ Explicit dependency on target 'ExpoModulesCore' in project 'Pods'
        ➜ Explicit dependency on target 'RCTRequired' in project 'Pods'
        ➜ Explicit dependency on target 'RCTTypeSafety' in project 'Pods'
        ➜ Explicit dependency on target 'React-Core' in project 'Pods'
        ➜ Explicit dependency on target 'React-Core-prebuilt' in project 'Pods'
        ➜ Explicit dependency on target 'React-Fabric' in project 'Pods'
        ➜ Explicit dependency on target 'React-ImageManager' in project 'Pods'
        ➜ Explicit dependency on target 'React-NativeModulesApple' in project 'Pods'
        ➜ Explicit dependency on target 'React-RCTAppDelegate' in project 'Pods'
        ➜ Explicit dependency on target 'React-RCTFabric' in project 'Pods'
        ➜ Explicit dependency on target 'React-debug' in project 'Pods'
        ➜ Explicit dependency on target 'React-featureflags' in project 'Pods'
        ➜ Explicit dependency on target 'React-graphics' in project 'Pods'
        ➜ Explicit dependency on target 'React-jsi' in project 'Pods'
        ➜ Explicit dependency on target 'React-jsinspector' in project 'Pods'
        ➜ Explicit dependency on target 'React-renderercss' in project 'Pods'
        ➜ Explicit dependency on target 'React-rendererdebug' in project 'Pods'
        ➜ Explicit dependency on target 'React-utils' in project 'Pods'
        ➜ Explicit dependency on target 'ReactAppDependencyProvider' in project 'Pods'
        ➜ Explicit dependency on target 'ReactCodegen' in project 'Pods'
        ➜ Explicit dependency on target 'ReactCommon' in project 'Pods'
        ➜ Explicit dependency on target 'ReactNativeDependencies' in project 'Pods'
        ➜ Explicit dependency on target 'Yoga' in project 'Pods'
        ➜ Explicit dependency on target 'expo-dev-launcher-EXDevLauncher' in project 'Pods'
        ➜ Explicit dependency on target 'expo-dev-menu' in project 'Pods'
        ➜ Explicit dependency on target 'expo-dev-menu-interface' in project 'Pods'
        ➜ Explicit dependency on target 'hermes-engine' in project 'Pods'
    Target 'expo-dev-menu' in project 'Pods'
        ➜ Explicit dependency on target 'EXManifests' in project 'Pods'
        ➜ Explicit dependency on target 'ExpoModulesCore' in project 'Pods'
        ➜ Explicit dependency on target 'RCTRequired' in project 'Pods'
        ➜ Explicit dependency on target 'RCTTypeSafety' in project 'Pods'
        ➜ Explicit dependency on target 'React-Core' in project 'Pods'
        ➜ Explicit dependency on target 'React-Core-prebuilt' in project 'Pods'
        ➜ Explicit dependency on target 'React-Fabric' in project 'Pods'
        ➜ Explicit dependency on target 'React-ImageManager' in project 'Pods'
        ➜ Explicit dependency on target 'React-NativeModulesApple' in project 'Pods'
        ➜ Explicit dependency on target 'React-RCTFabric' in project 'Pods'
        ➜ Explicit dependency on target 'React-debug' in project 'Pods'
        ➜ Explicit dependency on target 'React-featureflags' in project 'Pods'
        ➜ Explicit dependency on target 'React-graphics' in project 'Pods'
        ➜ Explicit dependency on target 'React-jsi' in project 'Pods'
        ➜ Explicit dependency on target 'React-jsinspector' in project 'Pods'
        ➜ Explicit dependency on target 'React-rendererconsistency' in project 'Pods'
        ➜ Explicit dependency on target 'React-renderercss' in project 'Pods'
        ➜ Explicit dependency on target 'React-rendererdebug' in project 'Pods'
        ➜ Explicit dependency on target 'React-utils' in project 'Pods'
        ➜ Explicit dependency on target 'ReactCodegen' in project 'Pods'
        ➜ Explicit dependency on target 'ReactCommon' in project 'Pods'
        ➜ Explicit dependency on target 'ReactNativeDependencies' in project 'Pods'
        ➜ Explicit dependency on target 'Yoga' in project 'Pods'
        ➜ Explicit dependency on target 'expo-dev-menu-EXDevMenu' in project 'Pods'
        ➜ Explicit dependency on target 'expo-dev-menu-interface' in project 'Pods'
        ➜ Explicit dependency on target 'hermes-engine' in project 'Pods'
    Target 'expo-dev-menu-interface' in project 'Pods' (no dependencies)
    Target 'expo-dev-menu-EXDevMenu' in project 'Pods' (no dependencies)
    Target 'expo-dev-launcher-EXDevLauncher' in project 'Pods' (no dependencies)
    Target 'SwiftAudioEx' in project 'Pods' (no dependencies)
    Target 'React' in project 'Pods'
        ➜ Explicit dependency on target 'React-Core' in project 'Pods'
        ➜ Explicit dependency on target 'React-RCTActionSheet' in project 'Pods'
        ➜ Explicit dependency on target 'React-RCTAnimation' in project 'Pods'
        ➜ Explicit dependency on target 'React-RCTBlob' in project 'Pods'
        ➜ Explicit dependency on target 'React-RCTImage' in project 'Pods'
        ➜ Explicit dependency on target 'React-RCTLinking' in project 'Pods'
        ➜ Explicit dependency on target 'React-RCTNetwork' in project 'Pods'
        ➜ Explicit dependency on target 'React-RCTSettings' in project 'Pods'
        ➜ Explicit dependency on target 'React-RCTText' in project 'Pods'
        ➜ Explicit dependency on target 'React-RCTVibration' in project 'Pods'
    Target 'React-RCTVibration' in project 'Pods'
        ➜ Explicit dependency on target 'React-Core' in project 'Pods'
        ➜ Explicit dependency on target 'React-Core-prebuilt' in project 'Pods'
        ➜ Explicit dependency on target 'React-jsi' in project 'Pods'
        ➜ Explicit dependency on target 'React-NativeModulesApple' in project 'Pods'
        ➜ Explicit dependency on target 'React-RCTFBReactNativeSpec' in project 'Pods'
        ➜ Explicit dependency on target 'ReactCommon' in project 'Pods'
        ➜ Explicit dependency on target 'ReactNativeDependencies' in project 'Pods'
    Target 'React-RCTSettings' in project 'Pods'
        ➜ Explicit dependency on target 'RCTTypeSafety' in project 'Pods'
        ➜ Explicit dependency on target 'React-Core' in project 'Pods'
        ➜ Explicit dependency on target 'React-Core-prebuilt' in project 'Pods'
        ➜ Explicit dependency on target 'React-jsi' in project 'Pods'
        ➜ Explicit dependency on target 'React-NativeModulesApple' in project 'Pods'
        ➜ Explicit dependency on target 'React-RCTFBReactNativeSpec' in project 'Pods'
        ➜ Explicit dependency on target 'ReactCommon' in project 'Pods'
        ➜ Explicit dependency on target 'ReactNativeDependencies' in project 'Pods'
    Target 'React-RCTLinking' in project 'Pods'
        ➜ Explicit dependency on target 'React-Core' in project 'Pods'
        ➜ Explicit dependency on target 'React-jsi' in project 'Pods'
        ➜ Explicit dependency on target 'React-NativeModulesApple' in project 'Pods'
        ➜ Explicit dependency on target 'React-RCTFBReactNativeSpec' in project 'Pods'
        ➜ Explicit dependency on target 'ReactCommon' in project 'Pods'
    Target 'React-RCTActionSheet' in project 'Pods'
        ➜ Explicit dependency on target 'React-Core' in project 'Pods'
    Target 'RNReanimated' in project 'Pods'
        ➜ Explicit dependency on target 'RCTRequired' in project 'Pods'
        ➜ Explicit dependency on target 'RCTTypeSafety' in project 'Pods'
        ➜ Explicit dependency on target 'RNWorklets' in project 'Pods'
        ➜ Explicit dependency on target 'React-Core' in project 'Pods'
        ➜ Explicit dependency on target 'React-Core-prebuilt' in project 'Pods'
        ➜ Explicit dependency on target 'React-Fabric' in project 'Pods'
        ➜ Explicit dependency on target 'React-ImageManager' in project 'Pods'
        ➜ Explicit dependency on target 'React-NativeModulesApple' in project 'Pods'
        ➜ Explicit dependency on target 'React-RCTFabric' in project 'Pods'
        ➜ Explicit dependency on target 'React-debug' in project 'Pods'
        ➜ Explicit dependency on target 'React-featureflags' in project 'Pods'
        ➜ Explicit dependency on target 'React-graphics' in project 'Pods'
        ➜ Explicit dependency on target 'React-hermes' in project 'Pods'
        ➜ Explicit dependency on target 'React-jsi' in project 'Pods'
        ➜ Explicit dependency on target 'React-renderercss' in project 'Pods'
        ➜ Explicit dependency on target 'React-rendererdebug' in project 'Pods'
        ➜ Explicit dependency on target 'React-utils' in project 'Pods'
        ➜ Explicit dependency on target 'ReactCodegen' in project 'Pods'
        ➜ Explicit dependency on target 'ReactCommon' in project 'Pods'
        ➜ Explicit dependency on target 'ReactNativeDependencies' in project 'Pods'
        ➜ Explicit dependency on target 'Yoga' in project 'Pods'
        ➜ Explicit dependency on target 'hermes-engine' in project 'Pods'
    Target 'RNWorklets' in project 'Pods'
        ➜ Explicit dependency on target 'RCTRequired' in project 'Pods'
        ➜ Explicit dependency on target 'RCTTypeSafety' in project 'Pods'
        ➜ Explicit dependency on target 'React-Core' in project 'Pods'
        ➜ Explicit dependency on target 'React-Core-prebuilt' in project 'Pods'
        ➜ Explicit dependency on target 'React-Fabric' in project 'Pods'
        ➜ Explicit dependency on target 'React-ImageManager' in project 'Pods'
        ➜ Explicit dependency on target 'React-NativeModulesApple' in project 'Pods'
        ➜ Explicit dependency on target 'React-RCTFabric' in project 'Pods'
        ➜ Explicit dependency on target 'React-debug' in project 'Pods'
        ➜ Explicit dependency on target 'React-featureflags' in project 'Pods'
        ➜ Explicit dependency on target 'React-graphics' in project 'Pods'
        ➜ Explicit dependency on target 'React-hermes' in project 'Pods'
        ➜ Explicit dependency on target 'React-jsi' in project 'Pods'
        ➜ Explicit dependency on target 'React-renderercss' in project 'Pods'
        ➜ Explicit dependency on target 'React-rendererdebug' in project 'Pods'
        ➜ Explicit dependency on target 'React-utils' in project 'Pods'
        ➜ Explicit dependency on target 'ReactCodegen' in project 'Pods'
        ➜ Explicit dependency on target 'ReactCommon' in project 'Pods'
        ➜ Explicit dependency on target 'ReactNativeDependencies' in project 'Pods'
        ➜ Explicit dependency on target 'Yoga' in project 'Pods'
        ➜ Explicit dependency on target 'hermes-engine' in project 'Pods'
    Target 'RNPurchases' in project 'Pods'
        ➜ Explicit dependency on target 'PurchasesHybridCommon' in project 'Pods'
        ➜ Explicit dependency on target 'React-Core' in project 'Pods'
    Target 'RNPaywalls' in project 'Pods'
        ➜ Explicit dependency on target 'PurchasesHybridCommonUI' in project 'Pods'
        ➜ Explicit dependency on target 'React-Core' in project 'Pods'
    Target 'RNGestureHandler' in project 'Pods'
        ➜ Explicit dependency on target 'RCTRequired' in project 'Pods'
        ➜ Explicit dependency on target 'RCTTypeSafety' in project 'Pods'
        ➜ Explicit dependency on target 'React-Core' in project 'Pods'
        ➜ Explicit dependency on target 'React-Core-prebuilt' in project 'Pods'
        ➜ Explicit dependency on target 'React-Fabric' in project 'Pods'
        ➜ Explicit dependency on target 'React-FabricComponents' in project 'Pods'
        ➜ Explicit dependency on target 'React-ImageManager' in project 'Pods'
        ➜ Explicit dependency on target 'React-NativeModulesApple' in project 'Pods'
        ➜ Explicit dependency on target 'React-RCTFabric' in project 'Pods'
        ➜ Explicit dependency on target 'React-debug' in project 'Pods'
        ➜ Explicit dependency on target 'React-featureflags' in project 'Pods'
        ➜ Explicit dependency on target 'React-graphics' in project 'Pods'
        ➜ Explicit dependency on target 'React-jsi' in project 'Pods'
        ➜ Explicit dependency on target 'React-renderercss' in project 'Pods'
        ➜ Explicit dependency on target 'React-rendererdebug' in project 'Pods'
        ➜ Explicit dependency on target 'React-utils' in project 'Pods'
        ➜ Explicit dependency on target 'ReactCodegen' in project 'Pods'
        ➜ Explicit dependency on target 'ReactCommon' in project 'Pods'
        ➜ Explicit dependency on target 'ReactNativeDependencies' in project 'Pods'
        ➜ Explicit dependency on target 'Yoga' in project 'Pods'
        ➜ Explicit dependency on target 'hermes-engine' in project 'Pods'
    Target 'RNCAsyncStorage' in project 'Pods'
        ➜ Explicit dependency on target 'RCTRequired' in project 'Pods'
        ➜ Explicit dependency on target 'RCTTypeSafety' in project 'Pods'
        ➜ Explicit dependency on target 'RNCAsyncStorage-RNCAsyncStorage_resources' in project 'Pods'
        ➜ Explicit dependency on target 'React-Core' in project 'Pods'
        ➜ Explicit dependency on target 'React-Core-prebuilt' in project 'Pods'
        ➜ Explicit dependency on target 'React-Fabric' in project 'Pods'
        ➜ Explicit dependency on target 'React-ImageManager' in project 'Pods'
        ➜ Explicit dependency on target 'React-NativeModulesApple' in project 'Pods'
        ➜ Explicit dependency on target 'React-RCTFabric' in project 'Pods'
        ➜ Explicit dependency on target 'React-debug' in project 'Pods'
        ➜ Explicit dependency on target 'React-featureflags' in project 'Pods'
        ➜ Explicit dependency on target 'React-graphics' in project 'Pods'
        ➜ Explicit dependency on target 'React-jsi' in project 'Pods'
        ➜ Explicit dependency on target 'React-renderercss' in project 'Pods'
        ➜ Explicit dependency on target 'React-rendererdebug' in project 'Pods'
        ➜ Explicit dependency on target 'React-utils' in project 'Pods'
        ➜ Explicit dependency on target 'ReactCodegen' in project 'Pods'
        ➜ Explicit dependency on target 'ReactCommon' in project 'Pods'
        ➜ Explicit dependency on target 'ReactNativeDependencies' in project 'Pods'
        ➜ Explicit dependency on target 'Yoga' in project 'Pods'
        ➜ Explicit dependency on target 'hermes-engine' in project 'Pods'
    Target 'RNCAsyncStorage-RNCAsyncStorage_resources' in project 'Pods' (no dependencies)
    Target 'PurchasesHybridCommonUI' in project 'Pods'
        ➜ Explicit dependency on target 'PurchasesHybridCommon' in project 'Pods'
        ➜ Explicit dependency on target 'RevenueCatUI' in project 'Pods'
    Target 'RevenueCatUI' in project 'Pods'
        ➜ Explicit dependency on target 'RevenueCat' in project 'Pods'
        ➜ Explicit dependency on target 'RevenueCatUI-RevenueCat_RevenueCatUI' in project 'Pods'
    Target 'RevenueCatUI-RevenueCat_RevenueCatUI' in project 'Pods' (no dependencies)
    Target 'PurchasesHybridCommon' in project 'Pods'
        ➜ Explicit dependency on target 'PurchasesHybridCommon-PurchasesHybridCommon' in project 'Pods'
        ➜ Explicit dependency on target 'RevenueCat' in project 'Pods'
    Target 'RevenueCat' in project 'Pods'
        ➜ Explicit dependency on target 'RevenueCat-RevenueCat' in project 'Pods'
    Target 'RevenueCat-RevenueCat' in project 'Pods' (no dependencies)
    Target 'PurchasesHybridCommon-PurchasesHybridCommon' in project 'Pods' (no dependencies)
    Target 'ExpoWebBrowser' in project 'Pods'
        ➜ Explicit dependency on target 'ExpoModulesCore' in project 'Pods'
    Target 'ExpoUI' in project 'Pods'
        ➜ Explicit dependency on target 'ExpoModulesCore' in project 'Pods'
    Target 'ExpoSystemUI' in project 'Pods'
        ➜ Explicit dependency on target 'ExpoModulesCore' in project 'Pods'
        ➜ Explicit dependency on target 'ExpoSystemUI-ExpoSystemUI_privacy' in project 'Pods'
    Target 'ExpoSystemUI-ExpoSystemUI_privacy' in project 'Pods' (no dependencies)
    Target 'ExpoSymbols' in project 'Pods'
        ➜ Explicit dependency on target 'ExpoModulesCore' in project 'Pods'
    Target 'ExpoStoreReview' in project 'Pods'
        ➜ Explicit dependency on target 'ExpoModulesCore' in project 'Pods'
    Target 'ExpoSplashScreen' in project 'Pods'
        ➜ Explicit dependency on target 'ExpoModulesCore' in project 'Pods'
    Target 'ExpoSpeech' in project 'Pods'
        ➜ Explicit dependency on target 'ExpoModulesCore' in project 'Pods'
    Target 'ExpoLinking' in project 'Pods'
        ➜ Explicit dependency on target 'ExpoModulesCore' in project 'Pods'
    Target 'ExpoLinearGradient' in project 'Pods'
        ➜ Explicit dependency on target 'ExpoModulesCore' in project 'Pods'
    Target 'ExpoKeepAwake' in project 'Pods'
        ➜ Explicit dependency on target 'ExpoModulesCore' in project 'Pods'
    Target 'ExpoImage' in project 'Pods'
        ➜ Explicit dependency on target 'ExpoModulesCore' in project 'Pods'
        ➜ Explicit dependency on target 'SDWebImage' in project 'Pods'
        ➜ Explicit dependency on target 'SDWebImageAVIFCoder' in project 'Pods'
        ➜ Explicit dependency on target 'SDWebImageSVGCoder' in project 'Pods'
        ➜ Explicit dependency on target 'SDWebImageWebPCoder' in project 'Pods'
        ➜ Explicit dependency on target 'libavif' in project 'Pods'
    Target 'SDWebImageWebPCoder' in project 'Pods'
        ➜ Explicit dependency on target 'SDWebImage' in project 'Pods'
        ➜ Explicit dependency on target 'libwebp' in project 'Pods'
    Target 'libwebp' in project 'Pods' (no dependencies)
    Target 'SDWebImageSVGCoder' in project 'Pods'
        ➜ Explicit dependency on target 'SDWebImage' in project 'Pods'
    Target 'SDWebImageAVIFCoder' in project 'Pods'
        ➜ Explicit dependency on target 'SDWebImage' in project 'Pods'
        ➜ Explicit dependency on target 'libavif' in project 'Pods'
    Target 'libavif' in project 'Pods'
        ➜ Explicit dependency on target 'libdav1d' in project 'Pods'
    Target 'libdav1d' in project 'Pods' (no dependencies)
    Target 'SDWebImage' in project 'Pods'
        ➜ Explicit dependency on target 'SDWebImage-SDWebImage' in project 'Pods'
    Target 'SDWebImage-SDWebImage' in project 'Pods' (no dependencies)
    Target 'ExpoHead' in project 'Pods'
        ➜ Explicit dependency on target 'ExpoModulesCore' in project 'Pods'
        ➜ Explicit dependency on target 'RNScreens' in project 'Pods'
    Target 'RNScreens' in project 'Pods'
        ➜ Explicit dependency on target 'RCTRequired' in project 'Pods'
        ➜ Explicit dependency on target 'RCTTypeSafety' in project 'Pods'
        ➜ Explicit dependency on target 'React-Core' in project 'Pods'
        ➜ Explicit dependency on target 'React-Core-prebuilt' in project 'Pods'
        ➜ Explicit dependency on target 'React-Fabric' in project 'Pods'
        ➜ Explicit dependency on target 'React-ImageManager' in project 'Pods'
        ➜ Explicit dependency on target 'React-NativeModulesApple' in project 'Pods'
        ➜ Explicit dependency on target 'React-RCTFabric' in project 'Pods'
        ➜ Explicit dependency on target 'React-RCTImage' in project 'Pods'
        ➜ Explicit dependency on target 'React-debug' in project 'Pods'
        ➜ Explicit dependency on target 'React-featureflags' in project 'Pods'
        ➜ Explicit dependency on target 'React-graphics' in project 'Pods'
        ➜ Explicit dependency on target 'React-jsi' in project 'Pods'
        ➜ Explicit dependency on target 'React-renderercss' in project 'Pods'
        ➜ Explicit dependency on target 'React-rendererdebug' in project 'Pods'
        ➜ Explicit dependency on target 'React-utils' in project 'Pods'
        ➜ Explicit dependency on target 'ReactCodegen' in project 'Pods'
        ➜ Explicit dependency on target 'ReactCommon' in project 'Pods'
        ➜ Explicit dependency on target 'ReactNativeDependencies' in project 'Pods'
        ➜ Explicit dependency on target 'Yoga' in project 'Pods'
        ➜ Explicit dependency on target 'hermes-engine' in project 'Pods'
    Target 'ExpoHaptics' in project 'Pods'
        ➜ Explicit dependency on target 'ExpoModulesCore' in project 'Pods'
    Target 'ExpoGlassEffect' in project 'Pods'
        ➜ Explicit dependency on target 'ExpoModulesCore' in project 'Pods'
    Target 'ExpoGL' in project 'Pods'
        ➜ Explicit dependency on target 'ExpoModulesCore' in project 'Pods'
        ➜ Explicit dependency on target 'ReactCommon' in project 'Pods'
    Target 'ExpoFont' in project 'Pods'
        ➜ Explicit dependency on target 'ExpoModulesCore' in project 'Pods'
    Target 'ExpoFileSystem' in project 'Pods'
        ➜ Explicit dependency on target 'ExpoFileSystem-ExpoFileSystem_privacy' in project 'Pods'
        ➜ Explicit dependency on target 'ExpoModulesCore' in project 'Pods'
    Target 'ExpoFileSystem-ExpoFileSystem_privacy' in project 'Pods' (no dependencies)
    Target 'ExpoDevice' in project 'Pods'
        ➜ Explicit dependency on target 'ExpoDevice-ExpoDevice_privacy' in project 'Pods'
        ➜ Explicit dependency on target 'ExpoModulesCore' in project 'Pods'
    Target 'ExpoDevice-ExpoDevice_privacy' in project 'Pods' (no dependencies)
    Target 'ExpoCrypto' in project 'Pods'
        ➜ Explicit dependency on target 'ExpoModulesCore' in project 'Pods'
    Target 'ExpoBlur' in project 'Pods'
        ➜ Explicit dependency on target 'ExpoModulesCore' in project 'Pods'
    Target 'ExpoAsset' in project 'Pods'
        ➜ Explicit dependency on target 'ExpoModulesCore' in project 'Pods'
    Target 'Expo' in project 'Pods'
        ➜ Explicit dependency on target 'ExpoModulesCore' in project 'Pods'
        ➜ Explicit dependency on target 'RCTRequired' in project 'Pods'
        ➜ Explicit dependency on target 'RCTTypeSafety' in project 'Pods'
        ➜ Explicit dependency on target 'React-Core' in project 'Pods'
        ➜ Explicit dependency on target 'React-Core-prebuilt' in project 'Pods'
        ➜ Explicit dependency on target 'React-Fabric' in project 'Pods'
        ➜ Explicit dependency on target 'React-ImageManager' in project 'Pods'
        ➜ Explicit dependency on target 'React-NativeModulesApple' in project 'Pods'
        ➜ Explicit dependency on target 'React-RCTAppDelegate' in project 'Pods'
        ➜ Explicit dependency on target 'React-RCTFabric' in project 'Pods'
        ➜ Explicit dependency on target 'React-debug' in project 'Pods'
        ➜ Explicit dependency on target 'React-featureflags' in project 'Pods'
        ➜ Explicit dependency on target 'React-graphics' in project 'Pods'
        ➜ Explicit dependency on target 'React-jsi' in project 'Pods'
        ➜ Explicit dependency on target 'React-renderercss' in project 'Pods'
        ➜ Explicit dependency on target 'React-rendererdebug' in project 'Pods'
        ➜ Explicit dependency on target 'React-utils' in project 'Pods'
        ➜ Explicit dependency on target 'ReactAppDependencyProvider' in project 'Pods'
        ➜ Explicit dependency on target 'ReactCodegen' in project 'Pods'
        ➜ Explicit dependency on target 'ReactCommon' in project 'Pods'
        ➜ Explicit dependency on target 'ReactNativeDependencies' in project 'Pods'
        ➜ Explicit dependency on target 'Yoga' in project 'Pods'
        ➜ Explicit dependency on target 'hermes-engine' in project 'Pods'
    Target 'ReactAppDependencyProvider' in project 'Pods'
        ➜ Explicit dependency on target 'ReactCodegen' in project 'Pods'
    Target 'EXUpdatesInterface' in project 'Pods'
        ➜ Explicit dependency on target 'ExpoModulesCore' in project 'Pods'
    Target 'EXNotifications' in project 'Pods'
        ➜ Explicit dependency on target 'EXNotifications-ExpoNotifications_privacy' in project 'Pods'
        ➜ Explicit dependency on target 'ExpoModulesCore' in project 'Pods'
    Target 'EXNotifications-ExpoNotifications_privacy' in project 'Pods' (no dependencies)
    Target 'EXManifests' in project 'Pods'
        ➜ Explicit dependency on target 'ExpoModulesCore' in project 'Pods'
    Target 'EXJSONUtils' in project 'Pods' (no dependencies)
    Target 'EXFirebaseAnalytics' in project 'Pods'
        ➜ Explicit dependency on target 'EXFirebaseCore' in project 'Pods'
        ➜ Explicit dependency on target 'ExpoModulesCore' in project 'Pods'
        ➜ Explicit dependency on target 'Firebase' in project 'Pods'
    Target 'EXFirebaseCore' in project 'Pods'
        ➜ Explicit dependency on target 'ExpoModulesCore' in project 'Pods'
        ➜ Explicit dependency on target 'Firebase' in project 'Pods'
    Target 'Firebase' in project 'Pods'
        ➜ Explicit dependency on target 'FirebaseAnalytics' in project 'Pods'
        ➜ Explicit dependency on target 'FirebaseCore' in project 'Pods'
    Target 'FirebaseAnalytics' in project 'Pods'
        ➜ Explicit dependency on target 'FirebaseCore' in project 'Pods'
        ➜ Explicit dependency on target 'FirebaseInstallations' in project 'Pods'
        ➜ Explicit dependency on target 'GoogleAppMeasurement' in project 'Pods'
        ➜ Explicit dependency on target 'GoogleUtilities' in project 'Pods'
        ➜ Explicit dependency on target 'nanopb' in project 'Pods'
    Target 'GoogleAppMeasurement' in project 'Pods'
        ➜ Explicit dependency on target 'GoogleUtilities' in project 'Pods'
        ➜ Explicit dependency on target 'nanopb' in project 'Pods'
    Target 'FirebaseInstallations' in project 'Pods'
        ➜ Explicit dependency on target 'FirebaseCore' in project 'Pods'
        ➜ Explicit dependency on target 'GoogleUtilities' in project 'Pods'
        ➜ Explicit dependency on target 'PromisesObjC' in project 'Pods'
    Target 'FirebaseCore' in project 'Pods'
        ➜ Explicit dependency on target 'FirebaseCoreDiagnostics' in project 'Pods'
        ➜ Explicit dependency on target 'FirebaseCoreInternal' in project 'Pods'
        ➜ Explicit dependency on target 'GoogleUtilities' in project 'Pods'
    Target 'FirebaseCoreInternal' in project 'Pods'
        ➜ Explicit dependency on target 'GoogleUtilities' in project 'Pods'
    Target 'FirebaseCoreDiagnostics' in project 'Pods'
        ➜ Explicit dependency on target 'GoogleDataTransport' in project 'Pods'
        ➜ Explicit dependency on target 'GoogleUtilities' in project 'Pods'
        ➜ Explicit dependency on target 'nanopb' in project 'Pods'
    Target 'GoogleDataTransport' in project 'Pods'
        ➜ Explicit dependency on target 'GoogleDataTransport-GoogleDataTransport_Privacy' in project 'Pods'
        ➜ Explicit dependency on target 'GoogleUtilities' in project 'Pods'
        ➜ Explicit dependency on target 'PromisesObjC' in project 'Pods'
        ➜ Explicit dependency on target 'nanopb' in project 'Pods'
    Target 'nanopb' in project 'Pods' (no dependencies)
    Target 'GoogleUtilities' in project 'Pods'
        ➜ Explicit dependency on target 'GoogleUtilities-GoogleUtilities_Privacy' in project 'Pods'
        ➜ Explicit dependency on target 'PromisesObjC' in project 'Pods'
    Target 'PromisesObjC' in project 'Pods'
        ➜ Explicit dependency on target 'PromisesObjC-FBLPromises_Privacy' in project 'Pods'
    Target 'PromisesObjC-FBLPromises_Privacy' in project 'Pods' (no dependencies)
    Target 'GoogleUtilities-GoogleUtilities_Privacy' in project 'Pods' (no dependencies)
    Target 'GoogleDataTransport-GoogleDataTransport_Privacy' in project 'Pods' (no dependencies)
    Target 'EXConstants' in project 'Pods'
        ➜ Explicit dependency on target 'EXConstants-EXConstants' in project 'Pods'
        ➜ Explicit dependency on target 'EXConstants-ExpoConstants_privacy' in project 'Pods'
        ➜ Explicit dependency on target 'ExpoModulesCore' in project 'Pods'
    Target 'EXConstants-ExpoConstants_privacy' in project 'Pods' (no dependencies)
    Target 'EXConstants-EXConstants' in project 'Pods' (no dependencies)
    Target 'EXApplication' in project 'Pods'
        ➜ Explicit dependency on target 'EXApplication-ExpoApplication_privacy' in project 'Pods'
        ➜ Explicit dependency on target 'ExpoModulesCore' in project 'Pods'
    Target 'EXApplication-ExpoApplication_privacy' in project 'Pods' (no dependencies)
    Target 'EXAV' in project 'Pods'
        ➜ Explicit dependency on target 'ExpoModulesCore' in project 'Pods'
        ➜ Explicit dependency on target 'ReactCommon' in project 'Pods'
    Target 'ExpoModulesCore' in project 'Pods'
        ➜ Explicit dependency on target 'RCTRequired' in project 'Pods'
        ➜ Explicit dependency on target 'RCTTypeSafety' in project 'Pods'
        ➜ Explicit dependency on target 'React-Core' in project 'Pods'
        ➜ Explicit dependency on target 'React-Core-prebuilt' in project 'Pods'
        ➜ Explicit dependency on target 'React-Fabric' in project 'Pods'
        ➜ Explicit dependency on target 'React-ImageManager' in project 'Pods'
        ➜ Explicit dependency on target 'React-NativeModulesApple' in project 'Pods'
        ➜ Explicit dependency on target 'React-RCTFabric' in project 'Pods'
        ➜ Explicit dependency on target 'React-debug' in project 'Pods'
        ➜ Explicit dependency on target 'React-featureflags' in project 'Pods'
        ➜ Explicit dependency on target 'React-graphics' in project 'Pods'
        ➜ Explicit dependency on target 'React-jsi' in project 'Pods'
        ➜ Explicit dependency on target 'React-jsinspector' in project 'Pods'
        ➜ Explicit dependency on target 'React-renderercss' in project 'Pods'
        ➜ Explicit dependency on target 'React-rendererdebug' in project 'Pods'
        ➜ Explicit dependency on target 'React-utils' in project 'Pods'
        ➜ Explicit dependency on target 'ReactCodegen' in project 'Pods'
        ➜ Explicit dependency on target 'ReactCommon' in project 'Pods'
        ➜ Explicit dependency on target 'ReactNativeDependencies' in project 'Pods'
        ➜ Explicit dependency on target 'Yoga' in project 'Pods'
        ➜ Explicit dependency on target 'hermes-engine' in project 'Pods'
    Target 'ReactCodegen' in project 'Pods'
        ➜ Explicit dependency on target 'RCTRequired' in project 'Pods'
        ➜ Explicit dependency on target 'RCTTypeSafety' in project 'Pods'
        ➜ Explicit dependency on target 'React-Core' in project 'Pods'
        ➜ Explicit dependency on target 'React-Core-prebuilt' in project 'Pods'
        ➜ Explicit dependency on target 'React-Fabric' in project 'Pods'
        ➜ Explicit dependency on target 'React-FabricImage' in project 'Pods'
        ➜ Explicit dependency on target 'React-NativeModulesApple' in project 'Pods'
        ➜ Explicit dependency on target 'React-RCTAppDelegate' in project 'Pods'
        ➜ Explicit dependency on target 'React-debug' in project 'Pods'
        ➜ Explicit dependency on target 'React-featureflags' in project 'Pods'
        ➜ Explicit dependency on target 'React-graphics' in project 'Pods'
        ➜ Explicit dependency on target 'React-jsi' in project 'Pods'
        ➜ Explicit dependency on target 'React-jsiexecutor' in project 'Pods'
        ➜ Explicit dependency on target 'React-rendererdebug' in project 'Pods'
        ➜ Explicit dependency on target 'React-utils' in project 'Pods'
        ➜ Explicit dependency on target 'ReactCommon' in project 'Pods'
        ➜ Explicit dependency on target 'ReactNativeDependencies' in project 'Pods'
        ➜ Explicit dependency on target 'hermes-engine' in project 'Pods'
    Target 'React-RCTAppDelegate' in project 'Pods'
        ➜ Explicit dependency on target 'hermes-engine' in project 'Pods'
        ➜ Explicit dependency on target 'RCTRequired' in project 'Pods'
        ➜ Explicit dependency on target 'RCTTypeSafety' in project 'Pods'
        ➜ Explicit dependency on target 'React-Core' in project 'Pods'
        ➜ Explicit dependency on target 'React-Core-prebuilt' in project 'Pods'
        ➜ Explicit dependency on target 'React-CoreModules' in project 'Pods'
        ➜ Explicit dependency on target 'React-debug' in project 'Pods'
        ➜ Explicit dependency on target 'React-defaultsnativemodule' in project 'Pods'
        ➜ Explicit dependency on target 'React-Fabric' in project 'Pods'
        ➜ Explicit dependency on target 'React-featureflags' in project 'Pods'
        ➜ Explicit dependency on target 'React-graphics' in project 'Pods'
        ➜ Explicit dependency on target 'React-hermes' in project 'Pods'
        ➜ Explicit dependency on target 'React-jsitooling' in project 'Pods'
        ➜ Explicit dependency on target 'React-NativeModulesApple' in project 'Pods'
        ➜ Explicit dependency on target 'React-RCTFabric' in project 'Pods'
        ➜ Explicit dependency on target 'React-RCTFBReactNativeSpec' in project 'Pods'
        ➜ Explicit dependency on target 'React-RCTImage' in project 'Pods'
        ➜ Explicit dependency on target 'React-RCTNetwork' in project 'Pods'
        ➜ Explicit dependency on target 'React-RCTRuntime' in project 'Pods'
        ➜ Explicit dependency on target 'React-rendererdebug' in project 'Pods'
        ➜ Explicit dependency on target 'React-RuntimeApple' in project 'Pods'
        ➜ Explicit dependency on target 'React-RuntimeCore' in project 'Pods'
        ➜ Explicit dependency on target 'React-runtimeexecutor' in project 'Pods'
        ➜ Explicit dependency on target 'React-runtimescheduler' in project 'Pods'
        ➜ Explicit dependency on target 'React-utils' in project 'Pods'
        ➜ Explicit dependency on target 'ReactCommon' in project 'Pods'
        ➜ Explicit dependency on target 'ReactNativeDependencies' in project 'Pods'
    Target 'React-RCTRuntime' in project 'Pods'
        ➜ Explicit dependency on target 'hermes-engine' in project 'Pods'
        ➜ Explicit dependency on target 'React-Core' in project 'Pods'
        ➜ Explicit dependency on target 'React-Core-prebuilt' in project 'Pods'
        ➜ Explicit dependency on target 'React-jsi' in project 'Pods'
        ➜ Explicit dependency on target 'React-jsinspector' in project 'Pods'
        ➜ Explicit dependency on target 'React-jsinspectorcdp' in project 'Pods'
        ➜ Explicit dependency on target 'React-jsinspectortracing' in project 'Pods'
        ➜ Explicit dependency on target 'React-jsitooling' in project 'Pods'
        ➜ Explicit dependency on target 'React-RuntimeApple' in project 'Pods'
        ➜ Explicit dependency on target 'React-RuntimeCore' in project 'Pods'
        ➜ Explicit dependency on target 'React-runtimeexecutor' in project 'Pods'
        ➜ Explicit dependency on target 'React-RuntimeHermes' in project 'Pods'
        ➜ Explicit dependency on target 'ReactNativeDependencies' in project 'Pods'
    Target 'React-RuntimeApple' in project 'Pods'
        ➜ Explicit dependency on target 'hermes-engine' in project 'Pods'
        ➜ Explicit dependency on target 'React-callinvoker' in project 'Pods'
        ➜ Explicit dependency on target 'React-Core' in project 'Pods'
        ➜ Explicit dependency on target 'React-Core-prebuilt' in project 'Pods'
        ➜ Explicit dependency on target 'React-CoreModules' in project 'Pods'
        ➜ Explicit dependency on target 'React-cxxreact' in project 'Pods'
        ➜ Explicit dependency on target 'React-featureflags' in project 'Pods'
        ➜ Explicit dependency on target 'React-jserrorhandler' in project 'Pods'
        ➜ Explicit dependency on target 'React-jsi' in project 'Pods'
        ➜ Explicit dependency on target 'React-jsiexecutor' in project 'Pods'
        ➜ Explicit dependency on target 'React-jsinspector' in project 'Pods'
        ➜ Explicit dependency on target 'React-jsitooling' in project 'Pods'
        ➜ Explicit dependency on target 'React-Mapbuffer' in project 'Pods'
        ➜ Explicit dependency on target 'React-NativeModulesApple' in project 'Pods'
        ➜ Explicit dependency on target 'React-RCTFabric' in project 'Pods'
        ➜ Explicit dependency on target 'React-RCTFBReactNativeSpec' in project 'Pods'
        ➜ Explicit dependency on target 'React-RuntimeCore' in project 'Pods'
        ➜ Explicit dependency on target 'React-runtimeexecutor' in project 'Pods'
        ➜ Explicit dependency on target 'React-RuntimeHermes' in project 'Pods'
        ➜ Explicit dependency on target 'React-runtimescheduler' in project 'Pods'
        ➜ Explicit dependency on target 'React-utils' in project 'Pods'
        ➜ Explicit dependency on target 'ReactNativeDependencies' in project 'Pods'
    Target 'React-RuntimeHermes' in project 'Pods'
        ➜ Explicit dependency on target 'hermes-engine' in project 'Pods'
        ➜ Explicit dependency on target 'React-Core-prebuilt' in project 'Pods'
        ➜ Explicit dependency on target 'React-featureflags' in project 'Pods'
        ➜ Explicit dependency on target 'React-hermes' in project 'Pods'
        ➜ Explicit dependency on target 'React-jsi' in project 'Pods'
        ➜ Explicit dependency on target 'React-jsinspector' in project 'Pods'
        ➜ Explicit dependency on target 'React-jsinspectorcdp' in project 'Pods'
        ➜ Explicit dependency on target 'React-jsinspectortracing' in project 'Pods'
        ➜ Explicit dependency on target 'React-jsitooling' in project 'Pods'
        ➜ Explicit dependency on target 'React-jsitracing' in project 'Pods'
        ➜ Explicit dependency on target 'React-RuntimeCore' in project 'Pods'
        ➜ Explicit dependency on target 'React-runtimeexecutor' in project 'Pods'
        ➜ Explicit dependency on target 'React-utils' in project 'Pods'
        ➜ Explicit dependency on target 'ReactNativeDependencies' in project 'Pods'
    Target 'React-jsitracing' in project 'Pods'
        ➜ Explicit dependency on target 'React-jsi' in project 'Pods'
    Target 'React-RuntimeCore' in project 'Pods'
        ➜ Explicit dependency on target 'hermes-engine' in project 'Pods'
        ➜ Explicit dependency on target 'React-Core-prebuilt' in project 'Pods'
        ➜ Explicit dependency on target 'React-cxxreact' in project 'Pods'
        ➜ Explicit dependency on target 'React-Fabric' in project 'Pods'
        ➜ Explicit dependency on target 'React-featureflags' in project 'Pods'
        ➜ Explicit dependency on target 'React-jserrorhandler' in project 'Pods'
        ➜ Explicit dependency on target 'React-jsi' in project 'Pods'
        ➜ Explicit dependency on target 'React-jsiexecutor' in project 'Pods'
        ➜ Explicit dependency on target 'React-jsinspector' in project 'Pods'
        ➜ Explicit dependency on target 'React-jsitooling' in project 'Pods'
        ➜ Explicit dependency on target 'React-performancetimeline' in project 'Pods'
        ➜ Explicit dependency on target 'React-runtimeexecutor' in project 'Pods'
        ➜ Explicit dependency on target 'React-runtimescheduler' in project 'Pods'
        ➜ Explicit dependency on target 'React-utils' in project 'Pods'
        ➜ Explicit dependency on target 'ReactNativeDependencies' in project 'Pods'
    Target 'React-Mapbuffer' in project 'Pods'
        ➜ Explicit dependency on target 'React-Core-prebuilt' in project 'Pods'
        ➜ Explicit dependency on target 'React-debug' in project 'Pods'
        ➜ Explicit dependency on target 'ReactNativeDependencies' in project 'Pods'
    Target 'React-jserrorhandler' in project 'Pods'
        ➜ Explicit dependency on target 'hermes-engine' in project 'Pods'
        ➜ Explicit dependency on target 'React-Core-prebuilt' in project 'Pods'
        ➜ Explicit dependency on target 'React-cxxreact' in project 'Pods'
        ➜ Explicit dependency on target 'React-debug' in project 'Pods'
        ➜ Explicit dependency on target 'React-featureflags' in project 'Pods'
        ➜ Explicit dependency on target 'React-jsi' in project 'Pods'
        ➜ Explicit dependency on target 'ReactCommon' in project 'Pods'
        ➜ Explicit dependency on target 'ReactNativeDependencies' in project 'Pods'
    Target 'React-defaultsnativemodule' in project 'Pods'
        ➜ Explicit dependency on target 'hermes-engine' in project 'Pods'
        ➜ Explicit dependency on target 'React-Core-prebuilt' in project 'Pods'
        ➜ Explicit dependency on target 'React-domnativemodule' in project 'Pods'
        ➜ Explicit dependency on target 'React-featureflagsnativemodule' in project 'Pods'
        ➜ Explicit dependency on target 'React-idlecallbacksnativemodule' in project 'Pods'
        ➜ Explicit dependency on target 'React-jsi' in project 'Pods'
        ➜ Explicit dependency on target 'React-jsiexecutor' in project 'Pods'
        ➜ Explicit dependency on target 'React-microtasksnativemodule' in project 'Pods'
        ➜ Explicit dependency on target 'React-RCTFBReactNativeSpec' in project 'Pods'
        ➜ Explicit dependency on target 'ReactNativeDependencies' in project 'Pods'
    Target 'React-microtasksnativemodule' in project 'Pods'
        ➜ Explicit dependency on target 'hermes-engine' in project 'Pods'
        ➜ Explicit dependency on target 'React-Core-prebuilt' in project 'Pods'
        ➜ Explicit dependency on target 'React-jsi' in project 'Pods'
        ➜ Explicit dependency on target 'React-jsiexecutor' in project 'Pods'
        ➜ Explicit dependency on target 'React-RCTFBReactNativeSpec' in project 'Pods'
        ➜ Explicit dependency on target 'ReactCommon' in project 'Pods'
        ➜ Explicit dependency on target 'ReactNativeDependencies' in project 'Pods'
    Target 'React-idlecallbacksnativemodule' in project 'Pods'
        ➜ Explicit dependency on target 'hermes-engine' in project 'Pods'
        ➜ Explicit dependency on target 'React-Core-prebuilt' in project 'Pods'
        ➜ Explicit dependency on target 'React-jsi' in project 'Pods'
        ➜ Explicit dependency on target 'React-jsiexecutor' in project 'Pods'
        ➜ Explicit dependency on target 'React-RCTFBReactNativeSpec' in project 'Pods'
        ➜ Explicit dependency on target 'React-runtimeexecutor' in project 'Pods'
        ➜ Explicit dependency on target 'React-runtimescheduler' in project 'Pods'
        ➜ Explicit dependency on target 'ReactCommon' in project 'Pods'
        ➜ Explicit dependency on target 'ReactNativeDependencies' in project 'Pods'
    Target 'React-featureflagsnativemodule' in project 'Pods'
        ➜ Explicit dependency on target 'hermes-engine' in project 'Pods'
        ➜ Explicit dependency on target 'React-Core-prebuilt' in project 'Pods'
        ➜ Explicit dependency on target 'React-featureflags' in project 'Pods'
        ➜ Explicit dependency on target 'React-jsi' in project 'Pods'
        ➜ Explicit dependency on target 'React-jsiexecutor' in project 'Pods'
        ➜ Explicit dependency on target 'React-RCTFBReactNativeSpec' in project 'Pods'
        ➜ Explicit dependency on target 'ReactCommon' in project 'Pods'
        ➜ Explicit dependency on target 'ReactNativeDependencies' in project 'Pods'
    Target 'React-domnativemodule' in project 'Pods'
        ➜ Explicit dependency on target 'hermes-engine' in project 'Pods'
        ➜ Explicit dependency on target 'React-Core-prebuilt' in project 'Pods'
        ➜ Explicit dependency on target 'React-Fabric' in project 'Pods'
        ➜ Explicit dependency on target 'React-FabricComponents' in project 'Pods'
        ➜ Explicit dependency on target 'React-graphics' in project 'Pods'
        ➜ Explicit dependency on target 'React-jsi' in project 'Pods'
        ➜ Explicit dependency on target 'React-jsiexecutor' in project 'Pods'
        ➜ Explicit dependency on target 'React-RCTFBReactNativeSpec' in project 'Pods'
        ➜ Explicit dependency on target 'React-runtimeexecutor' in project 'Pods'
        ➜ Explicit dependency on target 'ReactCommon' in project 'Pods'
        ➜ Explicit dependency on target 'ReactNativeDependencies' in project 'Pods'
        ➜ Explicit dependency on target 'Yoga' in project 'Pods'
    Target 'React-CoreModules' in project 'Pods'
        ➜ Explicit dependency on target 'RCTTypeSafety' in project 'Pods'
        ➜ Explicit dependency on target 'React-Core' in project 'Pods'
        ➜ Explicit dependency on target 'React-Core-prebuilt' in project 'Pods'
        ➜ Explicit dependency on target 'React-jsi' in project 'Pods'
        ➜ Explicit dependency on target 'React-jsinspector' in project 'Pods'
        ➜ Explicit dependency on target 'React-jsinspectorcdp' in project 'Pods'
        ➜ Explicit dependency on target 'React-jsinspectortracing' in project 'Pods'
        ➜ Explicit dependency on target 'React-NativeModulesApple' in project 'Pods'
        ➜ Explicit dependency on target 'React-RCTBlob' in project 'Pods'
        ➜ Explicit dependency on target 'React-RCTFBReactNativeSpec' in project 'Pods'
        ➜ Explicit dependency on target 'React-RCTImage' in project 'Pods'
        ➜ Explicit dependency on target 'React-runtimeexecutor' in project 'Pods'
        ➜ Explicit dependency on target 'ReactCommon' in project 'Pods'
        ➜ Explicit dependency on target 'ReactNativeDependencies' in project 'Pods'
    Target 'React-RCTBlob' in project 'Pods'
        ➜ Explicit dependency on target 'hermes-engine' in project 'Pods'
        ➜ Explicit dependency on target 'React-Core' in project 'Pods'
        ➜ Explicit dependency on target 'React-Core-prebuilt' in project 'Pods'
        ➜ Explicit dependency on target 'React-jsi' in project 'Pods'
        ➜ Explicit dependency on target 'React-jsinspector' in project 'Pods'
        ➜ Explicit dependency on target 'React-jsinspectorcdp' in project 'Pods'
        ➜ Explicit dependency on target 'React-NativeModulesApple' in project 'Pods'
        ➜ Explicit dependency on target 'React-RCTFBReactNativeSpec' in project 'Pods'
        ➜ Explicit dependency on target 'React-RCTNetwork' in project 'Pods'
        ➜ Explicit dependency on target 'ReactCommon' in project 'Pods'
        ➜ Explicit dependency on target 'ReactNativeDependencies' in project 'Pods'
    Target 'React-RCTFabric' in project 'Pods'
        ➜ Explicit dependency on target 'hermes-engine' in project 'Pods'
        ➜ Explicit dependency on target 'React-Core' in project 'Pods'
        ➜ Explicit dependency on target 'React-Core-prebuilt' in project 'Pods'
        ➜ Explicit dependency on target 'React-debug' in project 'Pods'
        ➜ Explicit dependency on target 'React-Fabric' in project 'Pods'
        ➜ Explicit dependency on target 'React-FabricComponents' in project 'Pods'
        ➜ Explicit dependency on target 'React-FabricImage' in project 'Pods'
        ➜ Explicit dependency on target 'React-featureflags' in project 'Pods'
        ➜ Explicit dependency on target 'React-graphics' in project 'Pods'
        ➜ Explicit dependency on target 'React-ImageManager' in project 'Pods'
        ➜ Explicit dependency on target 'React-jsi' in project 'Pods'
        ➜ Explicit dependency on target 'React-jsinspector' in project 'Pods'
        ➜ Explicit dependency on target 'React-jsinspectorcdp' in project 'Pods'
        ➜ Explicit dependency on target 'React-jsinspectornetwork' in project 'Pods'
        ➜ Explicit dependency on target 'React-jsinspectortracing' in project 'Pods'
        ➜ Explicit dependency on target 'React-performancetimeline' in project 'Pods'
        ➜ Explicit dependency on target 'React-RCTAnimation' in project 'Pods'
        ➜ Explicit dependency on target 'React-RCTFBReactNativeSpec' in project 'Pods'
        ➜ Explicit dependency on target 'React-RCTImage' in project 'Pods'
        ➜ Explicit dependency on target 'React-RCTText' in project 'Pods'
        ➜ Explicit dependency on target 'React-rendererconsistency' in project 'Pods'
        ➜ Explicit dependency on target 'React-renderercss' in project 'Pods'
        ➜ Explicit dependency on target 'React-rendererdebug' in project 'Pods'
        ➜ Explicit dependency on target 'React-runtimeexecutor' in project 'Pods'
        ➜ Explicit dependency on target 'React-runtimescheduler' in project 'Pods'
        ➜ Explicit dependency on target 'React-utils' in project 'Pods'
        ➜ Explicit dependency on target 'ReactNativeDependencies' in project 'Pods'
        ➜ Explicit dependency on target 'Yoga' in project 'Pods'
    Target 'React-RCTText' in project 'Pods'
        ➜ Explicit dependency on target 'React-Core' in project 'Pods'
        ➜ Explicit dependency on target 'Yoga' in project 'Pods'
    Target 'React-RCTImage' in project 'Pods'
        ➜ Explicit dependency on target 'RCTTypeSafety' in project 'Pods'
        ➜ Explicit dependency on target 'React-Core' in project 'Pods'
        ➜ Explicit dependency on target 'React-Core-prebuilt' in project 'Pods'
        ➜ Explicit dependency on target 'React-jsi' in project 'Pods'
        ➜ Explicit dependency on target 'React-NativeModulesApple' in project 'Pods'
        ➜ Explicit dependency on target 'React-RCTFBReactNativeSpec' in project 'Pods'
        ➜ Explicit dependency on target 'React-RCTNetwork' in project 'Pods'
        ➜ Explicit dependency on target 'ReactCommon' in project 'Pods'
        ➜ Explicit dependency on target 'ReactNativeDependencies' in project 'Pods'
    Target 'React-RCTNetwork' in project 'Pods'
        ➜ Explicit dependency on target 'RCTTypeSafety' in project 'Pods'
        ➜ Explicit dependency on target 'React-Core' in project 'Pods'
        ➜ Explicit dependency on target 'React-Core-prebuilt' in project 'Pods'
        ➜ Explicit dependency on target 'React-featureflags' in project 'Pods'
        ➜ Explicit dependency on target 'React-jsi' in project 'Pods'
        ➜ Explicit dependency on target 'React-jsinspectorcdp' in project 'Pods'
        ➜ Explicit dependency on target 'React-jsinspectornetwork' in project 'Pods'
        ➜ Explicit dependency on target 'React-NativeModulesApple' in project 'Pods'
        ➜ Explicit dependency on target 'React-RCTFBReactNativeSpec' in project 'Pods'
        ➜ Explicit dependency on target 'ReactCommon' in project 'Pods'
        ➜ Explicit dependency on target 'ReactNativeDependencies' in project 'Pods'
    Target 'React-RCTAnimation' in project 'Pods'
        ➜ Explicit dependency on target 'RCTTypeSafety' in project 'Pods'
        ➜ Explicit dependency on target 'React-Core' in project 'Pods'
        ➜ Explicit dependency on target 'React-Core-prebuilt' in project 'Pods'
        ➜ Explicit dependency on target 'React-featureflags' in project 'Pods'
        ➜ Explicit dependency on target 'React-jsi' in project 'Pods'
        ➜ Explicit dependency on target 'React-NativeModulesApple' in project 'Pods'
        ➜ Explicit dependency on target 'React-RCTFBReactNativeSpec' in project 'Pods'
        ➜ Explicit dependency on target 'ReactCommon' in project 'Pods'
        ➜ Explicit dependency on target 'ReactNativeDependencies' in project 'Pods'
    Target 'React-FabricImage' in project 'Pods'
        ➜ Explicit dependency on target 'hermes-engine' in project 'Pods'
        ➜ Explicit dependency on target 'RCTRequired' in project 'Pods'
        ➜ Explicit dependency on target 'RCTTypeSafety' in project 'Pods'
        ➜ Explicit dependency on target 'React-Core-prebuilt' in project 'Pods'
        ➜ Explicit dependency on target 'React-Fabric' in project 'Pods'
        ➜ Explicit dependency on target 'React-featureflags' in project 'Pods'
        ➜ Explicit dependency on target 'React-graphics' in project 'Pods'
        ➜ Explicit dependency on target 'React-ImageManager' in project 'Pods'
        ➜ Explicit dependency on target 'React-jsi' in project 'Pods'
        ➜ Explicit dependency on target 'React-jsiexecutor' in project 'Pods'
        ➜ Explicit dependency on target 'React-logger' in project 'Pods'
        ➜ Explicit dependency on target 'React-rendererdebug' in project 'Pods'
        ➜ Explicit dependency on target 'React-utils' in project 'Pods'
        ➜ Explicit dependency on target 'ReactCommon' in project 'Pods'
        ➜ Explicit dependency on target 'ReactNativeDependencies' in project 'Pods'
        ➜ Explicit dependency on target 'Yoga' in project 'Pods'
    Target 'React-FabricComponents' in project 'Pods'
        ➜ Explicit dependency on target 'hermes-engine' in project 'Pods'
        ➜ Explicit dependency on target 'RCTRequired' in project 'Pods'
        ➜ Explicit dependency on target 'RCTTypeSafety' in project 'Pods'
        ➜ Explicit dependency on target 'React-Core' in project 'Pods'
        ➜ Explicit dependency on target 'React-Core-prebuilt' in project 'Pods'
        ➜ Explicit dependency on target 'React-cxxreact' in project 'Pods'
        ➜ Explicit dependency on target 'React-debug' in project 'Pods'
        ➜ Explicit dependency on target 'React-Fabric' in project 'Pods'
        ➜ Explicit dependency on target 'React-featureflags' in project 'Pods'
        ➜ Explicit dependency on target 'React-graphics' in project 'Pods'
        ➜ Explicit dependency on target 'React-jsi' in project 'Pods'
        ➜ Explicit dependency on target 'React-jsiexecutor' in project 'Pods'
        ➜ Explicit dependency on target 'React-logger' in project 'Pods'
        ➜ Explicit dependency on target 'React-RCTFBReactNativeSpec' in project 'Pods'
        ➜ Explicit dependency on target 'React-rendererdebug' in project 'Pods'
        ➜ Explicit dependency on target 'React-runtimescheduler' in project 'Pods'
        ➜ Explicit dependency on target 'React-utils' in project 'Pods'
        ➜ Explicit dependency on target 'ReactCommon' in project 'Pods'
        ➜ Explicit dependency on target 'ReactNativeDependencies' in project 'Pods'
        ➜ Explicit dependency on target 'Yoga' in project 'Pods'
    Target 'React-RCTFBReactNativeSpec' in project 'Pods'
        ➜ Explicit dependency on target 'hermes-engine' in project 'Pods'
        ➜ Explicit dependency on target 'RCTRequired' in project 'Pods'
        ➜ Explicit dependency on target 'RCTTypeSafety' in project 'Pods'
        ➜ Explicit dependency on target 'React-Core' in project 'Pods'
        ➜ Explicit dependency on target 'React-Core-prebuilt' in project 'Pods'
        ➜ Explicit dependency on target 'React-debug' in project 'Pods'
        ➜ Explicit dependency on target 'React-Fabric' in project 'Pods'
        ➜ Explicit dependency on target 'React-featureflags' in project 'Pods'
        ➜ Explicit dependency on target 'React-graphics' in project 'Pods'
        ➜ Explicit dependency on target 'React-jsi' in project 'Pods'
        ➜ Explicit dependency on target 'React-NativeModulesApple' in project 'Pods'
        ➜ Explicit dependency on target 'React-rendererdebug' in project 'Pods'
        ➜ Explicit dependency on target 'React-utils' in project 'Pods'
        ➜ Explicit dependency on target 'ReactCommon' in project 'Pods'
        ➜ Explicit dependency on target 'ReactNativeDependencies' in project 'Pods'
        ➜ Explicit dependency on target 'Yoga' in project 'Pods'
    Target 'React-NativeModulesApple' in project 'Pods'
        ➜ Explicit dependency on target 'hermes-engine' in project 'Pods'
        ➜ Explicit dependency on target 'React-callinvoker' in project 'Pods'
        ➜ Explicit dependency on target 'React-Core' in project 'Pods'
        ➜ Explicit dependency on target 'React-Core-prebuilt' in project 'Pods'
        ➜ Explicit dependency on target 'React-cxxreact' in project 'Pods'
        ➜ Explicit dependency on target 'React-featureflags' in project 'Pods'
        ➜ Explicit dependency on target 'React-jsi' in project 'Pods'
        ➜ Explicit dependency on target 'React-jsinspector' in project 'Pods'
        ➜ Explicit dependency on target 'React-jsinspectorcdp' in project 'Pods'
        ➜ Explicit dependency on target 'React-runtimeexecutor' in project 'Pods'
        ➜ Explicit dependency on target 'ReactCommon' in project 'Pods'
        ➜ Explicit dependency on target 'ReactNativeDependencies' in project 'Pods'
    Target 'React-ImageManager' in project 'Pods'
        ➜ Explicit dependency on target 'React-Core' in project 'Pods'
        ➜ Explicit dependency on target 'React-Core-prebuilt' in project 'Pods'
        ➜ Explicit dependency on target 'React-debug' in project 'Pods'
        ➜ Explicit dependency on target 'React-Fabric' in project 'Pods'
        ➜ Explicit dependency on target 'React-graphics' in project 'Pods'
        ➜ Explicit dependency on target 'React-rendererdebug' in project 'Pods'
        ➜ Explicit dependency on target 'React-utils' in project 'Pods'
        ➜ Explicit dependency on target 'ReactNativeDependencies' in project 'Pods'
    Target 'React-Fabric' in project 'Pods'
        ➜ Explicit dependency on target 'hermes-engine' in project 'Pods'
        ➜ Explicit dependency on target 'RCTRequired' in project 'Pods'
        ➜ Explicit dependency on target 'RCTTypeSafety' in project 'Pods'
        ➜ Explicit dependency on target 'React-Core' in project 'Pods'
        ➜ Explicit dependency on target 'React-Core-prebuilt' in project 'Pods'
        ➜ Explicit dependency on target 'React-cxxreact' in project 'Pods'
        ➜ Explicit dependency on target 'React-debug' in project 'Pods'
        ➜ Explicit dependency on target 'React-featureflags' in project 'Pods'
        ➜ Explicit dependency on target 'React-graphics' in project 'Pods'
        ➜ Explicit dependency on target 'React-jsi' in project 'Pods'
        ➜ Explicit dependency on target 'React-jsiexecutor' in project 'Pods'
        ➜ Explicit dependency on target 'React-logger' in project 'Pods'
        ➜ Explicit dependency on target 'React-performancetimeline' in project 'Pods'
        ➜ Explicit dependency on target 'React-rendererconsistency' in project 'Pods'
        ➜ Explicit dependency on target 'React-renderercss' in project 'Pods'
        ➜ Explicit dependency on target 'React-rendererdebug' in project 'Pods'
        ➜ Explicit dependency on target 'React-runtimeexecutor' in project 'Pods'
        ➜ Explicit dependency on target 'React-runtimescheduler' in project 'Pods'
        ➜ Explicit dependency on target 'React-utils' in project 'Pods'
        ➜ Explicit dependency on target 'ReactCommon' in project 'Pods'
        ➜ Explicit dependency on target 'ReactNativeDependencies' in project 'Pods'
        ➜ Explicit dependency on target 'Yoga' in project 'Pods'
    Target 'ReactCommon' in project 'Pods'
        ➜ Explicit dependency on target 'hermes-engine' in project 'Pods'
        ➜ Explicit dependency on target 'React-callinvoker' in project 'Pods'
        ➜ Explicit dependency on target 'React-Core-prebuilt' in project 'Pods'
        ➜ Explicit dependency on target 'React-cxxreact' in project 'Pods'
        ➜ Explicit dependency on target 'React-debug' in project 'Pods'
        ➜ Explicit dependency on target 'React-featureflags' in project 'Pods'
        ➜ Explicit dependency on target 'React-jsi' in project 'Pods'
        ➜ Explicit dependency on target 'React-logger' in project 'Pods'
        ➜ Explicit dependency on target 'React-perflogger' in project 'Pods'
        ➜ Explicit dependency on target 'React-utils' in project 'Pods'
        ➜ Explicit dependency on target 'ReactNativeDependencies' in project 'Pods'
    Target 'React-renderercss' in project 'Pods'
        ➜ Explicit dependency on target 'React-debug' in project 'Pods'
        ➜ Explicit dependency on target 'React-utils' in project 'Pods'
    Target 'React-graphics' in project 'Pods'
        ➜ Explicit dependency on target 'hermes-engine' in project 'Pods'
        ➜ Explicit dependency on target 'React-Core-prebuilt' in project 'Pods'
        ➜ Explicit dependency on target 'React-jsi' in project 'Pods'
        ➜ Explicit dependency on target 'React-jsiexecutor' in project 'Pods'
        ➜ Explicit dependency on target 'React-utils' in project 'Pods'
        ➜ Explicit dependency on target 'ReactNativeDependencies' in project 'Pods'
    Target 'RCTTypeSafety' in project 'Pods'
        ➜ Explicit dependency on target 'FBLazyVector' in project 'Pods'
        ➜ Explicit dependency on target 'RCTRequired' in project 'Pods'
        ➜ Explicit dependency on target 'React-Core' in project 'Pods'
    Target 'React-Core' in project 'Pods'
        ➜ Explicit dependency on target 'hermes-engine' in project 'Pods'
        ➜ Explicit dependency on target 'RCTDeprecation' in project 'Pods'
        ➜ Explicit dependency on target 'React-Core-prebuilt' in project 'Pods'
        ➜ Explicit dependency on target 'React-Core-React-Core_privacy' in project 'Pods'
        ➜ Explicit dependency on target 'React-cxxreact' in project 'Pods'
        ➜ Explicit dependency on target 'React-featureflags' in project 'Pods'
        ➜ Explicit dependency on target 'React-hermes' in project 'Pods'
        ➜ Explicit dependency on target 'React-jsi' in project 'Pods'
        ➜ Explicit dependency on target 'React-jsiexecutor' in project 'Pods'
        ➜ Explicit dependency on target 'React-jsinspector' in project 'Pods'
        ➜ Explicit dependency on target 'React-jsinspectorcdp' in project 'Pods'
        ➜ Explicit dependency on target 'React-jsitooling' in project 'Pods'
        ➜ Explicit dependency on target 'React-perflogger' in project 'Pods'
        ➜ Explicit dependency on target 'React-runtimeexecutor' in project 'Pods'
        ➜ Explicit dependency on target 'React-runtimescheduler' in project 'Pods'
        ➜ Explicit dependency on target 'React-utils' in project 'Pods'
        ➜ Explicit dependency on target 'ReactNativeDependencies' in project 'Pods'
        ➜ Explicit dependency on target 'Yoga' in project 'Pods'
    Target 'Yoga' in project 'Pods' (no dependencies)
    Target 'React-runtimescheduler' in project 'Pods'
        ➜ Explicit dependency on target 'hermes-engine' in project 'Pods'
        ➜ Explicit dependency on target 'React-callinvoker' in project 'Pods'
        ➜ Explicit dependency on target 'React-Core-prebuilt' in project 'Pods'
        ➜ Explicit dependency on target 'React-cxxreact' in project 'Pods'
        ➜ Explicit dependency on target 'React-debug' in project 'Pods'
        ➜ Explicit dependency on target 'React-featureflags' in project 'Pods'
        ➜ Explicit dependency on target 'React-jsi' in project 'Pods'
        ➜ Explicit dependency on target 'React-jsinspectortracing' in project 'Pods'
        ➜ Explicit dependency on target 'React-performancetimeline' in project 'Pods'
        ➜ Explicit dependency on target 'React-rendererconsistency' in project 'Pods'
        ➜ Explicit dependency on target 'React-rendererdebug' in project 'Pods'
        ➜ Explicit dependency on target 'React-runtimeexecutor' in project 'Pods'
        ➜ Explicit dependency on target 'React-timing' in project 'Pods'
        ➜ Explicit dependency on target 'React-utils' in project 'Pods'
        ➜ Explicit dependency on target 'ReactNativeDependencies' in project 'Pods'
    Target 'React-rendererdebug' in project 'Pods'
        ➜ Explicit dependency on target 'React-Core-prebuilt' in project 'Pods'
        ➜ Explicit dependency on target 'React-debug' in project 'Pods'
        ➜ Explicit dependency on target 'ReactNativeDependencies' in project 'Pods'
    Target 'React-rendererconsistency' in project 'Pods' (no dependencies)
    Target 'React-jsitooling' in project 'Pods'
        ➜ Explicit dependency on target 'React-Core-prebuilt' in project 'Pods'
        ➜ Explicit dependency on target 'React-cxxreact' in project 'Pods'
        ➜ Explicit dependency on target 'React-jsi' in project 'Pods'
        ➜ Explicit dependency on target 'React-jsinspector' in project 'Pods'
        ➜ Explicit dependency on target 'React-jsinspectorcdp' in project 'Pods'
        ➜ Explicit dependency on target 'React-jsinspectortracing' in project 'Pods'
        ➜ Explicit dependency on target 'React-runtimeexecutor' in project 'Pods'
        ➜ Explicit dependency on target 'ReactNativeDependencies' in project 'Pods'
    Target 'React-hermes' in project 'Pods'
        ➜ Explicit dependency on target 'hermes-engine' in project 'Pods'
        ➜ Explicit dependency on target 'React-Core-prebuilt' in project 'Pods'
        ➜ Explicit dependency on target 'React-cxxreact' in project 'Pods'
        ➜ Explicit dependency on target 'React-jsi' in project 'Pods'
        ➜ Explicit dependency on target 'React-jsiexecutor' in project 'Pods'
        ➜ Explicit dependency on target 'React-jsinspector' in project 'Pods'
        ➜ Explicit dependency on target 'React-jsinspectorcdp' in project 'Pods'
        ➜ Explicit dependency on target 'React-jsinspectortracing' in project 'Pods'
        ➜ Explicit dependency on target 'React-perflogger' in project 'Pods'
        ➜ Explicit dependency on target 'React-runtimeexecutor' in project 'Pods'
        ➜ Explicit dependency on target 'ReactNativeDependencies' in project 'Pods'
    Target 'React-jsiexecutor' in project 'Pods'
        ➜ Explicit dependency on target 'hermes-engine' in project 'Pods'
        ➜ Explicit dependency on target 'React-Core-prebuilt' in project 'Pods'
        ➜ Explicit dependency on target 'React-cxxreact' in project 'Pods'
        ➜ Explicit dependency on target 'React-jsi' in project 'Pods'
        ➜ Explicit dependency on target 'React-jsinspector' in project 'Pods'
        ➜ Explicit dependency on target 'React-jsinspectorcdp' in project 'Pods'
        ➜ Explicit dependency on target 'React-jsinspectortracing' in project 'Pods'
        ➜ Explicit dependency on target 'React-perflogger' in project 'Pods'
        ➜ Explicit dependency on target 'React-runtimeexecutor' in project 'Pods'
        ➜ Explicit dependency on target 'ReactNativeDependencies' in project 'Pods'
    Target 'React-cxxreact' in project 'Pods'
        ➜ Explicit dependency on target 'hermes-engine' in project 'Pods'
        ➜ Explicit dependency on target 'React-callinvoker' in project 'Pods'
        ➜ Explicit dependency on target 'React-Core-prebuilt' in project 'Pods'
        ➜ Explicit dependency on target 'React-cxxreact-React-cxxreact_privacy' in project 'Pods'
        ➜ Explicit dependency on target 'React-debug' in project 'Pods'
        ➜ Explicit dependency on target 'React-jsi' in project 'Pods'
        ➜ Explicit dependency on target 'React-jsinspector' in project 'Pods'
        ➜ Explicit dependency on target 'React-jsinspectorcdp' in project 'Pods'
        ➜ Explicit dependency on target 'React-jsinspectortracing' in project 'Pods'
        ➜ Explicit dependency on target 'React-logger' in project 'Pods'
        ➜ Explicit dependency on target 'React-perflogger' in project 'Pods'
        ➜ Explicit dependency on target 'React-runtimeexecutor' in project 'Pods'
        ➜ Explicit dependency on target 'React-timing' in project 'Pods'
        ➜ Explicit dependency on target 'ReactNativeDependencies' in project 'Pods'
    Target 'React-logger' in project 'Pods'
        ➜ Explicit dependency on target 'React-Core-prebuilt' in project 'Pods'
        ➜ Explicit dependency on target 'ReactNativeDependencies' in project 'Pods'
    Target 'React-jsinspector' in project 'Pods'
        ➜ Explicit dependency on target 'hermes-engine' in project 'Pods'
        ➜ Explicit dependency on target 'React-Core-prebuilt' in project 'Pods'
        ➜ Explicit dependency on target 'React-featureflags' in project 'Pods'
        ➜ Explicit dependency on target 'React-jsi' in project 'Pods'
        ➜ Explicit dependency on target 'React-jsinspectorcdp' in project 'Pods'
        ➜ Explicit dependency on target 'React-jsinspectornetwork' in project 'Pods'
        ➜ Explicit dependency on target 'React-jsinspectortracing' in project 'Pods'
        ➜ Explicit dependency on target 'React-oscompat' in project 'Pods'
        ➜ Explicit dependency on target 'React-perflogger' in project 'Pods'
        ➜ Explicit dependency on target 'React-runtimeexecutor' in project 'Pods'
        ➜ Explicit dependency on target 'ReactNativeDependencies' in project 'Pods'
    Target 'React-runtimeexecutor' in project 'Pods'
        ➜ Explicit dependency on target 'React-Core-prebuilt' in project 'Pods'
        ➜ Explicit dependency on target 'React-debug' in project 'Pods'
        ➜ Explicit dependency on target 'React-featureflags' in project 'Pods'
        ➜ Explicit dependency on target 'React-jsi' in project 'Pods'
        ➜ Explicit dependency on target 'React-utils' in project 'Pods'
        ➜ Explicit dependency on target 'ReactNativeDependencies' in project 'Pods'
    Target 'React-utils' in project 'Pods'
        ➜ Explicit dependency on target 'hermes-engine' in project 'Pods'
        ➜ Explicit dependency on target 'React-Core-prebuilt' in project 'Pods'
        ➜ Explicit dependency on target 'React-debug' in project 'Pods'
        ➜ Explicit dependency on target 'React-jsi' in project 'Pods'
        ➜ Explicit dependency on target 'ReactNativeDependencies' in project 'Pods'
    Target 'React-jsinspectornetwork' in project 'Pods'
        ➜ Explicit dependency on target 'React-Core-prebuilt' in project 'Pods'
        ➜ Explicit dependency on target 'React-featureflags' in project 'Pods'
        ➜ Explicit dependency on target 'React-jsinspectorcdp' in project 'Pods'
        ➜ Explicit dependency on target 'React-performancetimeline' in project 'Pods'
        ➜ Explicit dependency on target 'React-timing' in project 'Pods'
        ➜ Explicit dependency on target 'ReactNativeDependencies' in project 'Pods'
    Target 'React-performancetimeline' in project 'Pods'
        ➜ Explicit dependency on target 'React-Core-prebuilt' in project 'Pods'
        ➜ Explicit dependency on target 'React-featureflags' in project 'Pods'
        ➜ Explicit dependency on target 'React-jsinspectortracing' in project 'Pods'
        ➜ Explicit dependency on target 'React-perflogger' in project 'Pods'
        ➜ Explicit dependency on target 'React-timing' in project 'Pods'
        ➜ Explicit dependency on target 'ReactNativeDependencies' in project 'Pods'
    Target 'React-perflogger' in project 'Pods'
        ➜ Explicit dependency on target 'React-Core-prebuilt' in project 'Pods'
        ➜ Explicit dependency on target 'ReactNativeDependencies' in project 'Pods'
    Target 'React-jsinspectortracing' in project 'Pods'
        ➜ Explicit dependency on target 'React-Core-prebuilt' in project 'Pods'
        ➜ Explicit dependency on target 'React-oscompat' in project 'Pods'
        ➜ Explicit dependency on target 'React-timing' in project 'Pods'
        ➜ Explicit dependency on target 'ReactNativeDependencies' in project 'Pods'
    Target 'React-timing' in project 'Pods'
        ➜ Explicit dependency on target 'React-debug' in project 'Pods'
    Target 'React-oscompat' in project 'Pods' (no dependencies)
    Target 'React-jsinspectorcdp' in project 'Pods'
        ➜ Explicit dependency on target 'React-Core-prebuilt' in project 'Pods'
        ➜ Explicit dependency on target 'ReactNativeDependencies' in project 'Pods'
    Target 'React-featureflags' in project 'Pods'
        ➜ Explicit dependency on target 'React-Core-prebuilt' in project 'Pods'
        ➜ Explicit dependency on target 'ReactNativeDependencies' in project 'Pods'
    Target 'React-jsi' in project 'Pods'
        ➜ Explicit dependency on target 'hermes-engine' in project 'Pods'
        ➜ Explicit dependency on target 'React-Core-prebuilt' in project 'Pods'
        ➜ Explicit dependency on target 'ReactNativeDependencies' in project 'Pods'
    Target 'React-debug' in project 'Pods' (no dependencies)
    Target 'React-cxxreact-React-cxxreact_privacy' in project 'Pods' (no dependencies)
    Target 'React-callinvoker' in project 'Pods' (no dependencies)
    Target 'React-Core-React-Core_privacy' in project 'Pods' (no dependencies)
    Target 'React-Core-prebuilt' in project 'Pods'
        ➜ Explicit dependency on target 'ReactNativeDependencies' in project 'Pods'
    Target 'ReactNativeDependencies' in project 'Pods' (no dependencies)
    Target 'RCTDeprecation' in project 'Pods' (no dependencies)
    Target 'hermes-engine' in project 'Pods' (no dependencies)
    Target 'FBLazyVector' in project 'Pods' (no dependencies)
    Target 'RCTRequired' in project 'Pods' (no dependencies)

GatherProvisioningInputs

CreateBuildDescription

warning: Run script build phase '[CP-User] [Hermes] Replace Hermes for the right configuration, if needed' will be run during every build because it does not specify any outputs. To address this issue, either add output dependencies to the script phase, or configure it to run in every build by unchecking "Based on dependency analysis" in the script phase. (in target 'hermes-engine' from project 'Pods')
PhaseScriptExecution [CP-User]\ [Hermes]\ Replace\ Hermes\ for\ the\ right\ configuration,\ if\ needed /Users/alexandrejunior/Library/Developer/Xcode/DerivedData/MagicWorld-fhfjocfymhawlbfyrweyymotfwge/Build/Intermediates.noindex/Pods.build/Debug-iphonesimulator/hermes-engine.build/Script-46EB2E00030B30.sh (in target 'hermes-engine' from project 'Pods')
    cd /Users/alexandrejunior/Documents/Magic-World/ios/Pods
    export ACTION\=build
    export AD_HOC_CODE_SIGNING_ALLOWED\=YES
    export ALLOW_BUILD_REQUEST_OVERRIDES\=NO
    export ALLOW_TARGET_PLATFORM_SPECIALIZATION\=NO
    export ALTERNATE_GROUP\=staff
    export ALTERNATE_MODE\=u+w,go-w,a+rX
    export ALTERNATE_OWNER\=alexandrejunior
    export ALTERNATIVE_DISTRIBUTION_WEB\=NO
    export ALWAYS_EMBED_SWIFT_STANDARD_LIBRARIES\=NO
    export ALWAYS_SEARCH_USER_PATHS\=NO
    export ALWAYS_USE_SEPARATE_HEADERMAPS\=NO
    export ANDROID_DEPLOYMENT_TARGET\=21.0
    export APPLICATION_EXTENSION_API_ONLY\=NO
    export APPLY_RULES_IN_COPY_FILES\=NO
    export APPLY_RULES_IN_COPY_HEADERS\=NO
    export APP_SHORTCUTS_ENABLE_FLEXIBLE_MATCHING\=YES
    export ARCHS\=arm64
    export ARCHS_STANDARD\=arm64\ x86_64
    export ARCHS_STANDARD_32_64_BIT\=arm64\ x86_64
    export ARCHS_STANDARD_64_BIT\=arm64\ x86_64
    export ARCHS_STANDARD_INCLUDING_64_BIT\=arm64\ x86_64
    export ARCHS_UNIVERSAL_IPHONE_OS\=arm64\ x86_64
    export ASSETCATALOG_COMPILER_APPICON_NAME\=AppIcon
    export ASSETCATALOG_COMPILER_GLOBAL_ACCENT_COLOR_NAME\=AccentColor
    export ASSETCATALOG_FILTER_FOR_DEVICE_MODEL\=iPhone18,1
    export ASSETCATALOG_FILTER_FOR_DEVICE_OS_VERSION\=26.0
    export ASSETCATALOG_FILTER_FOR_THINNING_DEVICE_CONFIGURATION\=iPhone18,1
    export AUTOMATICALLY_MERGE_DEPENDENCIES\=NO
    export AUTOMATION_APPLE_EVENTS\=NO
    export AVAILABLE_PLATFORMS\=android\ appletvos\ appletvsimulator\ driverkit\ iphoneos\ iphonesimulator\ macosx\ qnx\ watchos\ watchsimulator\ webassembly\ xros\ xrsimulator
    export BUILD_ACTIVE_RESOURCES_ONLY\=YES
    export BUILD_COMPONENTS\=headers\ build
    export BUILD_DIR\=/Users/alexandrejunior/Library/Developer/Xcode/DerivedData/MagicWorld-fhfjocfymhawlbfyrweyymotfwge/Build/Products
    export BUILD_LIBRARY_FOR_DISTRIBUTION\=NO
    export BUILD_ROOT\=/Users/alexandrejunior/Library/Developer/Xcode/DerivedData/MagicWorld-fhfjocfymhawlbfyrweyymotfwge/Build/Products
    export BUILD_STYLE\=
    export BUILD_VARIANTS\=normal
    export BUILT_PRODUCTS_DIR\=/Users/alexandrejunior/Library/Developer/Xcode/DerivedData/MagicWorld-fhfjocfymhawlbfyrweyymotfwge/Build/Products/Debug-iphonesimulator/hermes-engine
    export BUNDLE_CONTENTS_FOLDER_PATH_deep\=Contents/
    export BUNDLE_EXECUTABLE_FOLDER_NAME_deep\=MacOS
    export BUNDLE_EXTENSIONS_FOLDER_PATH\=Extensions
    export BUNDLE_FORMAT\=shallow
    export BUNDLE_FRAMEWORKS_FOLDER_PATH\=Frameworks
    export BUNDLE_PLUGINS_FOLDER_PATH\=PlugIns
    export BUNDLE_PRIVATE_HEADERS_FOLDER_PATH\=PrivateHeaders
    export BUNDLE_PUBLIC_HEADERS_FOLDER_PATH\=Headers
    export CACHE_ROOT\=/var/folders/bw/947yyrlj5pn4rnk4v4z__7t40000gn/C/com.apple.DeveloperTools/26.0-17A324/Xcode
    export CCHROOT\=/var/folders/bw/947yyrlj5pn4rnk4v4z__7t40000gn/C/com.apple.DeveloperTools/26.0-17A324/Xcode
    export CHMOD\=/bin/chmod
    export CHOWN\=/usr/sbin/chown
    export CLANG_ANALYZER_LOCALIZABILITY_NONLOCALIZED\=YES
    export CLANG_ANALYZER_NONNULL\=YES
    export CLANG_ANALYZER_NUMBER_OBJECT_CONVERSION\=YES_AGGRESSIVE
    export CLANG_CACHE_FINE_GRAINED_OUTPUTS\=YES
    export CLANG_CXX_LANGUAGE_STANDARD\=c++20
    export CLANG_CXX_LIBRARY\=compiler-default
    export CLANG_ENABLE_EXPLICIT_MODULES\=YES
    export CLANG_ENABLE_MODULES\=YES
    export CLANG_ENABLE_OBJC_ARC\=YES
    export CLANG_ENABLE_OBJC_WEAK\=NO
    export CLANG_MODULES_BUILD_SESSION_FILE\=/Users/alexandrejunior/Library/Developer/Xcode/DerivedData/ModuleCache.noindex/Session.modulevalidation
    export CLANG_WARN_BLOCK_CAPTURE_AUTORELEASING\=YES
    export CLANG_WARN_BOOL_CONVERSION\=YES
    export CLANG_WARN_COMMA\=YES
    export CLANG_WARN_CONSTANT_CONVERSION\=YES
    export CLANG_WARN_DEPRECATED_OBJC_IMPLEMENTATIONS\=YES
    export CLANG_WARN_DIRECT_OBJC_ISA_USAGE\=YES_ERROR
    export CLANG_WARN_DOCUMENTATION_COMMENTS\=YES
    export CLANG_WARN_EMPTY_BODY\=YES
    export CLANG_WARN_ENUM_CONVERSION\=YES
    export CLANG_WARN_INFINITE_RECURSION\=YES
    export CLANG_WARN_INT_CONVERSION\=YES
    export CLANG_WARN_NON_LITERAL_NULL_CONVERSION\=YES
    export CLANG_WARN_OBJC_IMPLICIT_RETAIN_SELF\=YES
    export CLANG_WARN_OBJC_LITERAL_CONVERSION\=YES
    export CLANG_WARN_OBJC_ROOT_CLASS\=YES_ERROR
    export CLANG_WARN_QUOTED_INCLUDE_IN_FRAMEWORK_HEADER\=NO
    export CLANG_WARN_RANGE_LOOP_ANALYSIS\=YES
    export CLANG_WARN_STRICT_PROTOTYPES\=YES
    export CLANG_WARN_SUSPICIOUS_MOVE\=YES
    export CLANG_WARN_UNGUARDED_AVAILABILITY\=YES_AGGRESSIVE
    export CLANG_WARN_UNREACHABLE_CODE\=YES
    export CLANG_WARN__DUPLICATE_METHOD_MATCH\=YES
    export CLASS_FILE_DIR\=/Users/alexandrejunior/Library/Developer/Xcode/DerivedData/MagicWorld-fhfjocfymhawlbfyrweyymotfwge/Build/Intermediates.noindex/Pods.build/Debug-iphonesimulator/hermes-engine.build/JavaClasses
    export CLEAN_PRECOMPS\=YES
    export CLONE_HEADERS\=NO
    export CODESIGNING_FOLDER_PATH\=/Users/alexandrejunior/Library/Developer/Xcode/DerivedData/MagicWorld-fhfjocfymhawlbfyrweyymotfwge/Build/Products/Debug-iphonesimulator/hermes-engine/
    export CODE_SIGNING_ALLOWED\=NO
    export CODE_SIGNING_REQUIRED\=YES
    export CODE_SIGN_CONTEXT_CLASS\=XCiPhoneSimulatorCodeSignContext
    export CODE_SIGN_IDENTITY\=-
    export CODE_SIGN_INJECT_BASE_ENTITLEMENTS\=YES
    export COLOR_DIAGNOSTICS\=NO
    export COMBINE_HIDPI_IMAGES\=NO
    export COMPILATION_CACHE_CAS_PATH\=/Users/alexandrejunior/Library/Developer/Xcode/DerivedData/CompilationCache.noindex
    export COMPILATION_CACHE_KEEP_CAS_DIRECTORY\=YES
    export COMPILER_INDEX_STORE_ENABLE\=Default
    export COMPOSITE_SDK_DIRS\=/Users/alexandrejunior/Library/Developer/Xcode/DerivedData/MagicWorld-fhfjocfymhawlbfyrweyymotfwge/Build/Intermediates.noindex/CompositeSDKs
    export COMPRESS_PNG_FILES\=YES
    export CONFIGURATION\=Debug
    export CONFIGURATION_BUILD_DIR\=/Users/alexandrejunior/Library/Developer/Xcode/DerivedData/MagicWorld-fhfjocfymhawlbfyrweyymotfwge/Build/Products/Debug-iphonesimulator/hermes-engine
    export CONFIGURATION_TEMP_DIR\=/Users/alexandrejunior/Library/Developer/Xcode/DerivedData/MagicWorld-fhfjocfymhawlbfyrweyymotfwge/Build/Intermediates.noindex/Pods.build/Debug-iphonesimulator
    export COPYING_PRESERVES_HFS_DATA\=NO
    export COPY_HEADERS_RUN_UNIFDEF\=NO
    export COPY_PHASE_STRIP\=NO
    export CORRESPONDING_DEVICE_PLATFORM_DIR\=/Applications/Xcode.app/Contents/Developer/Platforms/iPhoneOS.platform
    export CORRESPONDING_DEVICE_PLATFORM_NAME\=iphoneos
    export CORRESPONDING_DEVICE_SDK_DIR\=/Applications/Xcode.app/Contents/Developer/Platforms/iPhoneOS.platform/Developer/SDKs/iPhoneOS26.0.sdk
    export CORRESPONDING_DEVICE_SDK_NAME\=iphoneos26.0
    export CP\=/bin/cp
    export CREATE_INFOPLIST_SECTION_IN_BINARY\=NO
    export CURRENT_ARCH\=undefined_arch
    export CURRENT_VARIANT\=normal
    export DEAD_CODE_STRIPPING\=YES
    export DEBUGGING_SYMBOLS\=YES
    export DEBUG_INFORMATION_FORMAT\=dwarf
    export DEBUG_INFORMATION_VERSION\=compiler-default
    export DEFAULT_COMPILER\=com.apple.compilers.llvm.clang.1_0
    export DEFAULT_DEXT_INSTALL_PATH\=/System/Library/DriverExtensions
    export DEFAULT_KEXT_INSTALL_PATH\=/System/Library/Extensions
    export DEFINES_MODULE\=NO
    export DEPLOYMENT_LOCATION\=NO
    export DEPLOYMENT_POSTPROCESSING\=NO
    export DEPLOYMENT_TARGET_SETTING_NAME\=IPHONEOS_DEPLOYMENT_TARGET
    export DEPLOYMENT_TARGET_SUGGESTED_VALUES\=12.0\ 12.1\ 12.2\ 12.3\ 12.4\ 13.0\ 13.1\ 13.2\ 13.3\ 13.4\ 13.5\ 13.6\ 14.0\ 14.1\ 14.2\ 14.3\ 14.4\ 14.5\ 14.6\ 14.7\ 15.0\ 15.1\ 15.2\ 15.3\ 15.4\ 15.5\ 15.6\ 16.0\ 16.1\ 16.2\ 16.3\ 16.4\ 16.5\ 16.6\ 17.0\ 17.1\ 17.2\ 17.3\ 17.4\ 17.5\ 17.6\ 18.0\ 18.1\ 18.2\ 18.3\ 18.4\ 18.5\ 18.6\ 26.0
    export DERIVED_FILES_DIR\=/Users/alexandrejunior/Library/Developer/Xcode/DerivedData/MagicWorld-fhfjocfymhawlbfyrweyymotfwge/Build/Intermediates.noindex/Pods.build/Debug-iphonesimulator/hermes-engine.build/DerivedSources
    export DERIVED_FILE_DIR\=/Users/alexandrejunior/Library/Developer/Xcode/DerivedData/MagicWorld-fhfjocfymhawlbfyrweyymotfwge/Build/Intermediates.noindex/Pods.build/Debug-iphonesimulator/hermes-engine.build/DerivedSources
    export DERIVED_SOURCES_DIR\=/Users/alexandrejunior/Library/Developer/Xcode/DerivedData/MagicWorld-fhfjocfymhawlbfyrweyymotfwge/Build/Intermediates.noindex/Pods.build/Debug-iphonesimulator/hermes-engine.build/DerivedSources
    export DEVELOPER_APPLICATIONS_DIR\=/Applications/Xcode.app/Contents/Developer/Applications
    export DEVELOPER_BIN_DIR\=/Applications/Xcode.app/Contents/Developer/usr/bin
    export DEVELOPER_DIR\=/Applications/Xcode.app/Contents/Developer
    export DEVELOPER_FRAMEWORKS_DIR\=/Applications/Xcode.app/Contents/Developer/Library/Frameworks
    export DEVELOPER_FRAMEWORKS_DIR_QUOTED\=/Applications/Xcode.app/Contents/Developer/Library/Frameworks
    export DEVELOPER_LIBRARY_DIR\=/Applications/Xcode.app/Contents/Developer/Library
    export DEVELOPER_SDK_DIR\=/Applications/Xcode.app/Contents/Developer/Platforms/MacOSX.platform/Developer/SDKs
    export DEVELOPER_TOOLS_DIR\=/Applications/Xcode.app/Contents/Developer/Tools
    export DEVELOPER_USR_DIR\=/Applications/Xcode.app/Contents/Developer/usr
    export DEVELOPMENT_LANGUAGE\=en
    export DIAGNOSE_MISSING_TARGET_DEPENDENCIES\=YES
    export DIFF\=/usr/bin/diff
    export DONT_GENERATE_INFOPLIST_FILE\=NO
    export DSTROOT\=/tmp/Pods.dst
    export DT_TOOLCHAIN_DIR\=/Applications/Xcode.app/Contents/Developer/Toolchains/XcodeDefault.xctoolchain
    export DWARF_DSYM_FILE_NAME\=.dSYM
    export DWARF_DSYM_FILE_SHOULD_ACCOMPANY_PRODUCT\=NO
    export DWARF_DSYM_FOLDER_PATH\=/Users/alexandrejunior/Library/Developer/Xcode/DerivedData/MagicWorld-fhfjocfymhawlbfyrweyymotfwge/Build/Products/Debug-iphonesimulator/hermes-engine
    export DYNAMIC_LIBRARY_EXTENSION\=dylib
    export EAGER_COMPILATION_ALLOW_SCRIPTS\=NO
    export EAGER_LINKING\=NO
    export EFFECTIVE_PLATFORM_NAME\=-iphonesimulator
    export EMBEDDED_CONTENT_CONTAINS_SWIFT\=NO
    export EMBED_ASSET_PACKS_IN_PRODUCT_BUNDLE\=NO
    export ENABLE_APP_SANDBOX\=NO
    export ENABLE_CODE_COVERAGE\=YES
    export ENABLE_CPLUSPLUS_BOUNDS_SAFE_BUFFERS\=NO
    export ENABLE_C_BOUNDS_SAFETY\=NO
    export ENABLE_DEFAULT_HEADER_SEARCH_PATHS\=YES
    export ENABLE_DEFAULT_SEARCH_PATHS\=YES
    export ENABLE_ENHANCED_SECURITY\=NO
    export ENABLE_HARDENED_RUNTIME\=NO
    export ENABLE_HEADER_DEPENDENCIES\=YES
    export ENABLE_INCOMING_NETWORK_CONNECTIONS\=NO
    export ENABLE_ON_DEMAND_RESOURCES\=NO
    export ENABLE_OUTGOING_NETWORK_CONNECTIONS\=NO
    export ENABLE_POINTER_AUTHENTICATION\=NO
    export ENABLE_PREVIEWS\=NO
    export ENABLE_RESOURCE_ACCESS_AUDIO_INPUT\=NO
    export ENABLE_RESOURCE_ACCESS_BLUETOOTH\=NO
    export ENABLE_RESOURCE_ACCESS_CALENDARS\=NO
    export ENABLE_RESOURCE_ACCESS_CAMERA\=NO
    export ENABLE_RESOURCE_ACCESS_CONTACTS\=NO
    export ENABLE_RESOURCE_ACCESS_LOCATION\=NO
    export ENABLE_RESOURCE_ACCESS_PHOTO_LIBRARY\=NO
    export ENABLE_RESOURCE_ACCESS_PRINTING\=NO
    export ENABLE_RESOURCE_ACCESS_USB\=NO
    export ENABLE_SDK_IMPORTS\=NO
    export ENABLE_SECURITY_COMPILER_WARNINGS\=NO
    export ENABLE_STRICT_OBJC_MSGSEND\=YES
    export ENABLE_TESTABILITY\=YES
    export ENABLE_TESTING_SEARCH_PATHS\=NO
    export ENABLE_USER_SCRIPT_SANDBOXING\=NO
    export ENABLE_XOJIT_PREVIEWS\=YES
    export ENFORCE_VALID_ARCHS\=YES
    export ENTITLEMENTS_DESTINATION\=__entitlements
    export ENTITLEMENTS_REQUIRED\=YES
    export EXCLUDED_INSTALLSRC_SUBDIRECTORY_PATTERNS\=.DS_Store\ .svn\ .git\ .hg\ CVS
    export EXCLUDED_RECURSIVE_SEARCH_PATH_SUBDIRECTORIES\=\*.nib\ \*.lproj\ \*.framework\ \*.gch\ \*.xcode\*\ \*.xcassets\ \*.icon\ \(\*\)\ .DS_Store\ CVS\ .svn\ .git\ .hg\ \*.pbproj\ \*.pbxproj
    export FILE_LIST\=/Users/alexandrejunior/Library/Developer/Xcode/DerivedData/MagicWorld-fhfjocfymhawlbfyrweyymotfwge/Build/Intermediates.noindex/Pods.build/Debug-iphonesimulator/hermes-engine.build/Objects/LinkFileList
    export FIXED_FILES_DIR\=/Users/alexandrejunior/Library/Developer/Xcode/DerivedData/MagicWorld-fhfjocfymhawlbfyrweyymotfwge/Build/Intermediates.noindex/Pods.build/Debug-iphonesimulator/hermes-engine.build/FixedFiles
    export FRAMEWORK_SEARCH_PATHS\=\ \"/Users/alexandrejunior/Documents/Magic-World/ios/Pods/hermes-engine/destroot/Library/Frameworks/universal\"\ \"/Users/alexandrejunior/Library/Developer/Xcode/DerivedData/MagicWorld-fhfjocfymhawlbfyrweyymotfwge/Build/Products/Debug-iphonesimulator/XCFrameworkIntermediates/hermes-engine/Pre-built\"
    export FRAMEWORK_VERSION\=A
    export FUSE_BUILD_PHASES\=YES
    export FUSE_BUILD_SCRIPT_PHASES\=NO
    export GCC3_VERSION\=3.3
    export GCC_C_LANGUAGE_STANDARD\=gnu11
    export GCC_DYNAMIC_NO_PIC\=NO
    export GCC_NO_COMMON_BLOCKS\=YES
    export GCC_OBJC_LEGACY_DISPATCH\=YES
    export GCC_OPTIMIZATION_LEVEL\=0
    export GCC_PFE_FILE_C_DIALECTS\=c\ objective-c\ c++\ objective-c++
    export GCC_PREPROCESSOR_DEFINITIONS\=POD_CONFIGURATION_DEBUG\=1\ DEBUG\=1\ \ COCOAPODS\=1\ HERMES_ENABLE_DEBUGGER\=1
    export GCC_TREAT_WARNINGS_AS_ERRORS\=NO
    export GCC_VERSION\=com.apple.compilers.llvm.clang.1_0
    export GCC_VERSION_IDENTIFIER\=com_apple_compilers_llvm_clang_1_0
    export GCC_WARN_64_TO_32_BIT_CONVERSION\=YES
    export GCC_WARN_ABOUT_RETURN_TYPE\=YES_ERROR
    export GCC_WARN_INHIBIT_ALL_WARNINGS\=YES
    export GCC_WARN_UNDECLARED_SELECTOR\=YES
    export GCC_WARN_UNINITIALIZED_AUTOS\=YES_AGGRESSIVE
    export GCC_WARN_UNUSED_FUNCTION\=YES
    export GCC_WARN_UNUSED_VARIABLE\=YES
    export GENERATED_MODULEMAP_DIR\=/Users/alexandrejunior/Library/Developer/Xcode/DerivedData/MagicWorld-fhfjocfymhawlbfyrweyymotfwge/Build/Intermediates.noindex/GeneratedModuleMaps-iphonesimulator
    export GENERATE_INFOPLIST_FILE\=NO
    export GENERATE_INTERMEDIATE_TEXT_BASED_STUBS\=YES
    export GENERATE_PKGINFO_FILE\=NO
    export GENERATE_PRELINK_OBJECT_FILE\=NO
    export GENERATE_PROFILING_CODE\=NO
    export GENERATE_TEXT_BASED_STUBS\=NO
    export GID\=20
    export GROUP\=staff
    export HEADERMAP_INCLUDES_FLAT_ENTRIES_FOR_TARGET_BEING_BUILT\=YES
    export HEADERMAP_INCLUDES_FRAMEWORK_ENTRIES_FOR_ALL_PRODUCT_TYPES\=YES
    export HEADERMAP_INCLUDES_FRAMEWORK_ENTRIES_FOR_TARGETS_NOT_BEING_BUILT\=YES
    export HEADERMAP_INCLUDES_NONPUBLIC_NONPRIVATE_HEADERS\=YES
    export HEADERMAP_INCLUDES_PROJECT_HEADERS\=YES
    export HEADERMAP_USES_FRAMEWORK_PREFIX_ENTRIES\=YES
    export HEADERMAP_USES_VFS\=NO
    export HEADER_SEARCH_PATHS\=\ /Users/alexandrejunior/Documents/Magic-World/ios/Pods/ReactCommon\ /Users/alexandrejunior/Documents/Magic-World/ios/Pods/ReactCommon/react/nativemodule/core\ /Users/alexandrejunior/Documents/Magic-World/ios/Pods/React-runtimeexecutor\ /Users/alexandrejunior/Documents/Magic-World/ios/Pods/React-runtimeexecutor/platform/ios\ /Users/alexandrejunior/Documents/Magic-World/ios/Pods/ReactCommon-Samples\ /Users/alexandrejunior/Documents/Magic-World/ios/Pods/ReactCommon-Samples/platform/ios\ /Users/alexandrejunior/Documents/Magic-World/ios/Pods/React-Fabric/react/renderer/components/view/platform/cxx\ /Users/alexandrejunior/Documents/Magic-World/ios/Pods/React-NativeModulesApple\ /Users/alexandrejunior/Documents/Magic-World/ios/Pods/React-graphics\ /Users/alexandrejunior/Documents/Magic-World/ios/Pods/React-graphics/react/renderer/graphics/platform/ios\ \"/Users/alexandrejunior/Documents/Magic-World/ios/Pods/Headers/Private\"\ \"/Users/alexandrejunior/Documents/Magic-World/ios/Pods/Headers/Private/hermes-engine\"\ \"/Users/alexandrejunior/Documents/Magic-World/ios/Pods/Headers/Public\"\ \"/Users/alexandrejunior/Documents/Magic-World/ios/Pods/Headers/Public/hermes-engine\"
    export HOME\=/Users/alexandrejunior
    export HOST_ARCH\=arm64
    export HOST_PLATFORM\=macosx
    export ICONV\=/usr/bin/iconv
    export IMPLICIT_DEPENDENCY_DOMAIN\=default
    export INFOPLIST_ENABLE_CFBUNDLEICONS_MERGE\=YES
    export INFOPLIST_EXPAND_BUILD_SETTINGS\=YES
    export INFOPLIST_OUTPUT_FORMAT\=binary
    export INFOPLIST_PREPROCESS\=NO
    export INLINE_PRIVATE_FRAMEWORKS\=NO
    export INSTALLAPI_IGNORE_SKIP_INSTALL\=YES
    export INSTALLHDRS_COPY_PHASE\=NO
    export INSTALLHDRS_SCRIPT_PHASE\=NO
    export INSTALL_DIR\=/tmp/Pods.dst
    export INSTALL_GROUP\=staff
    export INSTALL_MODE_FLAG\=u+w,go-w,a+rX
    export INSTALL_OWNER\=alexandrejunior
    export INSTALL_ROOT\=/tmp/Pods.dst
    export IPHONEOS_DEPLOYMENT_TARGET\=15.1
    export IS_UNOPTIMIZED_BUILD\=YES
    export JAVAC_DEFAULT_FLAGS\=-J-Xms64m\ -J-XX:NewSize\=4M\ -J-Dfile.encoding\=UTF8
    export JAVA_APP_STUB\=/System/Library/Frameworks/JavaVM.framework/Resources/MacOS/JavaApplicationStub
    export JAVA_ARCHIVE_CLASSES\=YES
    export JAVA_ARCHIVE_TYPE\=JAR
    export JAVA_COMPILER\=/usr/bin/javac
    export JAVA_FRAMEWORK_RESOURCES_DIRS\=Resources
    export JAVA_JAR_FLAGS\=cv
    export JAVA_SOURCE_SUBDIR\=.
    export JAVA_USE_DEPENDENCIES\=YES
    export JAVA_ZIP_FLAGS\=-urg
    export JIKES_DEFAULT_FLAGS\=+E\ +OLDCSO
    export KEEP_PRIVATE_EXTERNS\=NO
    export LD_DEPENDENCY_INFO_FILE\=/Users/alexandrejunior/Library/Developer/Xcode/DerivedData/MagicWorld-fhfjocfymhawlbfyrweyymotfwge/Build/Intermediates.noindex/Pods.build/Debug-iphonesimulator/hermes-engine.build/Objects-normal/undefined_arch/hermes-engine_dependency_info.dat
    export LD_EXPORT_SYMBOLS\=YES
    export LD_GENERATE_MAP_FILE\=NO
    export LD_MAP_FILE_PATH\=/Users/alexandrejunior/Library/Developer/Xcode/DerivedData/MagicWorld-fhfjocfymhawlbfyrweyymotfwge/Build/Intermediates.noindex/Pods.build/Debug-iphonesimulator/hermes-engine.build/hermes-engine-LinkMap-normal-undefined_arch.txt
    export LD_NO_PIE\=NO
    export LD_QUOTE_LINKER_ARGUMENTS_FOR_COMPILER_DRIVER\=YES
    export LD_RUNPATH_SEARCH_PATHS\=\ @executable_path/Frameworks
    export LD_SHARED_CACHE_ELIGIBLE\=Automatic
    export LD_WARN_DUPLICATE_LIBRARIES\=NO
    export LD_WARN_UNUSED_DYLIBS\=NO
    export LEGACY_DEVELOPER_DIR\=/Applications/Xcode.app/Contents/PlugIns/Xcode3Core.ideplugin/Contents/SharedSupport/Developer
    export LEX\=lex
    export LIBRARY_DEXT_INSTALL_PATH\=/Library/DriverExtensions
    export LIBRARY_FLAG_NOSPACE\=YES
    export LIBRARY_KEXT_INSTALL_PATH\=/Library/Extensions
    export LINKER_DISPLAYS_MANGLED_NAMES\=NO
    export LINK_FILE_LIST_normal_arm64\=/Users/alexandrejunior/Library/Developer/Xcode/DerivedData/MagicWorld-fhfjocfymhawlbfyrweyymotfwge/Build/Intermediates.noindex/Pods.build/Debug-iphonesimulator/hermes-engine.build/Objects-normal/arm64/hermes-engine.LinkFileList
    export LINK_OBJC_RUNTIME\=YES
    export LINK_WITH_STANDARD_LIBRARIES\=YES
    export LLVM_TARGET_TRIPLE_OS_VERSION\=ios15.1
    export LLVM_TARGET_TRIPLE_SUFFIX\=-simulator
    export LLVM_TARGET_TRIPLE_VENDOR\=apple
    export LM_AUX_CONST_METADATA_LIST_PATH_normal_arm64\=/Users/alexandrejunior/Library/Developer/Xcode/DerivedData/MagicWorld-fhfjocfymhawlbfyrweyymotfwge/Build/Intermediates.noindex/Pods.build/Debug-iphonesimulator/hermes-engine.build/Objects-normal/arm64/hermes-engine.SwiftConstValuesFileList
    export LOCALIZATION_EXPORT_SUPPORTED\=YES
    export LOCALIZATION_PREFERS_STRING_CATALOGS\=NO
    export LOCALIZED_STRING_MACRO_NAMES\=NSLocalizedString\ CFCopyLocalizedString
    export LOCALIZED_STRING_SWIFTUI_SUPPORT\=YES
    export LOCAL_ADMIN_APPS_DIR\=/Applications/Utilities
    export LOCAL_APPS_DIR\=/Applications
    export LOCAL_DEVELOPER_DIR\=/Library/Developer
    export LOCAL_LIBRARY_DIR\=/Library
    export LOCROOT\=/Users/alexandrejunior/Documents/Magic-World/ios/Pods
    export LOCSYMROOT\=/Users/alexandrejunior/Documents/Magic-World/ios/Pods
    export MAC_OS_X_PRODUCT_BUILD_VERSION\=25A354
    export MAC_OS_X_VERSION_ACTUAL\=260000
    export MAC_OS_X_VERSION_MAJOR\=260000
    export MAC_OS_X_VERSION_MINOR\=260000
    export MAKE_MERGEABLE\=NO
    export MERGEABLE_LIBRARY\=NO
    export MERGED_BINARY_TYPE\=none
    export MERGE_LINKED_LIBRARIES\=NO
    export METAL_LIBRARY_FILE_BASE\=default
    export METAL_LIBRARY_OUTPUT_DIR\=/Users/alexandrejunior/Library/Developer/Xcode/DerivedData/MagicWorld-fhfjocfymhawlbfyrweyymotfwge/Build/Products/Debug-iphonesimulator/hermes-engine/
    export MODULE_CACHE_DIR\=/Users/alexandrejunior/Library/Developer/Xcode/DerivedData/ModuleCache.noindex
    export MTL_ENABLE_DEBUG_INFO\=INCLUDE_SOURCE
    export MTL_FAST_MATH\=YES
    export NATIVE_ARCH\=arm64
    export NATIVE_ARCH_32_BIT\=arm
    export NATIVE_ARCH_64_BIT\=arm64
    export NATIVE_ARCH_ACTUAL\=arm64
    export NO_COMMON\=YES
    export OBJC_ABI_VERSION\=2
    export OBJECT_FILE_DIR\=/Users/alexandrejunior/Library/Developer/Xcode/DerivedData/MagicWorld-fhfjocfymhawlbfyrweyymotfwge/Build/Intermediates.noindex/Pods.build/Debug-iphonesimulator/hermes-engine.build/Objects
    export OBJECT_FILE_DIR_normal\=/Users/alexandrejunior/Library/Developer/Xcode/DerivedData/MagicWorld-fhfjocfymhawlbfyrweyymotfwge/Build/Intermediates.noindex/Pods.build/Debug-iphonesimulator/hermes-engine.build/Objects-normal
    export OBJROOT\=/Users/alexandrejunior/Library/Developer/Xcode/DerivedData/MagicWorld-fhfjocfymhawlbfyrweyymotfwge/Build/Intermediates.noindex
    export ONLY_ACTIVE_ARCH\=YES
    export OS\=MACOS
    export OSAC\=/usr/bin/osacompile
    export PASCAL_STRINGS\=YES
    export PATH\=/Applications/Xcode.app/Contents/SharedFrameworks/SwiftBuild.framework/Versions/A/PlugIns/SWBBuildService.bundle/Contents/PlugIns/SWBUniversalPlatformPlugin.bundle/Contents/Frameworks/SWBUniversalPlatform.framework/Resources:/Applications/Xcode.app/Contents/Developer/Toolchains/XcodeDefault.xctoolchain/usr/bin:/Applications/Xcode.app/Contents/Developer/Toolchains/XcodeDefault.xctoolchain/usr/local/bin:/Applications/Xcode.app/Contents/Developer/Toolchains/XcodeDefault.xctoolchain/usr/libexec:/Applications/Xcode.app/Contents/Developer/Platforms/iPhoneSimulator.platform/usr/bin:/Applications/Xcode.app/Contents/Developer/Platforms/iPhoneSimulator.platform/usr/local/bin:/Applications/Xcode.app/Contents/Developer/Platforms/iPhoneSimulator.platform/Developer/usr/bin:/Applications/Xcode.app/Contents/Developer/Platforms/iPhoneSimulator.platform/Developer/usr/local/bin:/Applications/Xcode.app/Contents/Developer/usr/bin:/Applications/Xcode.app/Contents/Developer/usr/local/bin:/Users/alexandrejunior/Documents/Magic-World/node_modules/.bin:/Users/alexandrejunior/Documents/node_modules/.bin:/Users/alexandrejunior/node_modules/.bin:/Users/node_modules/.bin:/node_modules/.bin:/Users/alexandrejunior/.bun/bin:/usr/local/bin:/System/Cryptexes/App/usr/bin:/usr/bin:/bin:/usr/sbin:/sbin:/var/run/com.apple.security.cryptexd/codex.system/bootstrap/usr/local/bin:/var/run/com.apple.security.cryptexd/codex.system/bootstrap/usr/bin:/var/run/com.apple.security.cryptexd/codex.system/bootstrap/usr/appleinternal/bin:/Library/Apple/usr/bin:/opt/homebrew/bin:/Users/alexandrejunior/.cargo/bin:/Users/alexandrejunior/Library/Android/sdk/platform-tools:/Users/alexandrejunior/Library/Android/sdk/emulator:/Users/alexandrejunior/Library/Android/sdk/tools:/Users/alexandrejunior/Library/Android/sdk/tools/bin
    export PATH_PREFIXES_EXCLUDED_FROM_HEADER_DEPENDENCIES\=/usr/include\ /usr/local/include\ /System/Library/Frameworks\ /System/Library/PrivateFrameworks\ /Applications/Xcode.app/Contents/Developer/Headers\ /Applications/Xcode.app/Contents/Developer/SDKs\ /Applications/Xcode.app/Contents/Developer/Platforms
    export PER_ARCH_MODULE_FILE_DIR\=/Users/alexandrejunior/Library/Developer/Xcode/DerivedData/MagicWorld-fhfjocfymhawlbfyrweyymotfwge/Build/Intermediates.noindex/Pods.build/Debug-iphonesimulator/hermes-engine.build/Objects-normal/undefined_arch
    export PER_ARCH_OBJECT_FILE_DIR\=/Users/alexandrejunior/Library/Developer/Xcode/DerivedData/MagicWorld-fhfjocfymhawlbfyrweyymotfwge/Build/Intermediates.noindex/Pods.build/Debug-iphonesimulator/hermes-engine.build/Objects-normal/undefined_arch
    export PER_VARIANT_OBJECT_FILE_DIR\=/Users/alexandrejunior/Library/Developer/Xcode/DerivedData/MagicWorld-fhfjocfymhawlbfyrweyymotfwge/Build/Intermediates.noindex/Pods.build/Debug-iphonesimulator/hermes-engine.build/Objects-normal
    export PKGINFO_FILE_PATH\=/Users/alexandrejunior/Library/Developer/Xcode/DerivedData/MagicWorld-fhfjocfymhawlbfyrweyymotfwge/Build/Intermediates.noindex/Pods.build/Debug-iphonesimulator/hermes-engine.build/PkgInfo
    export PLATFORM_DEVELOPER_APPLICATIONS_DIR\=/Applications/Xcode.app/Contents/Developer/Platforms/iPhoneSimulator.platform/Developer/Applications
    export PLATFORM_DEVELOPER_BIN_DIR\=/Applications/Xcode.app/Contents/Developer/Platforms/iPhoneSimulator.platform/Developer/usr/bin
    export PLATFORM_DEVELOPER_LIBRARY_DIR\=/Applications/Xcode.app/Contents/Developer/Platforms/iPhoneSimulator.platform/Developer/Library
    export PLATFORM_DEVELOPER_SDK_DIR\=/Applications/Xcode.app/Contents/Developer/Platforms/iPhoneSimulator.platform/Developer/SDKs
    export PLATFORM_DEVELOPER_TOOLS_DIR\=/Applications/Xcode.app/Contents/Developer/Platforms/iPhoneSimulator.platform/Developer/Tools
    export PLATFORM_DEVELOPER_USR_DIR\=/Applications/Xcode.app/Contents/Developer/Platforms/iPhoneSimulator.platform/Developer/usr
    export PLATFORM_DIR\=/Applications/Xcode.app/Contents/Developer/Platforms/iPhoneSimulator.platform
    export PLATFORM_DISPLAY_NAME\=iOS\ Simulator
    export PLATFORM_FAMILY_NAME\=iOS
    export PLATFORM_NAME\=iphonesimulator
    export PLATFORM_PREFERRED_ARCH\=x86_64
    export PLATFORM_PRODUCT_BUILD_VERSION\=23A339
    export PLATFORM_REQUIRES_SWIFT_AUTOLINK_EXTRACT\=NO
    export PLATFORM_REQUIRES_SWIFT_MODULEWRAP\=NO
    export PLIST_FILE_OUTPUT_FORMAT\=binary
    export PODS_BUILD_DIR\=/Users/alexandrejunior/Library/Developer/Xcode/DerivedData/MagicWorld-fhfjocfymhawlbfyrweyymotfwge/Build/Products
    export PODS_CONFIGURATION_BUILD_DIR\=/Users/alexandrejunior/Library/Developer/Xcode/DerivedData/MagicWorld-fhfjocfymhawlbfyrweyymotfwge/Build/Products/Debug-iphonesimulator
    export PODS_DEVELOPMENT_LANGUAGE\=en
    export PODS_ROOT\=/Users/alexandrejunior/Documents/Magic-World/ios/Pods
    export PODS_TARGET_SRCROOT\=/Users/alexandrejunior/Documents/Magic-World/ios/Pods/hermes-engine
    export PODS_XCFRAMEWORKS_BUILD_DIR\=/Users/alexandrejunior/Library/Developer/Xcode/DerivedData/MagicWorld-fhfjocfymhawlbfyrweyymotfwge/Build/Products/Debug-iphonesimulator/XCFrameworkIntermediates
    export PRECOMPS_INCLUDE_HEADERS_FROM_BUILT_PRODUCTS_DIR\=YES
    export PRECOMP_DESTINATION_DIR\=/Users/alexandrejunior/Library/Developer/Xcode/DerivedData/MagicWorld-fhfjocfymhawlbfyrweyymotfwge/Build/Intermediates.noindex/Pods.build/Debug-iphonesimulator/hermes-engine.build/PrefixHeaders
    export PROCESSED_INFOPLIST_PATH\=/Users/alexandrejunior/Library/Developer/Xcode/DerivedData/MagicWorld-fhfjocfymhawlbfyrweyymotfwge/Build/Intermediates.noindex/Pods.build/Debug-iphonesimulator/hermes-engine.build/Objects-normal/undefined_arch/Processed-Info.plist
    export PRODUCT_BUNDLE_IDENTIFIER\=org.cocoapods.hermes-engine
    export PRODUCT_MODULE_NAME\=hermes_engine
    export PRODUCT_NAME\=hermes-engine
    export PRODUCT_SETTINGS_PATH\=
    export PROFILING_CODE\=NO
    export PROJECT\=Pods
    export PROJECT_DERIVED_FILE_DIR\=/Users/alexandrejunior/Library/Developer/Xcode/DerivedData/MagicWorld-fhfjocfymhawlbfyrweyymotfwge/Build/Intermediates.noindex/Pods.build/DerivedSources
    export PROJECT_DIR\=/Users/alexandrejunior/Documents/Magic-World/ios/Pods
    export PROJECT_FILE_PATH\=/Users/alexandrejunior/Documents/Magic-World/ios/Pods/Pods.xcodeproj
    export PROJECT_GUID\=8699adb1dd336b26511df848a716bd42
    export PROJECT_NAME\=Pods
    export PROJECT_TEMP_DIR\=/Users/alexandrejunior/Library/Developer/Xcode/DerivedData/MagicWorld-fhfjocfymhawlbfyrweyymotfwge/Build/Intermediates.noindex/Pods.build
    export PROJECT_TEMP_ROOT\=/Users/alexandrejunior/Library/Developer/Xcode/DerivedData/MagicWorld-fhfjocfymhawlbfyrweyymotfwge/Build/Intermediates.noindex
    export REACT_NATIVE_PATH\=/Users/alexandrejunior/Documents/Magic-World/ios/Pods/../../node_modules/react-native
    export RECOMMENDED_IPHONEOS_DEPLOYMENT_TARGET\=15.0
    export RECURSIVE_SEARCH_PATHS_FOLLOW_SYMLINKS\=YES
    export REMOVE_CVS_FROM_RESOURCES\=YES
    export REMOVE_GIT_FROM_RESOURCES\=YES
    export REMOVE_HEADERS_FROM_EMBEDDED_BUNDLES\=YES
    export REMOVE_HG_FROM_RESOURCES\=YES
    export REMOVE_STATIC_EXECUTABLES_FROM_EMBEDDED_BUNDLES\=YES
    export REMOVE_SVN_FROM_RESOURCES\=YES
    export RESCHEDULE_INDEPENDENT_HEADERS_PHASES\=YES
    export REZ_COLLECTOR_DIR\=/Users/alexandrejunior/Library/Developer/Xcode/DerivedData/MagicWorld-fhfjocfymhawlbfyrweyymotfwge/Build/Intermediates.noindex/Pods.build/Debug-iphonesimulator/hermes-engine.build/ResourceManagerResources
    export REZ_OBJECTS_DIR\=/Users/alexandrejunior/Library/Developer/Xcode/DerivedData/MagicWorld-fhfjocfymhawlbfyrweyymotfwge/Build/Intermediates.noindex/Pods.build/Debug-iphonesimulator/hermes-engine.build/ResourceManagerResources/Objects
    export RUNTIME_EXCEPTION_ALLOW_DYLD_ENVIRONMENT_VARIABLES\=NO
    export RUNTIME_EXCEPTION_ALLOW_JIT\=NO
    export RUNTIME_EXCEPTION_ALLOW_UNSIGNED_EXECUTABLE_MEMORY\=NO
    export RUNTIME_EXCEPTION_DEBUGGING_TOOL\=NO
    export RUNTIME_EXCEPTION_DISABLE_EXECUTABLE_PAGE_PROTECTION\=NO
    export RUNTIME_EXCEPTION_DISABLE_LIBRARY_VALIDATION\=NO
    export SCAN_ALL_SOURCE_FILES_FOR_INCLUDES\=NO
    export SCRIPT_INPUT_FILE_COUNT\=0
    export SCRIPT_INPUT_FILE_LIST_COUNT\=0
    export SCRIPT_OUTPUT_FILE_COUNT\=0
    export SCRIPT_OUTPUT_FILE_LIST_COUNT\=0
    export SDKROOT\=/Applications/Xcode.app/Contents/Developer/Platforms/iPhoneSimulator.platform/Developer/SDKs/iPhoneSimulator26.0.sdk
    export SDK_DIR\=/Applications/Xcode.app/Contents/Developer/Platforms/iPhoneSimulator.platform/Developer/SDKs/iPhoneSimulator26.0.sdk
    export SDK_DIR_iphonesimulator\=/Applications/Xcode.app/Contents/Developer/Platforms/iPhoneSimulator.platform/Developer/SDKs/iPhoneSimulator26.0.sdk
    export SDK_DIR_iphonesimulator26_0\=/Applications/Xcode.app/Contents/Developer/Platforms/iPhoneSimulator.platform/Developer/SDKs/iPhoneSimulator26.0.sdk
    export SDK_NAME\=iphonesimulator26.0
    export SDK_NAMES\=iphonesimulator26.0
    export SDK_PRODUCT_BUILD_VERSION\=23A339
    export SDK_STAT_CACHE_DIR\=/Users/alexandrejunior/Library/Developer/Xcode/DerivedData
    export SDK_STAT_CACHE_ENABLE\=YES
    export SDK_STAT_CACHE_PATH\=/Users/alexandrejunior/Library/Developer/Xcode/DerivedData/SDKStatCaches.noindex/iphonesimulator26.0-23A339-26257891a6c027eb51374368541b8346.sdkstatcache
    export SDK_VERSION\=26.0
    export SDK_VERSION_ACTUAL\=260000
    export SDK_VERSION_MAJOR\=260000
    export SDK_VERSION_MINOR\=260000
    export SED\=/usr/bin/sed
    export SEPARATE_STRIP\=NO
    export SEPARATE_SYMBOL_EDIT\=NO
    export SET_DIR_MODE_OWNER_GROUP\=YES
    export SET_FILE_MODE_OWNER_GROUP\=NO
    export SHALLOW_BUNDLE\=NO
    export SHARED_DERIVED_FILE_DIR\=/Users/alexandrejunior/Library/Developer/Xcode/DerivedData/MagicWorld-fhfjocfymhawlbfyrweyymotfwge/Build/Products/Debug-iphonesimulator/hermes-engine/DerivedSources
    export SHARED_PRECOMPS_DIR\=/Users/alexandrejunior/Library/Developer/Xcode/DerivedData/MagicWorld-fhfjocfymhawlbfyrweyymotfwge/Build/Intermediates.noindex/PrecompiledHeaders
    export SKIP_INSTALL\=YES
    export SOURCE_ROOT\=/Users/alexandrejunior/Documents/Magic-World/ios/Pods
    export SRCROOT\=/Users/alexandrejunior/Documents/Magic-World/ios/Pods
    export STRINGSDATA_DIR\=/Users/alexandrejunior/Library/Developer/Xcode/DerivedData/MagicWorld-fhfjocfymhawlbfyrweyymotfwge/Build/Intermediates.noindex/Pods.build/Debug-iphonesimulator/hermes-engine.build/Objects-normal/undefined_arch
    export STRINGSDATA_ROOT\=/Users/alexandrejunior/Library/Developer/Xcode/DerivedData/MagicWorld-fhfjocfymhawlbfyrweyymotfwge/Build/Intermediates.noindex/Pods.build/Debug-iphonesimulator/hermes-engine.build
    export STRINGS_FILE_INFOPLIST_RENAME\=YES
    export STRINGS_FILE_OUTPUT_ENCODING\=binary
    export STRING_CATALOG_GENERATE_SYMBOLS\=NO
    export STRIP_BITCODE_FROM_COPIED_FILES\=NO
    export STRIP_INSTALLED_PRODUCT\=NO
    export STRIP_STYLE\=all
    export STRIP_SWIFT_SYMBOLS\=YES
    export SUPPORTED_DEVICE_FAMILIES\=1,2
    export SUPPORTED_PLATFORMS\=iphoneos\ iphonesimulator
    export SUPPORTS_TEXT_BASED_API\=NO
    export SUPPRESS_WARNINGS\=NO
    export SWIFT_ACTIVE_COMPILATION_CONDITIONS\=\ DEBUG
    export SWIFT_EMIT_CONST_VALUE_PROTOCOLS\=AppIntent\ EntityQuery\ AppEntity\ TransientEntity\ AppEnum\ AppShortcutProviding\ AppShortcutsProvider\ AnyResolverProviding\ AppIntentsPackage\ DynamicOptionsProvider\ _IntentValueRepresentable\ _AssistantIntentsProvider\ _GenerativeFunctionExtractable\ IntentValueQuery\ Resolver\ AppExtension\ ExtensionPointDefining
    export SWIFT_EMIT_LOC_STRINGS\=NO
    export SWIFT_ENABLE_EXPLICIT_MODULES\=NO
    export SWIFT_OPTIMIZATION_LEVEL\=-Onone
    export SWIFT_PLATFORM_TARGET_PREFIX\=ios
    export SWIFT_RESPONSE_FILE_PATH_normal_arm64\=/Users/alexandrejunior/Library/Developer/Xcode/DerivedData/MagicWorld-fhfjocfymhawlbfyrweyymotfwge/Build/Intermediates.noindex/Pods.build/Debug-iphonesimulator/hermes-engine.build/Objects-normal/arm64/hermes-engine.SwiftFileList
    export SWIFT_VERSION\=5.0
    export SYMROOT\=/Users/alexandrejunior/Library/Developer/Xcode/DerivedData/MagicWorld-fhfjocfymhawlbfyrweyymotfwge/Build/Products
    export SYSTEM_ADMIN_APPS_DIR\=/Applications/Utilities
    export SYSTEM_APPS_DIR\=/Applications
    export SYSTEM_CORE_SERVICES_DIR\=/System/Library/CoreServices
    export SYSTEM_DEMOS_DIR\=/Applications/Extras
    export SYSTEM_DEVELOPER_APPS_DIR\=/Applications/Xcode.app/Contents/Developer/Applications
    export SYSTEM_DEVELOPER_BIN_DIR\=/Applications/Xcode.app/Contents/Developer/usr/bin
    export SYSTEM_DEVELOPER_DEMOS_DIR\=/Applications/Xcode.app/Contents/Developer/Applications/Utilities/Built\ Examples
    export SYSTEM_DEVELOPER_DIR\=/Applications/Xcode.app/Contents/Developer
    export SYSTEM_DEVELOPER_DOC_DIR\=/Applications/Xcode.app/Contents/Developer/ADC\ Reference\ Library
    export SYSTEM_DEVELOPER_GRAPHICS_TOOLS_DIR\=/Applications/Xcode.app/Contents/Developer/Applications/Graphics\ Tools
    export SYSTEM_DEVELOPER_JAVA_TOOLS_DIR\=/Applications/Xcode.app/Contents/Developer/Applications/Java\ Tools
    export SYSTEM_DEVELOPER_PERFORMANCE_TOOLS_DIR\=/Applications/Xcode.app/Contents/Developer/Applications/Performance\ Tools
    export SYSTEM_DEVELOPER_RELEASENOTES_DIR\=/Applications/Xcode.app/Contents/Developer/ADC\ Reference\ Library/releasenotes
    export SYSTEM_DEVELOPER_TOOLS\=/Applications/Xcode.app/Contents/Developer/Tools
    export SYSTEM_DEVELOPER_TOOLS_DOC_DIR\=/Applications/Xcode.app/Contents/Developer/ADC\ Reference\ Library/documentation/DeveloperTools
    export SYSTEM_DEVELOPER_TOOLS_RELEASENOTES_DIR\=/Applications/Xcode.app/Contents/Developer/ADC\ Reference\ Library/releasenotes/DeveloperTools
    export SYSTEM_DEVELOPER_USR_DIR\=/Applications/Xcode.app/Contents/Developer/usr
    export SYSTEM_DEVELOPER_UTILITIES_DIR\=/Applications/Xcode.app/Contents/Developer/Applications/Utilities
    export SYSTEM_DEXT_INSTALL_PATH\=/System/Library/DriverExtensions
    export SYSTEM_DOCUMENTATION_DIR\=/Library/Documentation
    export SYSTEM_KEXT_INSTALL_PATH\=/System/Library/Extensions
    export SYSTEM_LIBRARY_DIR\=/System/Library
    export TAPI_DEMANGLE\=YES
    export TAPI_ENABLE_PROJECT_HEADERS\=NO
    export TAPI_LANGUAGE\=objective-c
    export TAPI_LANGUAGE_STANDARD\=compiler-default
    export TAPI_USE_SRCROOT\=YES
    export TAPI_VERIFY_MODE\=Pedantic
    export TARGETED_DEVICE_FAMILY\=1,2
    export TARGETNAME\=hermes-engine
    export TARGET_BUILD_DIR\=/Users/alexandrejunior/Library/Developer/Xcode/DerivedData/MagicWorld-fhfjocfymhawlbfyrweyymotfwge/Build/Products/Debug-iphonesimulator/hermes-engine
    export TARGET_DEVICE_IDENTIFIER\=7F14A47F-86BA-4836-B19A-C623DCA93D62
    export TARGET_DEVICE_MODEL\=iPhone18,1
    export TARGET_DEVICE_OS_VERSION\=26.0
    export TARGET_DEVICE_PLATFORM_NAME\=iphonesimulator
    export TARGET_NAME\=hermes-engine
    export TARGET_TEMP_DIR\=/Users/alexandrejunior/Library/Developer/Xcode/DerivedData/MagicWorld-fhfjocfymhawlbfyrweyymotfwge/Build/Intermediates.noindex/Pods.build/Debug-iphonesimulator/hermes-engine.build
    export TEMP_DIR\=/Users/alexandrejunior/Library/Developer/Xcode/DerivedData/MagicWorld-fhfjocfymhawlbfyrweyymotfwge/Build/Intermediates.noindex/Pods.build/Debug-iphonesimulator/hermes-engine.build
    export TEMP_FILES_DIR\=/Users/alexandrejunior/Library/Developer/Xcode/DerivedData/MagicWorld-fhfjocfymhawlbfyrweyymotfwge/Build/Intermediates.noindex/Pods.build/Debug-iphonesimulator/hermes-engine.build
    export TEMP_FILE_DIR\=/Users/alexandrejunior/Library/Developer/Xcode/DerivedData/MagicWorld-fhfjocfymhawlbfyrweyymotfwge/Build/Intermediates.noindex/Pods.build/Debug-iphonesimulator/hermes-engine.build
    export TEMP_ROOT\=/Users/alexandrejunior/Library/Developer/Xcode/DerivedData/MagicWorld-fhfjocfymhawlbfyrweyymotfwge/Build/Intermediates.noindex
    export TEMP_SANDBOX_DIR\=/Users/alexandrejunior/Library/Developer/Xcode/DerivedData/MagicWorld-fhfjocfymhawlbfyrweyymotfwge/Build/Intermediates.noindex/TemporaryTaskSandboxes
    export TEST_FRAMEWORK_SEARCH_PATHS\=\ /Applications/Xcode.app/Contents/Developer/Platforms/iPhoneSimulator.platform/Developer/Library/Frameworks\ /Applications/Xcode.app/Contents/Developer/Platforms/iPhoneSimulator.platform/Developer/SDKs/iPhoneSimulator26.0.sdk/Developer/Library/Frameworks
    export TEST_LIBRARY_SEARCH_PATHS\=\ /Applications/Xcode.app/Contents/Developer/Platforms/iPhoneSimulator.platform/Developer/usr/lib
    export TOOLCHAINS\=com.apple.dt.toolchain.XcodeDefault
    export TOOLCHAIN_DIR\=/Applications/Xcode.app/Contents/Developer/Toolchains/XcodeDefault.xctoolchain
    export TREAT_MISSING_BASELINES_AS_TEST_FAILURES\=NO
    export TREAT_MISSING_SCRIPT_PHASE_OUTPUTS_AS_ERRORS\=NO
    export UID\=501
    export UNINSTALLED_PRODUCTS_DIR\=/Users/alexandrejunior/Library/Developer/Xcode/DerivedData/MagicWorld-fhfjocfymhawlbfyrweyymotfwge/Build/Intermediates.noindex/UninstalledProducts
    export UNSTRIPPED_PRODUCT\=NO
    export USER\=alexandrejunior
    export USER_APPS_DIR\=/Users/alexandrejunior/Applications
    export USER_LIBRARY_DIR\=/Users/alexandrejunior/Library
    export USE_DYNAMIC_NO_PIC\=YES
    export USE_HEADERMAP\=YES
    export USE_HEADER_SYMLINKS\=NO
    export USE_HERMES\=true
    export USE_RECURSIVE_SCRIPT_INPUTS_IN_SCRIPT_PHASES\=YES
    export VALIDATE_DEVELOPMENT_ASSET_PATHS\=YES_ERROR
    export VALIDATE_PRODUCT\=NO
    export VALID_ARCHS\=arm64\ x86_64
    export VERBOSE_PBXCP\=NO
    export VERSION_INFO_BUILDER\=alexandrejunior
    export VERSION_INFO_FILE\=hermes-engine_vers.c
    export VERSION_INFO_STRING\=\"@\(\#\)PROGRAM:hermes-engine\ \ PROJECT:Pods-\"
    export WORKSPACE_DIR\=/Users/alexandrejunior/Documents/Magic-World/ios
    export WRAP_ASSET_PACKS_IN_SEPARATE_DIRECTORIES\=NO
    export XCODE_APP_SUPPORT_DIR\=/Applications/Xcode.app/Contents/Developer/Library/Xcode
    export XCODE_PRODUCT_BUILD_VERSION\=17A324
    export XCODE_VERSION_ACTUAL\=2600
    export XCODE_VERSION_MAJOR\=2600
    export XCODE_VERSION_MINOR\=2600
    export XPCSERVICES_FOLDER_PATH\=/XPCServices
    export YACC\=yacc
    export _DISCOVER_COMMAND_LINE_LINKER_INPUTS\=YES
    export _DISCOVER_COMMAND_LINE_LINKER_INPUTS_INCLUDE_WL\=YES
    export _LD_MULTIARCH\=YES
    export __DIAGNOSE_DEPRECATED_ARCHS\=YES
    export arch\=undefined_arch
    export variant\=normal
    /bin/sh -c /Users/alexandrejunior/Library/Developer/Xcode/DerivedData/MagicWorld-fhfjocfymhawlbfyrweyymotfwge/Build/Intermediates.noindex/Pods.build/Debug-iphonesimulator/hermes-engine.build/Script-46EB2E00030B30.sh
Node found at: /opt/homebrew/Cellar/node/24.10.0/bin/node
Found .last_build_configuration file
Preparing the final location
Extracting the tarball
Done replacing hermes-engine

PhaseScriptExecution [CP]\ Copy\ XCFrameworks /Users/alexandrejunior/Library/Developer/Xcode/DerivedData/MagicWorld-fhfjocfymhawlbfyrweyymotfwge/Build/Intermediates.noindex/Pods.build/Debug-iphonesimulator/hermes-engine.build/Script-46EB2E00030B20.sh (in target 'hermes-engine' from project 'Pods')
    cd /Users/alexandrejunior/Documents/Magic-World/ios/Pods
    /bin/sh -c /Users/alexandrejunior/Library/Developer/Xcode/DerivedData/MagicWorld-fhfjocfymhawlbfyrweyymotfwge/Build/Intermediates.noindex/Pods.build/Debug-iphonesimulator/hermes-engine.build/Script-46EB2E00030B20.sh
Selected xcframework slice ios-arm64_x86_64-simulator
rsync --delete -av --filter P .*.?????? --links --filter "- CVS/" --filter "- .svn/" --filter "- .git/" --filter "- .hg/" "/Users/alexandrejunior/Documents/Magic-World/ios/Pods/hermes-engine/destroot/Library/Frameworks/universal/hermes.xcframework/ios-arm64_x86_64-simulator/*" "/Users/alexandrejunior/Library/Developer/Xcode/DerivedData/MagicWorld-fhfjocfymhawlbfyrweyymotfwge/Build/Products/Debug-iphonesimulator/XCFrameworkIntermediates/hermes-engine/Pre-built"
Transfer starting: 3 files
hermes.framework/
hermes.framework/Info.plist
hermes.framework/hermes

sent 13803589 bytes  received 70 bytes  54538360 bytes/sec
total size is 13801546  speedup is 1.00
Copied /Users/alexandrejunior/Documents/Magic-World/ios/Pods/hermes-engine/destroot/Library/Frameworks/universal/hermes.xcframework/ios-arm64_x86_64-simulator to /Users/alexandrejunior/Library/Developer/Xcode/DerivedData/MagicWorld-fhfjocfymhawlbfyrweyymotfwge/Build/Products/Debug-iphonesimulator/XCFrameworkIntermediates/hermes-engine/Pre-built

note: Run script build phase '[CP-User] [RNDeps] Replace React Native Dependencies for the right configuration, if needed' will be run during every build because the option to run the script phase "Based on dependency analysis" is unchecked. (in target 'ReactNativeDependencies' from project 'Pods')
PhaseScriptExecution [CP-User]\ [RNDeps]\ Replace\ React\ Native\ Dependencies\ for\ the\ right\ configuration,\ if\ needed /Users/alexandrejunior/Library/Developer/Xcode/DerivedData/MagicWorld-fhfjocfymhawlbfyrweyymotfwge/Build/Intermediates.noindex/Pods.build/Debug-iphonesimulator/ReactNativeDependencies.build/Script-46EB2E00030B10.sh (in target 'ReactNativeDependencies' from project 'Pods')
    cd /Users/alexandrejunior/Documents/Magic-World/ios/Pods
    export ACTION\=build
    export AD_HOC_CODE_SIGNING_ALLOWED\=YES
    export ALLOW_BUILD_REQUEST_OVERRIDES\=NO
    export ALLOW_TARGET_PLATFORM_SPECIALIZATION\=NO
    export ALTERNATE_GROUP\=staff
    export ALTERNATE_MODE\=u+w,go-w,a+rX
    export ALTERNATE_OWNER\=alexandrejunior
    export ALTERNATIVE_DISTRIBUTION_WEB\=NO
    export ALWAYS_EMBED_SWIFT_STANDARD_LIBRARIES\=NO
    export ALWAYS_SEARCH_USER_PATHS\=NO
    export ALWAYS_USE_SEPARATE_HEADERMAPS\=NO
    export ANDROID_DEPLOYMENT_TARGET\=21.0
    export APPLICATION_EXTENSION_API_ONLY\=NO
    export APPLY_RULES_IN_COPY_FILES\=NO
    export APPLY_RULES_IN_COPY_HEADERS\=NO
    export APP_SHORTCUTS_ENABLE_FLEXIBLE_MATCHING\=YES
    export ARCHS\=arm64
    export ARCHS_STANDARD\=arm64\ x86_64
    export ARCHS_STANDARD_32_64_BIT\=arm64\ x86_64
    export ARCHS_STANDARD_64_BIT\=arm64\ x86_64
    export ARCHS_STANDARD_INCLUDING_64_BIT\=arm64\ x86_64
    export ARCHS_UNIVERSAL_IPHONE_OS\=arm64\ x86_64
    export ASSETCATALOG_COMPILER_APPICON_NAME\=AppIcon
    export ASSETCATALOG_COMPILER_GLOBAL_ACCENT_COLOR_NAME\=AccentColor
    export ASSETCATALOG_FILTER_FOR_DEVICE_MODEL\=iPhone18,1
    export ASSETCATALOG_FILTER_FOR_DEVICE_OS_VERSION\=26.0
    export ASSETCATALOG_FILTER_FOR_THINNING_DEVICE_CONFIGURATION\=iPhone18,1
    export AUTOMATICALLY_MERGE_DEPENDENCIES\=NO
    export AUTOMATION_APPLE_EVENTS\=NO
    export AVAILABLE_PLATFORMS\=android\ appletvos\ appletvsimulator\ driverkit\ iphoneos\ iphonesimulator\ macosx\ qnx\ watchos\ watchsimulator\ webassembly\ xros\ xrsimulator
    export BUILD_ACTIVE_RESOURCES_ONLY\=YES
    export BUILD_COMPONENTS\=headers\ build
    export BUILD_DIR\=/Users/alexandrejunior/Library/Developer/Xcode/DerivedData/MagicWorld-fhfjocfymhawlbfyrweyymotfwge/Build/Products
    export BUILD_LIBRARY_FOR_DISTRIBUTION\=NO
    export BUILD_ROOT\=/Users/alexandrejunior/Library/Developer/Xcode/DerivedData/MagicWorld-fhfjocfymhawlbfyrweyymotfwge/Build/Products
    export BUILD_STYLE\=
    export BUILD_VARIANTS\=normal
    export BUILT_PRODUCTS_DIR\=/Users/alexandrejunior/Library/Developer/Xcode/DerivedData/MagicWorld-fhfjocfymhawlbfyrweyymotfwge/Build/Products/Debug-iphonesimulator/ReactNativeDependencies
    export BUNDLE_CONTENTS_FOLDER_PATH_deep\=Contents/
    export BUNDLE_EXECUTABLE_FOLDER_NAME_deep\=MacOS
    export BUNDLE_EXTENSIONS_FOLDER_PATH\=Extensions
    export BUNDLE_FORMAT\=shallow
    export BUNDLE_FRAMEWORKS_FOLDER_PATH\=Frameworks
    export BUNDLE_PLUGINS_FOLDER_PATH\=PlugIns
    export BUNDLE_PRIVATE_HEADERS_FOLDER_PATH\=PrivateHeaders
    export BUNDLE_PUBLIC_HEADERS_FOLDER_PATH\=Headers
    export CACHE_ROOT\=/var/folders/bw/947yyrlj5pn4rnk4v4z__7t40000gn/C/com.apple.DeveloperTools/26.0-17A324/Xcode
    export CCHROOT\=/var/folders/bw/947yyrlj5pn4rnk4v4z__7t40000gn/C/com.apple.DeveloperTools/26.0-17A324/Xcode
    export CHMOD\=/bin/chmod
    export CHOWN\=/usr/sbin/chown
    export CLANG_ANALYZER_LOCALIZABILITY_NONLOCALIZED\=YES
    export CLANG_ANALYZER_NONNULL\=YES
    export CLANG_ANALYZER_NUMBER_OBJECT_CONVERSION\=YES_AGGRESSIVE
    export CLANG_CACHE_FINE_GRAINED_OUTPUTS\=YES
    export CLANG_CXX_LANGUAGE_STANDARD\=c++20
    export CLANG_CXX_LIBRARY\=libc++
    export CLANG_ENABLE_EXPLICIT_MODULES\=YES
    export CLANG_ENABLE_MODULES\=YES
    export CLANG_ENABLE_OBJC_ARC\=YES
    export CLANG_ENABLE_OBJC_WEAK\=NO
    export CLANG_MODULES_BUILD_SESSION_FILE\=/Users/alexandrejunior/Library/Developer/Xcode/DerivedData/ModuleCache.noindex/Session.modulevalidation
    export CLANG_WARN_BLOCK_CAPTURE_AUTORELEASING\=YES
    export CLANG_WARN_BOOL_CONVERSION\=YES
    export CLANG_WARN_COMMA\=YES
    export CLANG_WARN_CONSTANT_CONVERSION\=YES
    export CLANG_WARN_DEPRECATED_OBJC_IMPLEMENTATIONS\=YES
    export CLANG_WARN_DIRECT_OBJC_ISA_USAGE\=YES_ERROR
    export CLANG_WARN_DOCUMENTATION_COMMENTS\=YES
    export CLANG_WARN_EMPTY_BODY\=YES
    export CLANG_WARN_ENUM_CONVERSION\=YES
    export CLANG_WARN_INFINITE_RECURSION\=YES
    export CLANG_WARN_INT_CONVERSION\=YES
    export CLANG_WARN_NON_LITERAL_NULL_CONVERSION\=YES
    export CLANG_WARN_OBJC_IMPLICIT_RETAIN_SELF\=YES
    export CLANG_WARN_OBJC_LITERAL_CONVERSION\=YES
    export CLANG_WARN_OBJC_ROOT_CLASS\=YES_ERROR
    export CLANG_WARN_QUOTED_INCLUDE_IN_FRAMEWORK_HEADER\=NO
    export CLANG_WARN_RANGE_LOOP_ANALYSIS\=YES
    export CLANG_WARN_STRICT_PROTOTYPES\=YES
    export CLANG_WARN_SUSPICIOUS_MOVE\=YES
    export CLANG_WARN_UNGUARDED_AVAILABILITY\=YES_AGGRESSIVE
    export CLANG_WARN_UNREACHABLE_CODE\=YES
    export CLANG_WARN__DUPLICATE_METHOD_MATCH\=YES
    export CLASS_FILE_DIR\=/Users/alexandrejunior/Library/Developer/Xcode/DerivedData/MagicWorld-fhfjocfymhawlbfyrweyymotfwge/Build/Intermediates.noindex/Pods.build/Debug-iphonesimulator/ReactNativeDependencies.build/JavaClasses
    export CLEAN_PRECOMPS\=YES
    export CLONE_HEADERS\=NO
    export CODESIGNING_FOLDER_PATH\=/Users/alexandrejunior/Library/Developer/Xcode/DerivedData/MagicWorld-fhfjocfymhawlbfyrweyymotfwge/Build/Products/Debug-iphonesimulator/ReactNativeDependencies/
    export CODE_SIGNING_ALLOWED\=NO
    export CODE_SIGNING_REQUIRED\=YES
    export CODE_SIGN_CONTEXT_CLASS\=XCiPhoneSimulatorCodeSignContext
    export CODE_SIGN_IDENTITY\=-
    export CODE_SIGN_INJECT_BASE_ENTITLEMENTS\=YES
    export COLOR_DIAGNOSTICS\=NO
    export COMBINE_HIDPI_IMAGES\=NO
    export COMPILATION_CACHE_CAS_PATH\=/Users/alexandrejunior/Library/Developer/Xcode/DerivedData/CompilationCache.noindex
    export COMPILATION_CACHE_KEEP_CAS_DIRECTORY\=YES
    export COMPILER_INDEX_STORE_ENABLE\=Default
    export COMPOSITE_SDK_DIRS\=/Users/alexandrejunior/Library/Developer/Xcode/DerivedData/MagicWorld-fhfjocfymhawlbfyrweyymotfwge/Build/Intermediates.noindex/CompositeSDKs
    export COMPRESS_PNG_FILES\=YES
    export CONFIGURATION\=Debug
    export CONFIGURATION_BUILD_DIR\=/Users/alexandrejunior/Library/Developer/Xcode/DerivedData/MagicWorld-fhfjocfymhawlbfyrweyymotfwge/Build/Products/Debug-iphonesimulator/ReactNativeDependencies
    export CONFIGURATION_TEMP_DIR\=/Users/alexandrejunior/Library/Developer/Xcode/DerivedData/MagicWorld-fhfjocfymhawlbfyrweyymotfwge/Build/Intermediates.noindex/Pods.build/Debug-iphonesimulator
    export COPYING_PRESERVES_HFS_DATA\=NO
    export COPY_HEADERS_RUN_UNIFDEF\=NO
    export COPY_PHASE_STRIP\=NO
    export CORRESPONDING_DEVICE_PLATFORM_DIR\=/Applications/Xcode.app/Contents/Developer/Platforms/iPhoneOS.platform
    export CORRESPONDING_DEVICE_PLATFORM_NAME\=iphoneos
    export CORRESPONDING_DEVICE_SDK_DIR\=/Applications/Xcode.app/Contents/Developer/Platforms/iPhoneOS.platform/Developer/SDKs/iPhoneOS26.0.sdk
    export CORRESPONDING_DEVICE_SDK_NAME\=iphoneos26.0
    export CP\=/bin/cp
    export CREATE_INFOPLIST_SECTION_IN_BINARY\=NO
    export CURRENT_ARCH\=undefined_arch
    export CURRENT_VARIANT\=normal
    export DEAD_CODE_STRIPPING\=YES
    export DEBUGGING_SYMBOLS\=YES
    export DEBUG_INFORMATION_FORMAT\=dwarf
    export DEBUG_INFORMATION_VERSION\=compiler-default
    export DEFAULT_COMPILER\=com.apple.compilers.llvm.clang.1_0
    export DEFAULT_DEXT_INSTALL_PATH\=/System/Library/DriverExtensions
    export DEFAULT_KEXT_INSTALL_PATH\=/System/Library/Extensions
    export DEFINES_MODULE\=NO
    export DEPLOYMENT_LOCATION\=NO
    export DEPLOYMENT_POSTPROCESSING\=NO
    export DEPLOYMENT_TARGET_SETTING_NAME\=IPHONEOS_DEPLOYMENT_TARGET
    export DEPLOYMENT_TARGET_SUGGESTED_VALUES\=12.0\ 12.1\ 12.2\ 12.3\ 12.4\ 13.0\ 13.1\ 13.2\ 13.3\ 13.4\ 13.5\ 13.6\ 14.0\ 14.1\ 14.2\ 14.3\ 14.4\ 14.5\ 14.6\ 14.7\ 15.0\ 15.1\ 15.2\ 15.3\ 15.4\ 15.5\ 15.6\ 16.0\ 16.1\ 16.2\ 16.3\ 16.4\ 16.5\ 16.6\ 17.0\ 17.1\ 17.2\ 17.3\ 17.4\ 17.5\ 17.6\ 18.0\ 18.1\ 18.2\ 18.3\ 18.4\ 18.5\ 18.6\ 26.0
    export DERIVED_FILES_DIR\=/Users/alexandrejunior/Library/Developer/Xcode/DerivedData/MagicWorld-fhfjocfymhawlbfyrweyymotfwge/Build/Intermediates.noindex/Pods.build/Debug-iphonesimulator/ReactNativeDependencies.build/DerivedSources
    export DERIVED_FILE_DIR\=/Users/alexandrejunior/Library/Developer/Xcode/DerivedData/MagicWorld-fhfjocfymhawlbfyrweyymotfwge/Build/Intermediates.noindex/Pods.build/Debug-iphonesimulator/ReactNativeDependencies.build/DerivedSources
    export DERIVED_SOURCES_DIR\=/Users/alexandrejunior/Library/Developer/Xcode/DerivedData/MagicWorld-fhfjocfymhawlbfyrweyymotfwge/Build/Intermediates.noindex/Pods.build/Debug-iphonesimulator/ReactNativeDependencies.build/DerivedSources
    export DEVELOPER_APPLICATIONS_DIR\=/Applications/Xcode.app/Contents/Developer/Applications
    export DEVELOPER_BIN_DIR\=/Applications/Xcode.app/Contents/Developer/usr/bin
    export DEVELOPER_DIR\=/Applications/Xcode.app/Contents/Developer
    export DEVELOPER_FRAMEWORKS_DIR\=/Applications/Xcode.app/Contents/Developer/Library/Frameworks
    export DEVELOPER_FRAMEWORKS_DIR_QUOTED\=/Applications/Xcode.app/Contents/Developer/Library/Frameworks
    export DEVELOPER_LIBRARY_DIR\=/Applications/Xcode.app/Contents/Developer/Library
    export DEVELOPER_SDK_DIR\=/Applications/Xcode.app/Contents/Developer/Platforms/MacOSX.platform/Developer/SDKs
    export DEVELOPER_TOOLS_DIR\=/Applications/Xcode.app/Contents/Developer/Tools
    export DEVELOPER_USR_DIR\=/Applications/Xcode.app/Contents/Developer/usr
    export DEVELOPMENT_LANGUAGE\=en
    export DIAGNOSE_MISSING_TARGET_DEPENDENCIES\=YES
    export DIFF\=/usr/bin/diff
    export DONT_GENERATE_INFOPLIST_FILE\=NO
    export DSTROOT\=/tmp/Pods.dst
    export DT_TOOLCHAIN_DIR\=/Applications/Xcode.app/Contents/Developer/Toolchains/XcodeDefault.xctoolchain
    export DWARF_DSYM_FILE_NAME\=.dSYM
    export DWARF_DSYM_FILE_SHOULD_ACCOMPANY_PRODUCT\=NO
    export DWARF_DSYM_FOLDER_PATH\=/Users/alexandrejunior/Library/Developer/Xcode/DerivedData/MagicWorld-fhfjocfymhawlbfyrweyymotfwge/Build/Products/Debug-iphonesimulator/ReactNativeDependencies
    export DYNAMIC_LIBRARY_EXTENSION\=dylib
    export EAGER_COMPILATION_ALLOW_SCRIPTS\=NO
    export EAGER_LINKING\=NO
    export EFFECTIVE_PLATFORM_NAME\=-iphonesimulator
    export EMBEDDED_CONTENT_CONTAINS_SWIFT\=NO
    export EMBED_ASSET_PACKS_IN_PRODUCT_BUNDLE\=NO
    export ENABLE_APP_SANDBOX\=NO
    export ENABLE_CODE_COVERAGE\=YES
    export ENABLE_CPLUSPLUS_BOUNDS_SAFE_BUFFERS\=NO
    export ENABLE_C_BOUNDS_SAFETY\=NO
    export ENABLE_DEFAULT_HEADER_SEARCH_PATHS\=YES
    export ENABLE_DEFAULT_SEARCH_PATHS\=YES
    export ENABLE_ENHANCED_SECURITY\=NO
    export ENABLE_HARDENED_RUNTIME\=NO
    export ENABLE_HEADER_DEPENDENCIES\=YES
    export ENABLE_INCOMING_NETWORK_CONNECTIONS\=NO
    export ENABLE_ON_DEMAND_RESOURCES\=NO
    export ENABLE_OUTGOING_NETWORK_CONNECTIONS\=NO
    export ENABLE_POINTER_AUTHENTICATION\=NO
    export ENABLE_PREVIEWS\=NO
    export ENABLE_RESOURCE_ACCESS_AUDIO_INPUT\=NO
    export ENABLE_RESOURCE_ACCESS_BLUETOOTH\=NO
    export ENABLE_RESOURCE_ACCESS_CALENDARS\=NO
    export ENABLE_RESOURCE_ACCESS_CAMERA\=NO
    export ENABLE_RESOURCE_ACCESS_CONTACTS\=NO
    export ENABLE_RESOURCE_ACCESS_LOCATION\=NO
    export ENABLE_RESOURCE_ACCESS_PHOTO_LIBRARY\=NO
    export ENABLE_RESOURCE_ACCESS_PRINTING\=NO
    export ENABLE_RESOURCE_ACCESS_USB\=NO
    export ENABLE_SDK_IMPORTS\=NO
    export ENABLE_SECURITY_COMPILER_WARNINGS\=NO
    export ENABLE_STRICT_OBJC_MSGSEND\=YES
    export ENABLE_TESTABILITY\=YES
    export ENABLE_TESTING_SEARCH_PATHS\=NO
    export ENABLE_USER_SCRIPT_SANDBOXING\=NO
    export ENABLE_XOJIT_PREVIEWS\=YES
    export ENFORCE_VALID_ARCHS\=YES
    export ENTITLEMENTS_DESTINATION\=__entitlements
    export ENTITLEMENTS_REQUIRED\=YES
    export EXCLUDED_INSTALLSRC_SUBDIRECTORY_PATTERNS\=.DS_Store\ .svn\ .git\ .hg\ CVS
    export EXCLUDED_RECURSIVE_SEARCH_PATH_SUBDIRECTORIES\=\*.nib\ \*.lproj\ \*.framework\ \*.gch\ \*.xcode\*\ \*.xcassets\ \*.icon\ \(\*\)\ .DS_Store\ CVS\ .svn\ .git\ .hg\ \*.pbproj\ \*.pbxproj
    export FILE_LIST\=/Users/alexandrejunior/Library/Developer/Xcode/DerivedData/MagicWorld-fhfjocfymhawlbfyrweyymotfwge/Build/Intermediates.noindex/Pods.build/Debug-iphonesimulator/ReactNativeDependencies.build/Objects/LinkFileList
    export FIXED_FILES_DIR\=/Users/alexandrejunior/Library/Developer/Xcode/DerivedData/MagicWorld-fhfjocfymhawlbfyrweyymotfwge/Build/Intermediates.noindex/Pods.build/Debug-iphonesimulator/ReactNativeDependencies.build/FixedFiles
    export FRAMEWORK_SEARCH_PATHS\=\ \"/Users/alexandrejunior/Documents/Magic-World/ios/Pods/ReactNativeDependencies/framework/packages/react-native\"\ \"/Users/alexandrejunior/Library/Developer/Xcode/DerivedData/MagicWorld-fhfjocfymhawlbfyrweyymotfwge/Build/Products/Debug-iphonesimulator/XCFrameworkIntermediates/ReactNativeDependencies\"
    export FRAMEWORK_VERSION\=A
    export FUSE_BUILD_PHASES\=YES
    export FUSE_BUILD_SCRIPT_PHASES\=NO
    export GCC3_VERSION\=3.3
    export GCC_C_LANGUAGE_STANDARD\=gnu11
    export GCC_DYNAMIC_NO_PIC\=NO
    export GCC_NO_COMMON_BLOCKS\=YES
    export GCC_OBJC_LEGACY_DISPATCH\=YES
    export GCC_OPTIMIZATION_LEVEL\=0
    export GCC_PFE_FILE_C_DIALECTS\=c\ objective-c\ c++\ objective-c++
    export GCC_PREPROCESSOR_DEFINITIONS\=POD_CONFIGURATION_DEBUG\=1\ DEBUG\=1\ \ COCOAPODS\=1
    export GCC_TREAT_WARNINGS_AS_ERRORS\=NO
    export GCC_VERSION\=com.apple.compilers.llvm.clang.1_0
    export GCC_VERSION_IDENTIFIER\=com_apple_compilers_llvm_clang_1_0
    export GCC_WARN_64_TO_32_BIT_CONVERSION\=YES
    export GCC_WARN_ABOUT_RETURN_TYPE\=YES_ERROR
    export GCC_WARN_UNDECLARED_SELECTOR\=YES
    export GCC_WARN_UNINITIALIZED_AUTOS\=YES_AGGRESSIVE
    export GCC_WARN_UNUSED_FUNCTION\=YES
    export GCC_WARN_UNUSED_VARIABLE\=YES
    export GENERATED_MODULEMAP_DIR\=/Users/alexandrejunior/Library/Developer/Xcode/DerivedData/MagicWorld-fhfjocfymhawlbfyrweyymotfwge/Build/Intermediates.noindex/GeneratedModuleMaps-iphonesimulator
    export GENERATE_INFOPLIST_FILE\=NO
    export GENERATE_INTERMEDIATE_TEXT_BASED_STUBS\=YES
    export GENERATE_PKGINFO_FILE\=NO
    export GENERATE_PRELINK_OBJECT_FILE\=NO
    export GENERATE_PROFILING_CODE\=NO
    export GENERATE_TEXT_BASED_STUBS\=NO
    export GID\=20
    export GROUP\=staff
    export HEADERMAP_INCLUDES_FLAT_ENTRIES_FOR_TARGET_BEING_BUILT\=YES
    export HEADERMAP_INCLUDES_FRAMEWORK_ENTRIES_FOR_ALL_PRODUCT_TYPES\=YES
    export HEADERMAP_INCLUDES_FRAMEWORK_ENTRIES_FOR_TARGETS_NOT_BEING_BUILT\=YES
    export HEADERMAP_INCLUDES_NONPUBLIC_NONPRIVATE_HEADERS\=YES
    export HEADERMAP_INCLUDES_PROJECT_HEADERS\=YES
    export HEADERMAP_USES_FRAMEWORK_PREFIX_ENTRIES\=YES
    export HEADERMAP_USES_VFS\=NO
    export HEADER_SEARCH_PATHS\=\ /Users/alexandrejunior/Documents/Magic-World/ios/Pods/ReactCommon\ /Users/alexandrejunior/Documents/Magic-World/ios/Pods/ReactCommon/react/nativemodule/core\ /Users/alexandrejunior/Documents/Magic-World/ios/Pods/React-runtimeexecutor\ /Users/alexandrejunior/Documents/Magic-World/ios/Pods/React-runtimeexecutor/platform/ios\ /Users/alexandrejunior/Documents/Magic-World/ios/Pods/ReactCommon-Samples\ /Users/alexandrejunior/Documents/Magic-World/ios/Pods/ReactCommon-Samples/platform/ios\ /Users/alexandrejunior/Documents/Magic-World/ios/Pods/React-Fabric/react/renderer/components/view/platform/cxx\ /Users/alexandrejunior/Documents/Magic-World/ios/Pods/React-NativeModulesApple\ /Users/alexandrejunior/Documents/Magic-World/ios/Pods/React-graphics\ /Users/alexandrejunior/Documents/Magic-World/ios/Pods/React-graphics/react/renderer/graphics/platform/ios\ \"/Users/alexandrejunior/Documents/Magic-World/ios/Pods/Headers/Private\"\ \"/Users/alexandrejunior/Documents/Magic-World/ios/Pods/Headers/Private/ReactNativeDependencies\"\ \"/Users/alexandrejunior/Documents/Magic-World/ios/Pods/Headers/Public\"\ \"/Users/alexandrejunior/Documents/Magic-World/ios/Pods/Headers/Public/ReactNativeDependencies\"
    export HOME\=/Users/alexandrejunior
    export HOST_ARCH\=arm64
    export HOST_PLATFORM\=macosx
    export ICONV\=/usr/bin/iconv
    export IMPLICIT_DEPENDENCY_DOMAIN\=default
    export INFOPLIST_ENABLE_CFBUNDLEICONS_MERGE\=YES
    export INFOPLIST_EXPAND_BUILD_SETTINGS\=YES
    export INFOPLIST_OUTPUT_FORMAT\=binary
    export INFOPLIST_PREPROCESS\=NO
    export INLINE_PRIVATE_FRAMEWORKS\=NO
    export INSTALLAPI_IGNORE_SKIP_INSTALL\=YES
    export INSTALLHDRS_COPY_PHASE\=NO
    export INSTALLHDRS_SCRIPT_PHASE\=NO
    export INSTALL_DIR\=/tmp/Pods.dst
    export INSTALL_GROUP\=staff
    export INSTALL_MODE_FLAG\=u+w,go-w,a+rX
    export INSTALL_OWNER\=alexandrejunior
    export INSTALL_ROOT\=/tmp/Pods.dst
    export IPHONEOS_DEPLOYMENT_TARGET\=15.1
    export IS_UNOPTIMIZED_BUILD\=YES
    export JAVAC_DEFAULT_FLAGS\=-J-Xms64m\ -J-XX:NewSize\=4M\ -J-Dfile.encoding\=UTF8
    export JAVA_APP_STUB\=/System/Library/Frameworks/JavaVM.framework/Resources/MacOS/JavaApplicationStub
    export JAVA_ARCHIVE_CLASSES\=YES
    export JAVA_ARCHIVE_TYPE\=JAR
    export JAVA_COMPILER\=/usr/bin/javac
    export JAVA_FRAMEWORK_RESOURCES_DIRS\=Resources
    export JAVA_JAR_FLAGS\=cv
    export JAVA_SOURCE_SUBDIR\=.
    export JAVA_USE_DEPENDENCIES\=YES
    export JAVA_ZIP_FLAGS\=-urg
    export JIKES_DEFAULT_FLAGS\=+E\ +OLDCSO
    export KEEP_PRIVATE_EXTERNS\=NO
    export LD_DEPENDENCY_INFO_FILE\=/Users/alexandrejunior/Library/Developer/Xcode/DerivedData/MagicWorld-fhfjocfymhawlbfyrweyymotfwge/Build/Intermediates.noindex/Pods.build/Debug-iphonesimulator/ReactNativeDependencies.build/Objects-normal/undefined_arch/ReactNativeDependencies_dependency_info.dat
    export LD_EXPORT_SYMBOLS\=YES
    export LD_GENERATE_MAP_FILE\=NO
    export LD_MAP_FILE_PATH\=/Users/alexandrejunior/Library/Developer/Xcode/DerivedData/MagicWorld-fhfjocfymhawlbfyrweyymotfwge/Build/Intermediates.noindex/Pods.build/Debug-iphonesimulator/ReactNativeDependencies.build/ReactNativeDependencies-LinkMap-normal-undefined_arch.txt
    export LD_NO_PIE\=NO
    export LD_QUOTE_LINKER_ARGUMENTS_FOR_COMPILER_DRIVER\=YES
    export LD_RUNPATH_SEARCH_PATHS\=\ @executable_path/Frameworks
    export LD_SHARED_CACHE_ELIGIBLE\=Automatic
    export LD_WARN_DUPLICATE_LIBRARIES\=NO
    export LD_WARN_UNUSED_DYLIBS\=NO
    export LEGACY_DEVELOPER_DIR\=/Applications/Xcode.app/Contents/PlugIns/Xcode3Core.ideplugin/Contents/SharedSupport/Developer
    export LEX\=lex
    export LIBRARY_DEXT_INSTALL_PATH\=/Library/DriverExtensions
    export LIBRARY_FLAG_NOSPACE\=YES
    export LIBRARY_KEXT_INSTALL_PATH\=/Library/Extensions
    export LINKER_DISPLAYS_MANGLED_NAMES\=NO
    export LINK_FILE_LIST_normal_arm64\=/Users/alexandrejunior/Library/Developer/Xcode/DerivedData/MagicWorld-fhfjocfymhawlbfyrweyymotfwge/Build/Intermediates.noindex/Pods.build/Debug-iphonesimulator/ReactNativeDependencies.build/Objects-normal/arm64/ReactNativeDependencies.LinkFileList
    export LINK_OBJC_RUNTIME\=YES
    export LINK_WITH_STANDARD_LIBRARIES\=YES
    export LLVM_TARGET_TRIPLE_OS_VERSION\=ios15.1
    export LLVM_TARGET_TRIPLE_SUFFIX\=-simulator
    export LLVM_TARGET_TRIPLE_VENDOR\=apple
    export LM_AUX_CONST_METADATA_LIST_PATH_normal_arm64\=/Users/alexandrejunior/Library/Developer/Xcode/DerivedData/MagicWorld-fhfjocfymhawlbfyrweyymotfwge/Build/Intermediates.noindex/Pods.build/Debug-iphonesimulator/ReactNativeDependencies.build/Objects-normal/arm64/ReactNativeDependencies.SwiftConstValuesFileList
    export LOCALIZATION_EXPORT_SUPPORTED\=YES
    export LOCALIZATION_PREFERS_STRING_CATALOGS\=NO
    export LOCALIZED_STRING_MACRO_NAMES\=NSLocalizedString\ CFCopyLocalizedString
    export LOCALIZED_STRING_SWIFTUI_SUPPORT\=YES
    export LOCAL_ADMIN_APPS_DIR\=/Applications/Utilities
    export LOCAL_APPS_DIR\=/Applications
    export LOCAL_DEVELOPER_DIR\=/Library/Developer
    export LOCAL_LIBRARY_DIR\=/Library
    export LOCROOT\=/Users/alexandrejunior/Documents/Magic-World/ios/Pods
    export LOCSYMROOT\=/Users/alexandrejunior/Documents/Magic-World/ios/Pods
    export MAC_OS_X_PRODUCT_BUILD_VERSION\=25A354
    export MAC_OS_X_VERSION_ACTUAL\=260000
    export MAC_OS_X_VERSION_MAJOR\=260000
    export MAC_OS_X_VERSION_MINOR\=260000
    export MAKE_MERGEABLE\=NO
    export MERGEABLE_LIBRARY\=NO
    export MERGED_BINARY_TYPE\=none
    export MERGE_LINKED_LIBRARIES\=NO
    export METAL_LIBRARY_FILE_BASE\=default
    export METAL_LIBRARY_OUTPUT_DIR\=/Users/alexandrejunior/Library/Developer/Xcode/DerivedData/MagicWorld-fhfjocfymhawlbfyrweyymotfwge/Build/Products/Debug-iphonesimulator/ReactNativeDependencies/
    export MODULE_CACHE_DIR\=/Users/alexandrejunior/Library/Developer/Xcode/DerivedData/ModuleCache.noindex
    export MTL_ENABLE_DEBUG_INFO\=INCLUDE_SOURCE
    export MTL_FAST_MATH\=YES
    export NATIVE_ARCH\=arm64
    export NATIVE_ARCH_32_BIT\=arm
    export NATIVE_ARCH_64_BIT\=arm64
    export NATIVE_ARCH_ACTUAL\=arm64
    export NO_COMMON\=YES
    export OBJC_ABI_VERSION\=2
    export OBJECT_FILE_DIR\=/Users/alexandrejunior/Library/Developer/Xcode/DerivedData/MagicWorld-fhfjocfymhawlbfyrweyymotfwge/Build/Intermediates.noindex/Pods.build/Debug-iphonesimulator/ReactNativeDependencies.build/Objects
    export OBJECT_FILE_DIR_normal\=/Users/alexandrejunior/Library/Developer/Xcode/DerivedData/MagicWorld-fhfjocfymhawlbfyrweyymotfwge/Build/Intermediates.noindex/Pods.build/Debug-iphonesimulator/ReactNativeDependencies.build/Objects-normal
    export OBJROOT\=/Users/alexandrejunior/Library/Developer/Xcode/DerivedData/MagicWorld-fhfjocfymhawlbfyrweyymotfwge/Build/Intermediates.noindex
    export ONLY_ACTIVE_ARCH\=YES
    export OS\=MACOS
    export OSAC\=/usr/bin/osacompile
    export PASCAL_STRINGS\=YES
    export PATH\=/Applications/Xcode.app/Contents/SharedFrameworks/SwiftBuild.framework/Versions/A/PlugIns/SWBBuildService.bundle/Contents/PlugIns/SWBUniversalPlatformPlugin.bundle/Contents/Frameworks/SWBUniversalPlatform.framework/Resources:/Applications/Xcode.app/Contents/Developer/Toolchains/XcodeDefault.xctoolchain/usr/bin:/Applications/Xcode.app/Contents/Developer/Toolchains/XcodeDefault.xctoolchain/usr/local/bin:/Applications/Xcode.app/Contents/Developer/Toolchains/XcodeDefault.xctoolchain/usr/libexec:/Applications/Xcode.app/Contents/Developer/Platforms/iPhoneSimulator.platform/usr/bin:/Applications/Xcode.app/Contents/Developer/Platforms/iPhoneSimulator.platform/usr/local/bin:/Applications/Xcode.app/Contents/Developer/Platforms/iPhoneSimulator.platform/Developer/usr/bin:/Applications/Xcode.app/Contents/Developer/Platforms/iPhoneSimulator.platform/Developer/usr/local/bin:/Applications/Xcode.app/Contents/Developer/usr/bin:/Applications/Xcode.app/Contents/Developer/usr/local/bin:/Users/alexandrejunior/Documents/Magic-World/node_modules/.bin:/Users/alexandrejunior/Documents/node_modules/.bin:/Users/alexandrejunior/node_modules/.bin:/Users/node_modules/.bin:/node_modules/.bin:/Users/alexandrejunior/.bun/bin:/usr/local/bin:/System/Cryptexes/App/usr/bin:/usr/bin:/bin:/usr/sbin:/sbin:/var/run/com.apple.security.cryptexd/codex.system/bootstrap/usr/local/bin:/var/run/com.apple.security.cryptexd/codex.system/bootstrap/usr/bin:/var/run/com.apple.security.cryptexd/codex.system/bootstrap/usr/appleinternal/bin:/Library/Apple/usr/bin:/opt/homebrew/bin:/Users/alexandrejunior/.cargo/bin:/Users/alexandrejunior/Library/Android/sdk/platform-tools:/Users/alexandrejunior/Library/Android/sdk/emulator:/Users/alexandrejunior/Library/Android/sdk/tools:/Users/alexandrejunior/Library/Android/sdk/tools/bin
    export PATH_PREFIXES_EXCLUDED_FROM_HEADER_DEPENDENCIES\=/usr/include\ /usr/local/include\ /System/Library/Frameworks\ /System/Library/PrivateFrameworks\ /Applications/Xcode.app/Contents/Developer/Headers\ /Applications/Xcode.app/Contents/Developer/SDKs\ /Applications/Xcode.app/Contents/Developer/Platforms
    export PER_ARCH_MODULE_FILE_DIR\=/Users/alexandrejunior/Library/Developer/Xcode/DerivedData/MagicWorld-fhfjocfymhawlbfyrweyymotfwge/Build/Intermediates.noindex/Pods.build/Debug-iphonesimulator/ReactNativeDependencies.build/Objects-normal/undefined_arch
    export PER_ARCH_OBJECT_FILE_DIR\=/Users/alexandrejunior/Library/Developer/Xcode/DerivedData/MagicWorld-fhfjocfymhawlbfyrweyymotfwge/Build/Intermediates.noindex/Pods.build/Debug-iphonesimulator/ReactNativeDependencies.build/Objects-normal/undefined_arch
    export PER_VARIANT_OBJECT_FILE_DIR\=/Users/alexandrejunior/Library/Developer/Xcode/DerivedData/MagicWorld-fhfjocfymhawlbfyrweyymotfwge/Build/Intermediates.noindex/Pods.build/Debug-iphonesimulator/ReactNativeDependencies.build/Objects-normal
    export PKGINFO_FILE_PATH\=/Users/alexandrejunior/Library/Developer/Xcode/DerivedData/MagicWorld-fhfjocfymhawlbfyrweyymotfwge/Build/Intermediates.noindex/Pods.build/Debug-iphonesimulator/ReactNativeDependencies.build/PkgInfo
    export PLATFORM_DEVELOPER_APPLICATIONS_DIR\=/Applications/Xcode.app/Contents/Developer/Platforms/iPhoneSimulator.platform/Developer/Applications
    export PLATFORM_DEVELOPER_BIN_DIR\=/Applications/Xcode.app/Contents/Developer/Platforms/iPhoneSimulator.platform/Developer/usr/bin
    export PLATFORM_DEVELOPER_LIBRARY_DIR\=/Applications/Xcode.app/Contents/Developer/Platforms/iPhoneSimulator.platform/Developer/Library
    export PLATFORM_DEVELOPER_SDK_DIR\=/Applications/Xcode.app/Contents/Developer/Platforms/iPhoneSimulator.platform/Developer/SDKs
    export PLATFORM_DEVELOPER_TOOLS_DIR\=/Applications/Xcode.app/Contents/Developer/Platforms/iPhoneSimulator.platform/Developer/Tools
    export PLATFORM_DEVELOPER_USR_DIR\=/Applications/Xcode.app/Contents/Developer/Platforms/iPhoneSimulator.platform/Developer/usr
    export PLATFORM_DIR\=/Applications/Xcode.app/Contents/Developer/Platforms/iPhoneSimulator.platform
    export PLATFORM_DISPLAY_NAME\=iOS\ Simulator
    export PLATFORM_FAMILY_NAME\=iOS
    export PLATFORM_NAME\=iphonesimulator
    export PLATFORM_PREFERRED_ARCH\=x86_64
    export PLATFORM_PRODUCT_BUILD_VERSION\=23A339
    export PLATFORM_REQUIRES_SWIFT_AUTOLINK_EXTRACT\=NO
    export PLATFORM_REQUIRES_SWIFT_MODULEWRAP\=NO
    export PLIST_FILE_OUTPUT_FORMAT\=binary
    export PODS_BUILD_DIR\=/Users/alexandrejunior/Library/Developer/Xcode/DerivedData/MagicWorld-fhfjocfymhawlbfyrweyymotfwge/Build/Products
    export PODS_CONFIGURATION_BUILD_DIR\=/Users/alexandrejunior/Library/Developer/Xcode/DerivedData/MagicWorld-fhfjocfymhawlbfyrweyymotfwge/Build/Products/Debug-iphonesimulator
    export PODS_DEVELOPMENT_LANGUAGE\=en
    export PODS_ROOT\=/Users/alexandrejunior/Documents/Magic-World/ios/Pods
    export PODS_TARGET_SRCROOT\=/Users/alexandrejunior/Documents/Magic-World/ios/Pods/ReactNativeDependencies
    export PODS_XCFRAMEWORKS_BUILD_DIR\=/Users/alexandrejunior/Library/Developer/Xcode/DerivedData/MagicWorld-fhfjocfymhawlbfyrweyymotfwge/Build/Products/Debug-iphonesimulator/XCFrameworkIntermediates
    export PRECOMPS_INCLUDE_HEADERS_FROM_BUILT_PRODUCTS_DIR\=YES
    export PRECOMP_DESTINATION_DIR\=/Users/alexandrejunior/Library/Developer/Xcode/DerivedData/MagicWorld-fhfjocfymhawlbfyrweyymotfwge/Build/Intermediates.noindex/Pods.build/Debug-iphonesimulator/ReactNativeDependencies.build/PrefixHeaders
    export PROCESSED_INFOPLIST_PATH\=/Users/alexandrejunior/Library/Developer/Xcode/DerivedData/MagicWorld-fhfjocfymhawlbfyrweyymotfwge/Build/Intermediates.noindex/Pods.build/Debug-iphonesimulator/ReactNativeDependencies.build/Objects-normal/undefined_arch/Processed-Info.plist
    export PRODUCT_BUNDLE_IDENTIFIER\=org.cocoapods.ReactNativeDependencies
    export PRODUCT_MODULE_NAME\=ReactNativeDependencies
    export PRODUCT_NAME\=ReactNativeDependencies
    export PRODUCT_SETTINGS_PATH\=
    export PROFILING_CODE\=NO
    export PROJECT\=Pods
    export PROJECT_DERIVED_FILE_DIR\=/Users/alexandrejunior/Library/Developer/Xcode/DerivedData/MagicWorld-fhfjocfymhawlbfyrweyymotfwge/Build/Intermediates.noindex/Pods.build/DerivedSources
    export PROJECT_DIR\=/Users/alexandrejunior/Documents/Magic-World/ios/Pods
    export PROJECT_FILE_PATH\=/Users/alexandrejunior/Documents/Magic-World/ios/Pods/Pods.xcodeproj
    export PROJECT_GUID\=8699adb1dd336b26511df848a716bd42
    export PROJECT_NAME\=Pods
    export PROJECT_TEMP_DIR\=/Users/alexandrejunior/Library/Developer/Xcode/DerivedData/MagicWorld-fhfjocfymhawlbfyrweyymotfwge/Build/Intermediates.noindex/Pods.build
    export PROJECT_TEMP_ROOT\=/Users/alexandrejunior/Library/Developer/Xcode/DerivedData/MagicWorld-fhfjocfymhawlbfyrweyymotfwge/Build/Intermediates.noindex
    export REACT_NATIVE_PATH\=/Users/alexandrejunior/Documents/Magic-World/ios/Pods/../../node_modules/react-native
    export RECOMMENDED_IPHONEOS_DEPLOYMENT_TARGET\=15.0
    export RECURSIVE_SEARCH_PATHS_FOLLOW_SYMLINKS\=YES
    export REMOVE_CVS_FROM_RESOURCES\=YES
    export REMOVE_GIT_FROM_RESOURCES\=YES
    export REMOVE_HEADERS_FROM_EMBEDDED_BUNDLES\=YES
    export REMOVE_HG_FROM_RESOURCES\=YES
    export REMOVE_STATIC_EXECUTABLES_FROM_EMBEDDED_BUNDLES\=YES
    export REMOVE_SVN_FROM_RESOURCES\=YES
    export RESCHEDULE_INDEPENDENT_HEADERS_PHASES\=YES
    export REZ_COLLECTOR_DIR\=/Users/alexandrejunior/Library/Developer/Xcode/DerivedData/MagicWorld-fhfjocfymhawlbfyrweyymotfwge/Build/Intermediates.noindex/Pods.build/Debug-iphonesimulator/ReactNativeDependencies.build/ResourceManagerResources
    export REZ_OBJECTS_DIR\=/Users/alexandrejunior/Library/Developer/Xcode/DerivedData/MagicWorld-fhfjocfymhawlbfyrweyymotfwge/Build/Intermediates.noindex/Pods.build/Debug-iphonesimulator/ReactNativeDependencies.build/ResourceManagerResources/Objects
    export RUNTIME_EXCEPTION_ALLOW_DYLD_ENVIRONMENT_VARIABLES\=NO
    export RUNTIME_EXCEPTION_ALLOW_JIT\=NO
    export RUNTIME_EXCEPTION_ALLOW_UNSIGNED_EXECUTABLE_MEMORY\=NO
    export RUNTIME_EXCEPTION_DEBUGGING_TOOL\=NO
    export RUNTIME_EXCEPTION_DISABLE_EXECUTABLE_PAGE_PROTECTION\=NO
    export RUNTIME_EXCEPTION_DISABLE_LIBRARY_VALIDATION\=NO
    export SCAN_ALL_SOURCE_FILES_FOR_INCLUDES\=NO
    export SCRIPT_INPUT_FILE_COUNT\=0
    export SCRIPT_INPUT_FILE_LIST_COUNT\=0
    export SCRIPT_OUTPUT_FILE_COUNT\=0
    export SCRIPT_OUTPUT_FILE_LIST_COUNT\=0
    export SDKROOT\=/Applications/Xcode.app/Contents/Developer/Platforms/iPhoneSimulator.platform/Developer/SDKs/iPhoneSimulator26.0.sdk
    export SDK_DIR\=/Applications/Xcode.app/Contents/Developer/Platforms/iPhoneSimulator.platform/Developer/SDKs/iPhoneSimulator26.0.sdk
    export SDK_DIR_iphonesimulator\=/Applications/Xcode.app/Contents/Developer/Platforms/iPhoneSimulator.platform/Developer/SDKs/iPhoneSimulator26.0.sdk
    export SDK_DIR_iphonesimulator26_0\=/Applications/Xcode.app/Contents/Developer/Platforms/iPhoneSimulator.platform/Developer/SDKs/iPhoneSimulator26.0.sdk
    export SDK_NAME\=iphonesimulator26.0
    export SDK_NAMES\=iphonesimulator26.0
    export SDK_PRODUCT_BUILD_VERSION\=23A339
    export SDK_STAT_CACHE_DIR\=/Users/alexandrejunior/Library/Developer/Xcode/DerivedData
    export SDK_STAT_CACHE_ENABLE\=YES
    export SDK_STAT_CACHE_PATH\=/Users/alexandrejunior/Library/Developer/Xcode/DerivedData/SDKStatCaches.noindex/iphonesimulator26.0-23A339-26257891a6c027eb51374368541b8346.sdkstatcache
    export SDK_VERSION\=26.0
    export SDK_VERSION_ACTUAL\=260000
    export SDK_VERSION_MAJOR\=260000
    export SDK_VERSION_MINOR\=260000
    export SED\=/usr/bin/sed
    export SEPARATE_STRIP\=NO
    export SEPARATE_SYMBOL_EDIT\=NO
    export SET_DIR_MODE_OWNER_GROUP\=YES
    export SET_FILE_MODE_OWNER_GROUP\=NO
    export SHALLOW_BUNDLE\=NO
    export SHARED_DERIVED_FILE_DIR\=/Users/alexandrejunior/Library/Developer/Xcode/DerivedData/MagicWorld-fhfjocfymhawlbfyrweyymotfwge/Build/Products/Debug-iphonesimulator/ReactNativeDependencies/DerivedSources
    export SHARED_PRECOMPS_DIR\=/Users/alexandrejunior/Library/Developer/Xcode/DerivedData/MagicWorld-fhfjocfymhawlbfyrweyymotfwge/Build/Intermediates.noindex/PrecompiledHeaders
    export SKIP_INSTALL\=YES
    export SOURCE_ROOT\=/Users/alexandrejunior/Documents/Magic-World/ios/Pods
    export SRCROOT\=/Users/alexandrejunior/Documents/Magic-World/ios/Pods
    export STRINGSDATA_DIR\=/Users/alexandrejunior/Library/Developer/Xcode/DerivedData/MagicWorld-fhfjocfymhawlbfyrweyymotfwge/Build/Intermediates.noindex/Pods.build/Debug-iphonesimulator/ReactNativeDependencies.build/Objects-normal/undefined_arch
    export STRINGSDATA_ROOT\=/Users/alexandrejunior/Library/Developer/Xcode/DerivedData/MagicWorld-fhfjocfymhawlbfyrweyymotfwge/Build/Intermediates.noindex/Pods.build/Debug-iphonesimulator/ReactNativeDependencies.build
    export STRINGS_FILE_INFOPLIST_RENAME\=YES
    export STRINGS_FILE_OUTPUT_ENCODING\=binary
    export STRING_CATALOG_GENERATE_SYMBOLS\=NO
    export STRIP_BITCODE_FROM_COPIED_FILES\=NO
    export STRIP_INSTALLED_PRODUCT\=NO
    export STRIP_STYLE\=all
    export STRIP_SWIFT_SYMBOLS\=YES
    export SUPPORTED_DEVICE_FAMILIES\=1,2
    export SUPPORTED_PLATFORMS\=iphoneos\ iphonesimulator
    export SUPPORTS_TEXT_BASED_API\=NO
    export SUPPRESS_WARNINGS\=NO
    export SWIFT_ACTIVE_COMPILATION_CONDITIONS\=\ DEBUG
    export SWIFT_EMIT_CONST_VALUE_PROTOCOLS\=AppIntent\ EntityQuery\ AppEntity\ TransientEntity\ AppEnum\ AppShortcutProviding\ AppShortcutsProvider\ AnyResolverProviding\ AppIntentsPackage\ DynamicOptionsProvider\ _IntentValueRepresentable\ _AssistantIntentsProvider\ _GenerativeFunctionExtractable\ IntentValueQuery\ Resolver\ AppExtension\ ExtensionPointDefining
    export SWIFT_EMIT_LOC_STRINGS\=NO
    export SWIFT_ENABLE_EXPLICIT_MODULES\=NO
    export SWIFT_OPTIMIZATION_LEVEL\=-Onone
    export SWIFT_PLATFORM_TARGET_PREFIX\=ios
    export SWIFT_RESPONSE_FILE_PATH_normal_arm64\=/Users/alexandrejunior/Library/Developer/Xcode/DerivedData/MagicWorld-fhfjocfymhawlbfyrweyymotfwge/Build/Intermediates.noindex/Pods.build/Debug-iphonesimulator/ReactNativeDependencies.build/Objects-normal/arm64/ReactNativeDependencies.SwiftFileList
    export SWIFT_VERSION\=5.0
    export SYMROOT\=/Users/alexandrejunior/Library/Developer/Xcode/DerivedData/MagicWorld-fhfjocfymhawlbfyrweyymotfwge/Build/Products
    export SYSTEM_ADMIN_APPS_DIR\=/Applications/Utilities
    export SYSTEM_APPS_DIR\=/Applications
    export SYSTEM_CORE_SERVICES_DIR\=/System/Library/CoreServices
    export SYSTEM_DEMOS_DIR\=/Applications/Extras
    export SYSTEM_DEVELOPER_APPS_DIR\=/Applications/Xcode.app/Contents/Developer/Applications
    export SYSTEM_DEVELOPER_BIN_DIR\=/Applications/Xcode.app/Contents/Developer/usr/bin
    export SYSTEM_DEVELOPER_DEMOS_DIR\=/Applications/Xcode.app/Contents/Developer/Applications/Utilities/Built\ Examples
    export SYSTEM_DEVELOPER_DIR\=/Applications/Xcode.app/Contents/Developer
    export SYSTEM_DEVELOPER_DOC_DIR\=/Applications/Xcode.app/Contents/Developer/ADC\ Reference\ Library
    export SYSTEM_DEVELOPER_GRAPHICS_TOOLS_DIR\=/Applications/Xcode.app/Contents/Developer/Applications/Graphics\ Tools
    export SYSTEM_DEVELOPER_JAVA_TOOLS_DIR\=/Applications/Xcode.app/Contents/Developer/Applications/Java\ Tools
    export SYSTEM_DEVELOPER_PERFORMANCE_TOOLS_DIR\=/Applications/Xcode.app/Contents/Developer/Applications/Performance\ Tools
    export SYSTEM_DEVELOPER_RELEASENOTES_DIR\=/Applications/Xcode.app/Contents/Developer/ADC\ Reference\ Library/releasenotes
    export SYSTEM_DEVELOPER_TOOLS\=/Applications/Xcode.app/Contents/Developer/Tools
    export SYSTEM_DEVELOPER_TOOLS_DOC_DIR\=/Applications/Xcode.app/Contents/Developer/ADC\ Reference\ Library/documentation/DeveloperTools
    export SYSTEM_DEVELOPER_TOOLS_RELEASENOTES_DIR\=/Applications/Xcode.app/Contents/Developer/ADC\ Reference\ Library/releasenotes/DeveloperTools
    export SYSTEM_DEVELOPER_USR_DIR\=/Applications/Xcode.app/Contents/Developer/usr
    export SYSTEM_DEVELOPER_UTILITIES_DIR\=/Applications/Xcode.app/Contents/Developer/Applications/Utilities
    export SYSTEM_DEXT_INSTALL_PATH\=/System/Library/DriverExtensions
    export SYSTEM_DOCUMENTATION_DIR\=/Library/Documentation
    export SYSTEM_KEXT_INSTALL_PATH\=/System/Library/Extensions
    export SYSTEM_LIBRARY_DIR\=/System/Library
    export TAPI_DEMANGLE\=YES
    export TAPI_ENABLE_PROJECT_HEADERS\=NO
    export TAPI_LANGUAGE\=objective-c
    export TAPI_LANGUAGE_STANDARD\=compiler-default
    export TAPI_USE_SRCROOT\=YES
    export TAPI_VERIFY_MODE\=Pedantic
    export TARGETED_DEVICE_FAMILY\=1,2
    export TARGETNAME\=ReactNativeDependencies
    export TARGET_BUILD_DIR\=/Users/alexandrejunior/Library/Developer/Xcode/DerivedData/MagicWorld-fhfjocfymhawlbfyrweyymotfwge/Build/Products/Debug-iphonesimulator/ReactNativeDependencies
    export TARGET_DEVICE_IDENTIFIER\=7F14A47F-86BA-4836-B19A-C623DCA93D62
    export TARGET_DEVICE_MODEL\=iPhone18,1
    export TARGET_DEVICE_OS_VERSION\=26.0
    export TARGET_DEVICE_PLATFORM_NAME\=iphonesimulator
    export TARGET_NAME\=ReactNativeDependencies
    export TARGET_TEMP_DIR\=/Users/alexandrejunior/Library/Developer/Xcode/DerivedData/MagicWorld-fhfjocfymhawlbfyrweyymotfwge/Build/Intermediates.noindex/Pods.build/Debug-iphonesimulator/ReactNativeDependencies.build
    export TEMP_DIR\=/Users/alexandrejunior/Library/Developer/Xcode/DerivedData/MagicWorld-fhfjocfymhawlbfyrweyymotfwge/Build/Intermediates.noindex/Pods.build/Debug-iphonesimulator/ReactNativeDependencies.build
    export TEMP_FILES_DIR\=/Users/alexandrejunior/Library/Developer/Xcode/DerivedData/MagicWorld-fhfjocfymhawlbfyrweyymotfwge/Build/Intermediates.noindex/Pods.build/Debug-iphonesimulator/ReactNativeDependencies.build
    export TEMP_FILE_DIR\=/Users/alexandrejunior/Library/Developer/Xcode/DerivedData/MagicWorld-fhfjocfymhawlbfyrweyymotfwge/Build/Intermediates.noindex/Pods.build/Debug-iphonesimulator/ReactNativeDependencies.build
    export TEMP_ROOT\=/Users/alexandrejunior/Library/Developer/Xcode/DerivedData/MagicWorld-fhfjocfymhawlbfyrweyymotfwge/Build/Intermediates.noindex
    export TEMP_SANDBOX_DIR\=/Users/alexandrejunior/Library/Developer/Xcode/DerivedData/MagicWorld-fhfjocfymhawlbfyrweyymotfwge/Build/Intermediates.noindex/TemporaryTaskSandboxes
    export TEST_FRAMEWORK_SEARCH_PATHS\=\ /Applications/Xcode.app/Contents/Developer/Platforms/iPhoneSimulator.platform/Developer/Library/Frameworks\ /Applications/Xcode.app/Contents/Developer/Platforms/iPhoneSimulator.platform/Developer/SDKs/iPhoneSimulator26.0.sdk/Developer/Library/Frameworks
    export TEST_LIBRARY_SEARCH_PATHS\=\ /Applications/Xcode.app/Contents/Developer/Platforms/iPhoneSimulator.platform/Developer/usr/lib
    export TOOLCHAINS\=com.apple.dt.toolchain.XcodeDefault
    export TOOLCHAIN_DIR\=/Applications/Xcode.app/Contents/Developer/Toolchains/XcodeDefault.xctoolchain
    export TREAT_MISSING_BASELINES_AS_TEST_FAILURES\=NO
    export TREAT_MISSING_SCRIPT_PHASE_OUTPUTS_AS_ERRORS\=NO
    export UID\=501
    export UNINSTALLED_PRODUCTS_DIR\=/Users/alexandrejunior/Library/Developer/Xcode/DerivedData/MagicWorld-fhfjocfymhawlbfyrweyymotfwge/Build/Intermediates.noindex/UninstalledProducts
    export UNSTRIPPED_PRODUCT\=NO
    export USER\=alexandrejunior
    export USER_APPS_DIR\=/Users/alexandrejunior/Applications
    export USER_LIBRARY_DIR\=/Users/alexandrejunior/Library
    export USE_DYNAMIC_NO_PIC\=YES
    export USE_HEADERMAP\=YES
    export USE_HEADER_SYMLINKS\=NO
    export USE_HERMES\=true
    export USE_RECURSIVE_SCRIPT_INPUTS_IN_SCRIPT_PHASES\=YES
    export VALIDATE_DEVELOPMENT_ASSET_PATHS\=YES_ERROR
    export VALIDATE_PRODUCT\=NO
    export VALID_ARCHS\=arm64\ x86_64
    export VERBOSE_PBXCP\=NO
    export VERSION_INFO_BUILDER\=alexandrejunior
    export VERSION_INFO_FILE\=ReactNativeDependencies_vers.c
    export VERSION_INFO_STRING\=\"@\(\#\)PROGRAM:ReactNativeDependencies\ \ PROJECT:Pods-\"
    export WORKSPACE_DIR\=/Users/alexandrejunior/Documents/Magic-World/ios
    export WRAP_ASSET_PACKS_IN_SEPARATE_DIRECTORIES\=NO
    export XCODE_APP_SUPPORT_DIR\=/Applications/Xcode.app/Contents/Developer/Library/Xcode
    export XCODE_PRODUCT_BUILD_VERSION\=17A324
    export XCODE_VERSION_ACTUAL\=2600
    export XCODE_VERSION_MAJOR\=2600
    export XCODE_VERSION_MINOR\=2600
    export XPCSERVICES_FOLDER_PATH\=/XPCServices
    export YACC\=yacc
    export _DISCOVER_COMMAND_LINE_LINKER_INPUTS\=YES
    export _DISCOVER_COMMAND_LINE_LINKER_INPUTS_INCLUDE_WL\=YES
    export _LD_MULTIARCH\=YES
    export __DIAGNOSE_DEPRECATED_ARCHS\=YES
    export arch\=undefined_arch
    export variant\=normal
    /bin/sh -c /Users/alexandrejunior/Library/Developer/Xcode/DerivedData/MagicWorld-fhfjocfymhawlbfyrweyymotfwge/Build/Intermediates.noindex/Pods.build/Debug-iphonesimulator/ReactNativeDependencies.build/Script-46EB2E00030B10.sh
Node found at: /opt/homebrew/Cellar/node/24.10.0/bin/node
Found ReactNativeDependencies/.last_build_configuration file
Preparing the final location ReactNativeDependencies/framework
Extracting the tarball /Users/alexandrejunior/Documents/Magic-World/ios/Pods/ReactNativeDependencies-artifacts/reactnative-dependencies-0.81.5-debug.tar.gz
Resolving ReactNativeDependencies.xcframework folder structure
Updating ReactNativeDependencies/.last_build_configuration with Debug
Done replacing React Native Dependencies

PhaseScriptExecution [CP]\ Copy\ XCFrameworks /Users/alexandrejunior/Library/Developer/Xcode/DerivedData/MagicWorld-fhfjocfymhawlbfyrweyymotfwge/Build/Intermediates.noindex/Pods.build/Debug-iphonesimulator/ReactNativeDependencies.build/Script-46EB2E00030B00.sh (in target 'ReactNativeDependencies' from project 'Pods')
    cd /Users/alexandrejunior/Documents/Magic-World/ios/Pods
    /bin/sh -c /Users/alexandrejunior/Library/Developer/Xcode/DerivedData/MagicWorld-fhfjocfymhawlbfyrweyymotfwge/Build/Intermediates.noindex/Pods.build/Debug-iphonesimulator/ReactNativeDependencies.build/Script-46EB2E00030B00.sh
Selected xcframework slice ios-arm64_x86_64-simulator
rsync --delete -av --filter P .*.?????? --links --filter "- CVS/" --filter "- .svn/" --filter "- .git/" --filter "- .hg/" "/Users/alexandrejunior/Documents/Magic-World/ios/Pods/ReactNativeDependencies/framework/packages/react-native/ReactNativeDependencies.xcframework/ios-arm64_x86_64-simulator/*" "/Users/alexandrejunior/Library/Developer/Xcode/DerivedData/MagicWorld-fhfjocfymhawlbfyrweyymotfwge/Build/Products/Debug-iphonesimulator/XCFrameworkIntermediates/ReactNativeDependencies"
Transfer starting: 32 files
ReactNativeDependencies.framework/
ReactNativeDependencies.framework/Info.plist
ReactNativeDependencies.framework/ReactNativeDependencies
ReactNativeDependencies.framework/ReactNativeDependencies_boost.bundle/
ReactNativeDependencies.framework/ReactNativeDependencies_boost.bundle/Info.plist
ReactNativeDependencies.framework/ReactNativeDependencies_boost.bundle/PrivacyInfo.xcprivacy
ReactNativeDependencies.framework/ReactNativeDependencies_boost.bundle/_CodeSignature/
ReactNativeDependencies.framework/ReactNativeDependencies_boost.bundle/_CodeSignature/CodeDirectory
ReactNativeDependencies.framework/ReactNativeDependencies_boost.bundle/_CodeSignature/CodeRequirements
ReactNativeDependencies.framework/ReactNativeDependencies_boost.bundle/_CodeSignature/CodeRequirements-1
ReactNativeDependencies.framework/ReactNativeDependencies_boost.bundle/_CodeSignature/CodeResources
ReactNativeDependencies.framework/ReactNativeDependencies_boost.bundle/_CodeSignature/CodeSignature
ReactNativeDependencies.framework/ReactNativeDependencies_folly.bundle/
ReactNativeDependencies.framework/ReactNativeDependencies_folly.bundle/Info.plist
ReactNativeDependencies.framework/ReactNativeDependencies_folly.bundle/PrivacyInfo.xcprivacy
ReactNativeDependencies.framework/ReactNativeDependencies_folly.bundle/_CodeSignature/
ReactNativeDependencies.framework/ReactNativeDependencies_folly.bundle/_CodeSignature/CodeDirectory
ReactNativeDependencies.framework/ReactNativeDependencies_folly.bundle/_CodeSignature/CodeRequirements
ReactNativeDependencies.framework/ReactNativeDependencies_folly.bundle/_CodeSignature/CodeRequirements-1
ReactNativeDependencies.framework/ReactNativeDependencies_folly.bundle/_CodeSignature/CodeResources
ReactNativeDependencies.framework/ReactNativeDependencies_folly.bundle/_CodeSignature/CodeSignature
ReactNativeDependencies.framework/ReactNativeDependencies_glog.bundle/
ReactNativeDependencies.framework/ReactNativeDependencies_glog.bundle/Info.plist
ReactNativeDependencies.framework/ReactNativeDependencies_glog.bundle/PrivacyInfo.xcprivacy
ReactNativeDependencies.framework/ReactNativeDependencies_glog.bundle/_CodeSignature/
ReactNativeDependencies.framework/ReactNativeDependencies_glog.bundle/_CodeSignature/CodeDirectory
ReactNativeDependencies.framework/ReactNativeDependencies_glog.bundle/_CodeSignature/CodeRequirements
ReactNativeDependencies.framework/ReactNativeDependencies_glog.bundle/_CodeSignature/CodeRequirements-1
ReactNativeDependencies.framework/ReactNativeDependencies_glog.bundle/_CodeSignature/CodeResources
ReactNativeDependencies.framework/ReactNativeDependencies_glog.bundle/_CodeSignature/CodeSignature
ReactNativeDependencies.framework/_CodeSignature/
ReactNativeDependencies.framework/_CodeSignature/CodeResources

sent 7342538 bytes  received 596 bytes  29127861 bytes/sec
total size is 7336858  speedup is 1.00
Copied /Users/alexandrejunior/Documents/Magic-World/ios/Pods/ReactNativeDependencies/framework/packages/react-native/ReactNativeDependencies.xcframework/ios-arm64_x86_64-simulator to /Users/alexandrejunior/Library/Developer/Xcode/DerivedData/MagicWorld-fhfjocfymhawlbfyrweyymotfwge/Build/Products/Debug-iphonesimulator/XCFrameworkIntermediates/ReactNativeDependencies

note: Run script build phase '[CP-User] [RNDeps] Replace React Native Core for the right configuration, if needed' will be run during every build because the option to run the script phase "Based on dependency analysis" is unchecked. (in target 'React-Core-prebuilt' from project 'Pods')
PhaseScriptExecution [CP-User]\ [RNDeps]\ Replace\ React\ Native\ Core\ for\ the\ right\ configuration,\ if\ needed /Users/alexandrejunior/Library/Developer/Xcode/DerivedData/MagicWorld-fhfjocfymhawlbfyrweyymotfwge/Build/Intermediates.noindex/Pods.build/Debug-iphonesimulator/React-Core-prebuilt.build/Script-46EB2E00030AD0.sh (in target 'React-Core-prebuilt' from project 'Pods')
    cd /Users/alexandrejunior/Documents/Magic-World/ios/Pods
    export ACTION\=build
    export AD_HOC_CODE_SIGNING_ALLOWED\=YES
    export ALLOW_BUILD_REQUEST_OVERRIDES\=NO
    export ALLOW_TARGET_PLATFORM_SPECIALIZATION\=NO
    export ALTERNATE_GROUP\=staff
    export ALTERNATE_MODE\=u+w,go-w,a+rX
    export ALTERNATE_OWNER\=alexandrejunior
    export ALTERNATIVE_DISTRIBUTION_WEB\=NO
    export ALWAYS_EMBED_SWIFT_STANDARD_LIBRARIES\=NO
    export ALWAYS_SEARCH_USER_PATHS\=NO
    export ALWAYS_USE_SEPARATE_HEADERMAPS\=NO
    export ANDROID_DEPLOYMENT_TARGET\=21.0
    export APPLICATION_EXTENSION_API_ONLY\=NO
    export APPLY_RULES_IN_COPY_FILES\=NO
    export APPLY_RULES_IN_COPY_HEADERS\=NO
    export APP_SHORTCUTS_ENABLE_FLEXIBLE_MATCHING\=YES
    export ARCHS\=arm64
    export ARCHS_STANDARD\=arm64\ x86_64
    export ARCHS_STANDARD_32_64_BIT\=arm64\ x86_64
    export ARCHS_STANDARD_64_BIT\=arm64\ x86_64
    export ARCHS_STANDARD_INCLUDING_64_BIT\=arm64\ x86_64
    export ARCHS_UNIVERSAL_IPHONE_OS\=arm64\ x86_64
    export ASSETCATALOG_COMPILER_APPICON_NAME\=AppIcon
    export ASSETCATALOG_COMPILER_GLOBAL_ACCENT_COLOR_NAME\=AccentColor
    export ASSETCATALOG_FILTER_FOR_DEVICE_MODEL\=iPhone18,1
    export ASSETCATALOG_FILTER_FOR_DEVICE_OS_VERSION\=26.0
    export ASSETCATALOG_FILTER_FOR_THINNING_DEVICE_CONFIGURATION\=iPhone18,1
    export AUTOMATICALLY_MERGE_DEPENDENCIES\=NO
    export AUTOMATION_APPLE_EVENTS\=NO
    export AVAILABLE_PLATFORMS\=android\ appletvos\ appletvsimulator\ driverkit\ iphoneos\ iphonesimulator\ macosx\ qnx\ watchos\ watchsimulator\ webassembly\ xros\ xrsimulator
    export BUILD_ACTIVE_RESOURCES_ONLY\=YES
    export BUILD_COMPONENTS\=headers\ build
    export BUILD_DIR\=/Users/alexandrejunior/Library/Developer/Xcode/DerivedData/MagicWorld-fhfjocfymhawlbfyrweyymotfwge/Build/Products
    export BUILD_LIBRARY_FOR_DISTRIBUTION\=NO
    export BUILD_ROOT\=/Users/alexandrejunior/Library/Developer/Xcode/DerivedData/MagicWorld-fhfjocfymhawlbfyrweyymotfwge/Build/Products
    export BUILD_STYLE\=
    export BUILD_VARIANTS\=normal
    export BUILT_PRODUCTS_DIR\=/Users/alexandrejunior/Library/Developer/Xcode/DerivedData/MagicWorld-fhfjocfymhawlbfyrweyymotfwge/Build/Products/Debug-iphonesimulator/React-Core-prebuilt
    export BUNDLE_CONTENTS_FOLDER_PATH_deep\=Contents/
    export BUNDLE_EXECUTABLE_FOLDER_NAME_deep\=MacOS
    export BUNDLE_EXTENSIONS_FOLDER_PATH\=Extensions
    export BUNDLE_FORMAT\=shallow
    export BUNDLE_FRAMEWORKS_FOLDER_PATH\=Frameworks
    export BUNDLE_PLUGINS_FOLDER_PATH\=PlugIns
    export BUNDLE_PRIVATE_HEADERS_FOLDER_PATH\=PrivateHeaders
    export BUNDLE_PUBLIC_HEADERS_FOLDER_PATH\=Headers
    export CACHE_ROOT\=/var/folders/bw/947yyrlj5pn4rnk4v4z__7t40000gn/C/com.apple.DeveloperTools/26.0-17A324/Xcode
    export CCHROOT\=/var/folders/bw/947yyrlj5pn4rnk4v4z__7t40000gn/C/com.apple.DeveloperTools/26.0-17A324/Xcode
    export CHMOD\=/bin/chmod
    export CHOWN\=/usr/sbin/chown
    export CLANG_ANALYZER_LOCALIZABILITY_NONLOCALIZED\=YES
    export CLANG_ANALYZER_NONNULL\=YES
    export CLANG_ANALYZER_NUMBER_OBJECT_CONVERSION\=YES_AGGRESSIVE
    export CLANG_CACHE_FINE_GRAINED_OUTPUTS\=YES
    export CLANG_CXX_LANGUAGE_STANDARD\=c++20
    export CLANG_CXX_LIBRARY\=libc++
    export CLANG_ENABLE_EXPLICIT_MODULES\=YES
    export CLANG_ENABLE_MODULES\=YES
    export CLANG_ENABLE_OBJC_ARC\=YES
    export CLANG_ENABLE_OBJC_WEAK\=NO
    export CLANG_MODULES_BUILD_SESSION_FILE\=/Users/alexandrejunior/Library/Developer/Xcode/DerivedData/ModuleCache.noindex/Session.modulevalidation
    export CLANG_WARN_BLOCK_CAPTURE_AUTORELEASING\=YES
    export CLANG_WARN_BOOL_CONVERSION\=YES
    export CLANG_WARN_COMMA\=YES
    export CLANG_WARN_CONSTANT_CONVERSION\=YES
    export CLANG_WARN_DEPRECATED_OBJC_IMPLEMENTATIONS\=YES
    export CLANG_WARN_DIRECT_OBJC_ISA_USAGE\=YES_ERROR
    export CLANG_WARN_DOCUMENTATION_COMMENTS\=YES
    export CLANG_WARN_EMPTY_BODY\=YES
    export CLANG_WARN_ENUM_CONVERSION\=YES
    export CLANG_WARN_INFINITE_RECURSION\=YES
    export CLANG_WARN_INT_CONVERSION\=YES
    export CLANG_WARN_NON_LITERAL_NULL_CONVERSION\=YES
    export CLANG_WARN_OBJC_IMPLICIT_RETAIN_SELF\=YES
    export CLANG_WARN_OBJC_LITERAL_CONVERSION\=YES
    export CLANG_WARN_OBJC_ROOT_CLASS\=YES_ERROR
    export CLANG_WARN_QUOTED_INCLUDE_IN_FRAMEWORK_HEADER\=NO
    export CLANG_WARN_RANGE_LOOP_ANALYSIS\=YES
    export CLANG_WARN_STRICT_PROTOTYPES\=YES
    export CLANG_WARN_SUSPICIOUS_MOVE\=YES
    export CLANG_WARN_UNGUARDED_AVAILABILITY\=YES_AGGRESSIVE
    export CLANG_WARN_UNREACHABLE_CODE\=YES
    export CLANG_WARN__DUPLICATE_METHOD_MATCH\=YES
    export CLASS_FILE_DIR\=/Users/alexandrejunior/Library/Developer/Xcode/DerivedData/MagicWorld-fhfjocfymhawlbfyrweyymotfwge/Build/Intermediates.noindex/Pods.build/Debug-iphonesimulator/React-Core-prebuilt.build/JavaClasses
    export CLEAN_PRECOMPS\=YES
    export CLONE_HEADERS\=NO
    export CODESIGNING_FOLDER_PATH\=/Users/alexandrejunior/Library/Developer/Xcode/DerivedData/MagicWorld-fhfjocfymhawlbfyrweyymotfwge/Build/Products/Debug-iphonesimulator/React-Core-prebuilt/
    export CODE_SIGNING_ALLOWED\=NO
    export CODE_SIGNING_REQUIRED\=YES
    export CODE_SIGN_CONTEXT_CLASS\=XCiPhoneSimulatorCodeSignContext
    export CODE_SIGN_IDENTITY\=-
    export CODE_SIGN_INJECT_BASE_ENTITLEMENTS\=YES
    export COLOR_DIAGNOSTICS\=NO
    export COMBINE_HIDPI_IMAGES\=NO
    export COMPILATION_CACHE_CAS_PATH\=/Users/alexandrejunior/Library/Developer/Xcode/DerivedData/CompilationCache.noindex
    export COMPILATION_CACHE_KEEP_CAS_DIRECTORY\=YES
    export COMPILER_INDEX_STORE_ENABLE\=Default
    export COMPOSITE_SDK_DIRS\=/Users/alexandrejunior/Library/Developer/Xcode/DerivedData/MagicWorld-fhfjocfymhawlbfyrweyymotfwge/Build/Intermediates.noindex/CompositeSDKs
    export COMPRESS_PNG_FILES\=YES
    export CONFIGURATION\=Debug
    export CONFIGURATION_BUILD_DIR\=/Users/alexandrejunior/Library/Developer/Xcode/DerivedData/MagicWorld-fhfjocfymhawlbfyrweyymotfwge/Build/Products/Debug-iphonesimulator/React-Core-prebuilt
    export CONFIGURATION_TEMP_DIR\=/Users/alexandrejunior/Library/Developer/Xcode/DerivedData/MagicWorld-fhfjocfymhawlbfyrweyymotfwge/Build/Intermediates.noindex/Pods.build/Debug-iphonesimulator
    export COPYING_PRESERVES_HFS_DATA\=NO
    export COPY_HEADERS_RUN_UNIFDEF\=NO
    export COPY_PHASE_STRIP\=NO
    export CORRESPONDING_DEVICE_PLATFORM_DIR\=/Applications/Xcode.app/Contents/Developer/Platforms/iPhoneOS.platform
    export CORRESPONDING_DEVICE_PLATFORM_NAME\=iphoneos
    export CORRESPONDING_DEVICE_SDK_DIR\=/Applications/Xcode.app/Contents/Developer/Platforms/iPhoneOS.platform/Developer/SDKs/iPhoneOS26.0.sdk
    export CORRESPONDING_DEVICE_SDK_NAME\=iphoneos26.0
    export CP\=/bin/cp
    export CREATE_INFOPLIST_SECTION_IN_BINARY\=NO
    export CURRENT_ARCH\=undefined_arch
    export CURRENT_VARIANT\=normal
    export DEAD_CODE_STRIPPING\=YES
    export DEBUGGING_SYMBOLS\=YES
    export DEBUG_INFORMATION_FORMAT\=dwarf
    export DEBUG_INFORMATION_VERSION\=compiler-default
    export DEFAULT_COMPILER\=com.apple.compilers.llvm.clang.1_0
    export DEFAULT_DEXT_INSTALL_PATH\=/System/Library/DriverExtensions
    export DEFAULT_KEXT_INSTALL_PATH\=/System/Library/Extensions
    export DEFINES_MODULE\=NO
    export DEPLOYMENT_LOCATION\=NO
    export DEPLOYMENT_POSTPROCESSING\=NO
    export DEPLOYMENT_TARGET_SETTING_NAME\=IPHONEOS_DEPLOYMENT_TARGET
    export DEPLOYMENT_TARGET_SUGGESTED_VALUES\=12.0\ 12.1\ 12.2\ 12.3\ 12.4\ 13.0\ 13.1\ 13.2\ 13.3\ 13.4\ 13.5\ 13.6\ 14.0\ 14.1\ 14.2\ 14.3\ 14.4\ 14.5\ 14.6\ 14.7\ 15.0\ 15.1\ 15.2\ 15.3\ 15.4\ 15.5\ 15.6\ 16.0\ 16.1\ 16.2\ 16.3\ 16.4\ 16.5\ 16.6\ 17.0\ 17.1\ 17.2\ 17.3\ 17.4\ 17.5\ 17.6\ 18.0\ 18.1\ 18.2\ 18.3\ 18.4\ 18.5\ 18.6\ 26.0
    export DERIVED_FILES_DIR\=/Users/alexandrejunior/Library/Developer/Xcode/DerivedData/MagicWorld-fhfjocfymhawlbfyrweyymotfwge/Build/Intermediates.noindex/Pods.build/Debug-iphonesimulator/React-Core-prebuilt.build/DerivedSources
    export DERIVED_FILE_DIR\=/Users/alexandrejunior/Library/Developer/Xcode/DerivedData/MagicWorld-fhfjocfymhawlbfyrweyymotfwge/Build/Intermediates.noindex/Pods.build/Debug-iphonesimulator/React-Core-prebuilt.build/DerivedSources
    export DERIVED_SOURCES_DIR\=/Users/alexandrejunior/Library/Developer/Xcode/DerivedData/MagicWorld-fhfjocfymhawlbfyrweyymotfwge/Build/Intermediates.noindex/Pods.build/Debug-iphonesimulator/React-Core-prebuilt.build/DerivedSources
    export DEVELOPER_APPLICATIONS_DIR\=/Applications/Xcode.app/Contents/Developer/Applications
    export DEVELOPER_BIN_DIR\=/Applications/Xcode.app/Contents/Developer/usr/bin
    export DEVELOPER_DIR\=/Applications/Xcode.app/Contents/Developer
    export DEVELOPER_FRAMEWORKS_DIR\=/Applications/Xcode.app/Contents/Developer/Library/Frameworks
    export DEVELOPER_FRAMEWORKS_DIR_QUOTED\=/Applications/Xcode.app/Contents/Developer/Library/Frameworks
    export DEVELOPER_LIBRARY_DIR\=/Applications/Xcode.app/Contents/Developer/Library
    export DEVELOPER_SDK_DIR\=/Applications/Xcode.app/Contents/Developer/Platforms/MacOSX.platform/Developer/SDKs
    export DEVELOPER_TOOLS_DIR\=/Applications/Xcode.app/Contents/Developer/Tools
    export DEVELOPER_USR_DIR\=/Applications/Xcode.app/Contents/Developer/usr
    export DEVELOPMENT_LANGUAGE\=en
    export DIAGNOSE_MISSING_TARGET_DEPENDENCIES\=YES
    export DIFF\=/usr/bin/diff
    export DONT_GENERATE_INFOPLIST_FILE\=NO
    export DSTROOT\=/tmp/Pods.dst
    export DT_TOOLCHAIN_DIR\=/Applications/Xcode.app/Contents/Developer/Toolchains/XcodeDefault.xctoolchain
    export DWARF_DSYM_FILE_NAME\=.dSYM
    export DWARF_DSYM_FILE_SHOULD_ACCOMPANY_PRODUCT\=NO
    export DWARF_DSYM_FOLDER_PATH\=/Users/alexandrejunior/Library/Developer/Xcode/DerivedData/MagicWorld-fhfjocfymhawlbfyrweyymotfwge/Build/Products/Debug-iphonesimulator/React-Core-prebuilt
    export DYNAMIC_LIBRARY_EXTENSION\=dylib
    export EAGER_COMPILATION_ALLOW_SCRIPTS\=NO
    export EAGER_LINKING\=NO
    export EFFECTIVE_PLATFORM_NAME\=-iphonesimulator
    export EMBEDDED_CONTENT_CONTAINS_SWIFT\=NO
    export EMBED_ASSET_PACKS_IN_PRODUCT_BUNDLE\=NO
    export ENABLE_APP_SANDBOX\=NO
    export ENABLE_CODE_COVERAGE\=YES
    export ENABLE_CPLUSPLUS_BOUNDS_SAFE_BUFFERS\=NO
    export ENABLE_C_BOUNDS_SAFETY\=NO
    export ENABLE_DEFAULT_HEADER_SEARCH_PATHS\=YES
    export ENABLE_DEFAULT_SEARCH_PATHS\=YES
    export ENABLE_ENHANCED_SECURITY\=NO
    export ENABLE_HARDENED_RUNTIME\=NO
    export ENABLE_HEADER_DEPENDENCIES\=YES
    export ENABLE_INCOMING_NETWORK_CONNECTIONS\=NO
    export ENABLE_ON_DEMAND_RESOURCES\=NO
    export ENABLE_OUTGOING_NETWORK_CONNECTIONS\=NO
    export ENABLE_POINTER_AUTHENTICATION\=NO
    export ENABLE_PREVIEWS\=NO
    export ENABLE_RESOURCE_ACCESS_AUDIO_INPUT\=NO
    export ENABLE_RESOURCE_ACCESS_BLUETOOTH\=NO
    export ENABLE_RESOURCE_ACCESS_CALENDARS\=NO
    export ENABLE_RESOURCE_ACCESS_CAMERA\=NO
    export ENABLE_RESOURCE_ACCESS_CONTACTS\=NO
    export ENABLE_RESOURCE_ACCESS_LOCATION\=NO
    export ENABLE_RESOURCE_ACCESS_PHOTO_LIBRARY\=NO
    export ENABLE_RESOURCE_ACCESS_PRINTING\=NO
    export ENABLE_RESOURCE_ACCESS_USB\=NO
    export ENABLE_SDK_IMPORTS\=NO
    export ENABLE_SECURITY_COMPILER_WARNINGS\=NO
    export ENABLE_STRICT_OBJC_MSGSEND\=YES
    export ENABLE_TESTABILITY\=YES
    export ENABLE_TESTING_SEARCH_PATHS\=NO
    export ENABLE_USER_SCRIPT_SANDBOXING\=NO
    export ENABLE_XOJIT_PREVIEWS\=YES
    export ENFORCE_VALID_ARCHS\=YES
    export ENTITLEMENTS_DESTINATION\=__entitlements
    export ENTITLEMENTS_REQUIRED\=YES
    export EXCLUDED_INSTALLSRC_SUBDIRECTORY_PATTERNS\=.DS_Store\ .svn\ .git\ .hg\ CVS
    export EXCLUDED_RECURSIVE_SEARCH_PATH_SUBDIRECTORIES\=\*.nib\ \*.lproj\ \*.framework\ \*.gch\ \*.xcode\*\ \*.xcassets\ \*.icon\ \(\*\)\ .DS_Store\ CVS\ .svn\ .git\ .hg\ \*.pbproj\ \*.pbxproj
    export FILE_LIST\=/Users/alexandrejunior/Library/Developer/Xcode/DerivedData/MagicWorld-fhfjocfymhawlbfyrweyymotfwge/Build/Intermediates.noindex/Pods.build/Debug-iphonesimulator/React-Core-prebuilt.build/Objects/LinkFileList
    export FIXED_FILES_DIR\=/Users/alexandrejunior/Library/Developer/Xcode/DerivedData/MagicWorld-fhfjocfymhawlbfyrweyymotfwge/Build/Intermediates.noindex/Pods.build/Debug-iphonesimulator/React-Core-prebuilt.build/FixedFiles
    export FRAMEWORK_SEARCH_PATHS\=\ \"/Users/alexandrejunior/Documents/Magic-World/ios/Pods/React-Core-prebuilt\"\ \"/Users/alexandrejunior/Documents/Magic-World/ios/Pods/ReactNativeDependencies/framework/packages/react-native\"\ \"/Users/alexandrejunior/Library/Developer/Xcode/DerivedData/MagicWorld-fhfjocfymhawlbfyrweyymotfwge/Build/Products/Debug-iphonesimulator/XCFrameworkIntermediates/React-Core-prebuilt\"\ \"/Users/alexandrejunior/Library/Developer/Xcode/DerivedData/MagicWorld-fhfjocfymhawlbfyrweyymotfwge/Build/Products/Debug-iphonesimulator/XCFrameworkIntermediates/ReactNativeDependencies\"
    export FRAMEWORK_VERSION\=A
    export FUSE_BUILD_PHASES\=YES
    export FUSE_BUILD_SCRIPT_PHASES\=NO
    export GCC3_VERSION\=3.3
    export GCC_C_LANGUAGE_STANDARD\=gnu11
    export GCC_DYNAMIC_NO_PIC\=NO
    export GCC_NO_COMMON_BLOCKS\=YES
    export GCC_OBJC_LEGACY_DISPATCH\=YES
    export GCC_OPTIMIZATION_LEVEL\=0
    export GCC_PFE_FILE_C_DIALECTS\=c\ objective-c\ c++\ objective-c++
    export GCC_PREPROCESSOR_DEFINITIONS\=POD_CONFIGURATION_DEBUG\=1\ DEBUG\=1\ \ COCOAPODS\=1
    export GCC_TREAT_WARNINGS_AS_ERRORS\=NO
    export GCC_VERSION\=com.apple.compilers.llvm.clang.1_0
    export GCC_VERSION_IDENTIFIER\=com_apple_compilers_llvm_clang_1_0
    export GCC_WARN_64_TO_32_BIT_CONVERSION\=YES
    export GCC_WARN_ABOUT_RETURN_TYPE\=YES_ERROR
    export GCC_WARN_UNDECLARED_SELECTOR\=YES
    export GCC_WARN_UNINITIALIZED_AUTOS\=YES_AGGRESSIVE
    export GCC_WARN_UNUSED_FUNCTION\=YES
    export GCC_WARN_UNUSED_VARIABLE\=YES
    export GENERATED_MODULEMAP_DIR\=/Users/alexandrejunior/Library/Developer/Xcode/DerivedData/MagicWorld-fhfjocfymhawlbfyrweyymotfwge/Build/Intermediates.noindex/GeneratedModuleMaps-iphonesimulator
    export GENERATE_INFOPLIST_FILE\=NO
    export GENERATE_INTERMEDIATE_TEXT_BASED_STUBS\=YES
    export GENERATE_PKGINFO_FILE\=NO
    export GENERATE_PRELINK_OBJECT_FILE\=NO
    export GENERATE_PROFILING_CODE\=NO
    export GENERATE_TEXT_BASED_STUBS\=NO
    export GID\=20
    export GROUP\=staff
    export HEADERMAP_INCLUDES_FLAT_ENTRIES_FOR_TARGET_BEING_BUILT\=YES
    export HEADERMAP_INCLUDES_FRAMEWORK_ENTRIES_FOR_ALL_PRODUCT_TYPES\=YES
    export HEADERMAP_INCLUDES_FRAMEWORK_ENTRIES_FOR_TARGETS_NOT_BEING_BUILT\=YES
    export HEADERMAP_INCLUDES_NONPUBLIC_NONPRIVATE_HEADERS\=YES
    export HEADERMAP_INCLUDES_PROJECT_HEADERS\=YES
    export HEADERMAP_USES_FRAMEWORK_PREFIX_ENTRIES\=YES
    export HEADERMAP_USES_VFS\=NO
    export HEADER_SEARCH_PATHS\=\ /Users/alexandrejunior/Documents/Magic-World/ios/Pods/ReactCommon\ /Users/alexandrejunior/Documents/Magic-World/ios/Pods/ReactCommon/react/nativemodule/core\ /Users/alexandrejunior/Documents/Magic-World/ios/Pods/React-runtimeexecutor\ /Users/alexandrejunior/Documents/Magic-World/ios/Pods/React-runtimeexecutor/platform/ios\ /Users/alexandrejunior/Documents/Magic-World/ios/Pods/ReactCommon-Samples\ /Users/alexandrejunior/Documents/Magic-World/ios/Pods/ReactCommon-Samples/platform/ios\ /Users/alexandrejunior/Documents/Magic-World/ios/Pods/React-Fabric/react/renderer/components/view/platform/cxx\ /Users/alexandrejunior/Documents/Magic-World/ios/Pods/React-NativeModulesApple\ /Users/alexandrejunior/Documents/Magic-World/ios/Pods/React-graphics\ /Users/alexandrejunior/Documents/Magic-World/ios/Pods/React-graphics/react/renderer/graphics/platform/ios\ \"/Users/alexandrejunior/Documents/Magic-World/ios/Pods/Headers/Private\"\ \"/Users/alexandrejunior/Documents/Magic-World/ios/Pods/Headers/Private/React-Core-prebuilt\"\ \"/Users/alexandrejunior/Documents/Magic-World/ios/Pods/Headers/Public\"\ \"/Users/alexandrejunior/Documents/Magic-World/ios/Pods/Headers/Public/React-Core-prebuilt\"\ \"/Users/alexandrejunior/Documents/Magic-World/ios/Pods/Headers/Public/ReactNativeDependencies\"\ /Users/alexandrejunior/Documents/Magic-World/ios/Pods/ReactNativeDependencies
    export HOME\=/Users/alexandrejunior
    export HOST_ARCH\=arm64
    export HOST_PLATFORM\=macosx
    export ICONV\=/usr/bin/iconv
    export IMPLICIT_DEPENDENCY_DOMAIN\=default
    export INFOPLIST_ENABLE_CFBUNDLEICONS_MERGE\=YES
    export INFOPLIST_EXPAND_BUILD_SETTINGS\=YES
    export INFOPLIST_OUTPUT_FORMAT\=binary
    export INFOPLIST_PREPROCESS\=NO
    export INLINE_PRIVATE_FRAMEWORKS\=NO
    export INSTALLAPI_IGNORE_SKIP_INSTALL\=YES
    export INSTALLHDRS_COPY_PHASE\=NO
    export INSTALLHDRS_SCRIPT_PHASE\=NO
    export INSTALL_DIR\=/tmp/Pods.dst
    export INSTALL_GROUP\=staff
    export INSTALL_MODE_FLAG\=u+w,go-w,a+rX
    export INSTALL_OWNER\=alexandrejunior
    export INSTALL_ROOT\=/tmp/Pods.dst
    export IPHONEOS_DEPLOYMENT_TARGET\=15.1
    export IS_UNOPTIMIZED_BUILD\=YES
    export JAVAC_DEFAULT_FLAGS\=-J-Xms64m\ -J-XX:NewSize\=4M\ -J-Dfile.encoding\=UTF8
    export JAVA_APP_STUB\=/System/Library/Frameworks/JavaVM.framework/Resources/MacOS/JavaApplicationStub
    export JAVA_ARCHIVE_CLASSES\=YES
    export JAVA_ARCHIVE_TYPE\=JAR
    export JAVA_COMPILER\=/usr/bin/javac
    export JAVA_FRAMEWORK_RESOURCES_DIRS\=Resources
    export JAVA_JAR_FLAGS\=cv
    export JAVA_SOURCE_SUBDIR\=.
    export JAVA_USE_DEPENDENCIES\=YES
    export JAVA_ZIP_FLAGS\=-urg
    export JIKES_DEFAULT_FLAGS\=+E\ +OLDCSO
    export KEEP_PRIVATE_EXTERNS\=NO
    export LD_DEPENDENCY_INFO_FILE\=/Users/alexandrejunior/Library/Developer/Xcode/DerivedData/MagicWorld-fhfjocfymhawlbfyrweyymotfwge/Build/Intermediates.noindex/Pods.build/Debug-iphonesimulator/React-Core-prebuilt.build/Objects-normal/undefined_arch/React-Core-prebuilt_dependency_info.dat
    export LD_EXPORT_SYMBOLS\=YES
    export LD_GENERATE_MAP_FILE\=NO
    export LD_MAP_FILE_PATH\=/Users/alexandrejunior/Library/Developer/Xcode/DerivedData/MagicWorld-fhfjocfymhawlbfyrweyymotfwge/Build/Intermediates.noindex/Pods.build/Debug-iphonesimulator/React-Core-prebuilt.build/React-Core-prebuilt-LinkMap-normal-undefined_arch.txt
    export LD_NO_PIE\=NO
    export LD_QUOTE_LINKER_ARGUMENTS_FOR_COMPILER_DRIVER\=YES
    export LD_RUNPATH_SEARCH_PATHS\=\ @executable_path/Frameworks
    export LD_SHARED_CACHE_ELIGIBLE\=Automatic
    export LD_WARN_DUPLICATE_LIBRARIES\=NO
    export LD_WARN_UNUSED_DYLIBS\=NO
    export LEGACY_DEVELOPER_DIR\=/Applications/Xcode.app/Contents/PlugIns/Xcode3Core.ideplugin/Contents/SharedSupport/Developer
    export LEX\=lex
    export LIBRARY_DEXT_INSTALL_PATH\=/Library/DriverExtensions
    export LIBRARY_FLAG_NOSPACE\=YES
    export LIBRARY_KEXT_INSTALL_PATH\=/Library/Extensions
    export LINKER_DISPLAYS_MANGLED_NAMES\=NO
    export LINK_FILE_LIST_normal_arm64\=/Users/alexandrejunior/Library/Developer/Xcode/DerivedData/MagicWorld-fhfjocfymhawlbfyrweyymotfwge/Build/Intermediates.noindex/Pods.build/Debug-iphonesimulator/React-Core-prebuilt.build/Objects-normal/arm64/React-Core-prebuilt.LinkFileList
    export LINK_OBJC_RUNTIME\=YES
    export LINK_WITH_STANDARD_LIBRARIES\=YES
    export LLVM_TARGET_TRIPLE_OS_VERSION\=ios15.1
    export LLVM_TARGET_TRIPLE_SUFFIX\=-simulator
    export LLVM_TARGET_TRIPLE_VENDOR\=apple
    export LM_AUX_CONST_METADATA_LIST_PATH_normal_arm64\=/Users/alexandrejunior/Library/Developer/Xcode/DerivedData/MagicWorld-fhfjocfymhawlbfyrweyymotfwge/Build/Intermediates.noindex/Pods.build/Debug-iphonesimulator/React-Core-prebuilt.build/Objects-normal/arm64/React-Core-prebuilt.SwiftConstValuesFileList
    export LOCALIZATION_EXPORT_SUPPORTED\=YES
    export LOCALIZATION_PREFERS_STRING_CATALOGS\=NO
    export LOCALIZED_STRING_MACRO_NAMES\=NSLocalizedString\ CFCopyLocalizedString
    export LOCALIZED_STRING_SWIFTUI_SUPPORT\=YES
    export LOCAL_ADMIN_APPS_DIR\=/Applications/Utilities
    export LOCAL_APPS_DIR\=/Applications
    export LOCAL_DEVELOPER_DIR\=/Library/Developer
    export LOCAL_LIBRARY_DIR\=/Library
    export LOCROOT\=/Users/alexandrejunior/Documents/Magic-World/ios/Pods
    export LOCSYMROOT\=/Users/alexandrejunior/Documents/Magic-World/ios/Pods
    export MAC_OS_X_PRODUCT_BUILD_VERSION\=25A354
    export MAC_OS_X_VERSION_ACTUAL\=260000
    export MAC_OS_X_VERSION_MAJOR\=260000
    export MAC_OS_X_VERSION_MINOR\=260000
    export MAKE_MERGEABLE\=NO
    export MERGEABLE_LIBRARY\=NO
    export MERGED_BINARY_TYPE\=none
    export MERGE_LINKED_LIBRARIES\=NO
    export METAL_LIBRARY_FILE_BASE\=default
    export METAL_LIBRARY_OUTPUT_DIR\=/Users/alexandrejunior/Library/Developer/Xcode/DerivedData/MagicWorld-fhfjocfymhawlbfyrweyymotfwge/Build/Products/Debug-iphonesimulator/React-Core-prebuilt/
    export MODULE_CACHE_DIR\=/Users/alexandrejunior/Library/Developer/Xcode/DerivedData/ModuleCache.noindex
    export MTL_ENABLE_DEBUG_INFO\=INCLUDE_SOURCE
    export MTL_FAST_MATH\=YES
    export NATIVE_ARCH\=arm64
    export NATIVE_ARCH_32_BIT\=arm
    export NATIVE_ARCH_64_BIT\=arm64
    export NATIVE_ARCH_ACTUAL\=arm64
    export NO_COMMON\=YES
    export OBJC_ABI_VERSION\=2
    export OBJECT_FILE_DIR\=/Users/alexandrejunior/Library/Developer/Xcode/DerivedData/MagicWorld-fhfjocfymhawlbfyrweyymotfwge/Build/Intermediates.noindex/Pods.build/Debug-iphonesimulator/React-Core-prebuilt.build/Objects
    export OBJECT_FILE_DIR_normal\=/Users/alexandrejunior/Library/Developer/Xcode/DerivedData/MagicWorld-fhfjocfymhawlbfyrweyymotfwge/Build/Intermediates.noindex/Pods.build/Debug-iphonesimulator/React-Core-prebuilt.build/Objects-normal
    export OBJROOT\=/Users/alexandrejunior/Library/Developer/Xcode/DerivedData/MagicWorld-fhfjocfymhawlbfyrweyymotfwge/Build/Intermediates.noindex
    export ONLY_ACTIVE_ARCH\=YES
    export OS\=MACOS
    export OSAC\=/usr/bin/osacompile
    export OTHER_CPLUSPLUSFLAGS\=\ -DRCT_NEW_ARCH_ENABLED\=1\ \ 
    export PASCAL_STRINGS\=YES
    export PATH\=/Applications/Xcode.app/Contents/SharedFrameworks/SwiftBuild.framework/Versions/A/PlugIns/SWBBuildService.bundle/Contents/PlugIns/SWBUniversalPlatformPlugin.bundle/Contents/Frameworks/SWBUniversalPlatform.framework/Resources:/Applications/Xcode.app/Contents/Developer/Toolchains/XcodeDefault.xctoolchain/usr/bin:/Applications/Xcode.app/Contents/Developer/Toolchains/XcodeDefault.xctoolchain/usr/local/bin:/Applications/Xcode.app/Contents/Developer/Toolchains/XcodeDefault.xctoolchain/usr/libexec:/Applications/Xcode.app/Contents/Developer/Platforms/iPhoneSimulator.platform/usr/bin:/Applications/Xcode.app/Contents/Developer/Platforms/iPhoneSimulator.platform/usr/local/bin:/Applications/Xcode.app/Contents/Developer/Platforms/iPhoneSimulator.platform/Developer/usr/bin:/Applications/Xcode.app/Contents/Developer/Platforms/iPhoneSimulator.platform/Developer/usr/local/bin:/Applications/Xcode.app/Contents/Developer/usr/bin:/Applications/Xcode.app/Contents/Developer/usr/local/bin:/Users/alexandrejunior/Documents/Magic-World/node_modules/.bin:/Users/alexandrejunior/Documents/node_modules/.bin:/Users/alexandrejunior/node_modules/.bin:/Users/node_modules/.bin:/node_modules/.bin:/Users/alexandrejunior/.bun/bin:/usr/local/bin:/System/Cryptexes/App/usr/bin:/usr/bin:/bin:/usr/sbin:/sbin:/var/run/com.apple.security.cryptexd/codex.system/bootstrap/usr/local/bin:/var/run/com.apple.security.cryptexd/codex.system/bootstrap/usr/bin:/var/run/com.apple.security.cryptexd/codex.system/bootstrap/usr/appleinternal/bin:/Library/Apple/usr/bin:/opt/homebrew/bin:/Users/alexandrejunior/.cargo/bin:/Users/alexandrejunior/Library/Android/sdk/platform-tools:/Users/alexandrejunior/Library/Android/sdk/emulator:/Users/alexandrejunior/Library/Android/sdk/tools:/Users/alexandrejunior/Library/Android/sdk/tools/bin
    export PATH_PREFIXES_EXCLUDED_FROM_HEADER_DEPENDENCIES\=/usr/include\ /usr/local/include\ /System/Library/Frameworks\ /System/Library/PrivateFrameworks\ /Applications/Xcode.app/Contents/Developer/Headers\ /Applications/Xcode.app/Contents/Developer/SDKs\ /Applications/Xcode.app/Contents/Developer/Platforms
    export PER_ARCH_MODULE_FILE_DIR\=/Users/alexandrejunior/Library/Developer/Xcode/DerivedData/MagicWorld-fhfjocfymhawlbfyrweyymotfwge/Build/Intermediates.noindex/Pods.build/Debug-iphonesimulator/React-Core-prebuilt.build/Objects-normal/undefined_arch
    export PER_ARCH_OBJECT_FILE_DIR\=/Users/alexandrejunior/Library/Developer/Xcode/DerivedData/MagicWorld-fhfjocfymhawlbfyrweyymotfwge/Build/Intermediates.noindex/Pods.build/Debug-iphonesimulator/React-Core-prebuilt.build/Objects-normal/undefined_arch
    export PER_VARIANT_OBJECT_FILE_DIR\=/Users/alexandrejunior/Library/Developer/Xcode/DerivedData/MagicWorld-fhfjocfymhawlbfyrweyymotfwge/Build/Intermediates.noindex/Pods.build/Debug-iphonesimulator/React-Core-prebuilt.build/Objects-normal
    export PKGINFO_FILE_PATH\=/Users/alexandrejunior/Library/Developer/Xcode/DerivedData/MagicWorld-fhfjocfymhawlbfyrweyymotfwge/Build/Intermediates.noindex/Pods.build/Debug-iphonesimulator/React-Core-prebuilt.build/PkgInfo
    export PLATFORM_DEVELOPER_APPLICATIONS_DIR\=/Applications/Xcode.app/Contents/Developer/Platforms/iPhoneSimulator.platform/Developer/Applications
    export PLATFORM_DEVELOPER_BIN_DIR\=/Applications/Xcode.app/Contents/Developer/Platforms/iPhoneSimulator.platform/Developer/usr/bin
    export PLATFORM_DEVELOPER_LIBRARY_DIR\=/Applications/Xcode.app/Contents/Developer/Platforms/iPhoneSimulator.platform/Developer/Library
    export PLATFORM_DEVELOPER_SDK_DIR\=/Applications/Xcode.app/Contents/Developer/Platforms/iPhoneSimulator.platform/Developer/SDKs
    export PLATFORM_DEVELOPER_TOOLS_DIR\=/Applications/Xcode.app/Contents/Developer/Platforms/iPhoneSimulator.platform/Developer/Tools
    export PLATFORM_DEVELOPER_USR_DIR\=/Applications/Xcode.app/Contents/Developer/Platforms/iPhoneSimulator.platform/Developer/usr
    export PLATFORM_DIR\=/Applications/Xcode.app/Contents/Developer/Platforms/iPhoneSimulator.platform
    export PLATFORM_DISPLAY_NAME\=iOS\ Simulator
    export PLATFORM_FAMILY_NAME\=iOS
    export PLATFORM_NAME\=iphonesimulator
    export PLATFORM_PREFERRED_ARCH\=x86_64
    export PLATFORM_PRODUCT_BUILD_VERSION\=23A339
    export PLATFORM_REQUIRES_SWIFT_AUTOLINK_EXTRACT\=NO
    export PLATFORM_REQUIRES_SWIFT_MODULEWRAP\=NO
    export PLIST_FILE_OUTPUT_FORMAT\=binary
    export PODS_BUILD_DIR\=/Users/alexandrejunior/Library/Developer/Xcode/DerivedData/MagicWorld-fhfjocfymhawlbfyrweyymotfwge/Build/Products
    export PODS_CONFIGURATION_BUILD_DIR\=/Users/alexandrejunior/Library/Developer/Xcode/DerivedData/MagicWorld-fhfjocfymhawlbfyrweyymotfwge/Build/Products/Debug-iphonesimulator
    export PODS_DEVELOPMENT_LANGUAGE\=en
    export PODS_ROOT\=/Users/alexandrejunior/Documents/Magic-World/ios/Pods
    export PODS_TARGET_SRCROOT\=/Users/alexandrejunior/Documents/Magic-World/ios/Pods/React-Core-prebuilt
    export PODS_XCFRAMEWORKS_BUILD_DIR\=/Users/alexandrejunior/Library/Developer/Xcode/DerivedData/MagicWorld-fhfjocfymhawlbfyrweyymotfwge/Build/Products/Debug-iphonesimulator/XCFrameworkIntermediates
    export PRECOMPS_INCLUDE_HEADERS_FROM_BUILT_PRODUCTS_DIR\=YES
    export PRECOMP_DESTINATION_DIR\=/Users/alexandrejunior/Library/Developer/Xcode/DerivedData/MagicWorld-fhfjocfymhawlbfyrweyymotfwge/Build/Intermediates.noindex/Pods.build/Debug-iphonesimulator/React-Core-prebuilt.build/PrefixHeaders
    export PROCESSED_INFOPLIST_PATH\=/Users/alexandrejunior/Library/Developer/Xcode/DerivedData/MagicWorld-fhfjocfymhawlbfyrweyymotfwge/Build/Intermediates.noindex/Pods.build/Debug-iphonesimulator/React-Core-prebuilt.build/Objects-normal/undefined_arch/Processed-Info.plist
    export PRODUCT_BUNDLE_IDENTIFIER\=org.cocoapods.React-Core-prebuilt
    export PRODUCT_MODULE_NAME\=React_Core_prebuilt
    export PRODUCT_NAME\=React-Core-prebuilt
    export PRODUCT_SETTINGS_PATH\=
    export PROFILING_CODE\=NO
    export PROJECT\=Pods
    export PROJECT_DERIVED_FILE_DIR\=/Users/alexandrejunior/Library/Developer/Xcode/DerivedData/MagicWorld-fhfjocfymhawlbfyrweyymotfwge/Build/Intermediates.noindex/Pods.build/DerivedSources
    export PROJECT_DIR\=/Users/alexandrejunior/Documents/Magic-World/ios/Pods
    export PROJECT_FILE_PATH\=/Users/alexandrejunior/Documents/Magic-World/ios/Pods/Pods.xcodeproj
    export PROJECT_GUID\=8699adb1dd336b26511df848a716bd42
    export PROJECT_NAME\=Pods
    export PROJECT_TEMP_DIR\=/Users/alexandrejunior/Library/Developer/Xcode/DerivedData/MagicWorld-fhfjocfymhawlbfyrweyymotfwge/Build/Intermediates.noindex/Pods.build
    export PROJECT_TEMP_ROOT\=/Users/alexandrejunior/Library/Developer/Xcode/DerivedData/MagicWorld-fhfjocfymhawlbfyrweyymotfwge/Build/Intermediates.noindex
    export REACT_NATIVE_PATH\=/Users/alexandrejunior/Documents/Magic-World/ios/Pods/../../node_modules/react-native
    export RECOMMENDED_IPHONEOS_DEPLOYMENT_TARGET\=15.0
    export RECURSIVE_SEARCH_PATHS_FOLLOW_SYMLINKS\=YES
    export REMOVE_CVS_FROM_RESOURCES\=YES
    export REMOVE_GIT_FROM_RESOURCES\=YES
    export REMOVE_HEADERS_FROM_EMBEDDED_BUNDLES\=YES
    export REMOVE_HG_FROM_RESOURCES\=YES
    export REMOVE_STATIC_EXECUTABLES_FROM_EMBEDDED_BUNDLES\=YES
    export REMOVE_SVN_FROM_RESOURCES\=YES
    export RESCHEDULE_INDEPENDENT_HEADERS_PHASES\=YES
    export REZ_COLLECTOR_DIR\=/Users/alexandrejunior/Library/Developer/Xcode/DerivedData/MagicWorld-fhfjocfymhawlbfyrweyymotfwge/Build/Intermediates.noindex/Pods.build/Debug-iphonesimulator/React-Core-prebuilt.build/ResourceManagerResources
    export REZ_OBJECTS_DIR\=/Users/alexandrejunior/Library/Developer/Xcode/DerivedData/MagicWorld-fhfjocfymhawlbfyrweyymotfwge/Build/Intermediates.noindex/Pods.build/Debug-iphonesimulator/React-Core-prebuilt.build/ResourceManagerResources/Objects
    export RUNTIME_EXCEPTION_ALLOW_DYLD_ENVIRONMENT_VARIABLES\=NO
    export RUNTIME_EXCEPTION_ALLOW_JIT\=NO
    export RUNTIME_EXCEPTION_ALLOW_UNSIGNED_EXECUTABLE_MEMORY\=NO
    export RUNTIME_EXCEPTION_DEBUGGING_TOOL\=NO
    export RUNTIME_EXCEPTION_DISABLE_EXECUTABLE_PAGE_PROTECTION\=NO
    export RUNTIME_EXCEPTION_DISABLE_LIBRARY_VALIDATION\=NO
    export SCAN_ALL_SOURCE_FILES_FOR_INCLUDES\=NO
    export SCRIPT_INPUT_FILE_COUNT\=0
    export SCRIPT_INPUT_FILE_LIST_COUNT\=0
    export SCRIPT_OUTPUT_FILE_COUNT\=0
    export SCRIPT_OUTPUT_FILE_LIST_COUNT\=0
    export SDKROOT\=/Applications/Xcode.app/Contents/Developer/Platforms/iPhoneSimulator.platform/Developer/SDKs/iPhoneSimulator26.0.sdk
    export SDK_DIR\=/Applications/Xcode.app/Contents/Developer/Platforms/iPhoneSimulator.platform/Developer/SDKs/iPhoneSimulator26.0.sdk
    export SDK_DIR_iphonesimulator\=/Applications/Xcode.app/Contents/Developer/Platforms/iPhoneSimulator.platform/Developer/SDKs/iPhoneSimulator26.0.sdk
    export SDK_DIR_iphonesimulator26_0\=/Applications/Xcode.app/Contents/Developer/Platforms/iPhoneSimulator.platform/Developer/SDKs/iPhoneSimulator26.0.sdk
    export SDK_NAME\=iphonesimulator26.0
    export SDK_NAMES\=iphonesimulator26.0
    export SDK_PRODUCT_BUILD_VERSION\=23A339
    export SDK_STAT_CACHE_DIR\=/Users/alexandrejunior/Library/Developer/Xcode/DerivedData
    export SDK_STAT_CACHE_ENABLE\=YES
    export SDK_STAT_CACHE_PATH\=/Users/alexandrejunior/Library/Developer/Xcode/DerivedData/SDKStatCaches.noindex/iphonesimulator26.0-23A339-26257891a6c027eb51374368541b8346.sdkstatcache
    export SDK_VERSION\=26.0
    export SDK_VERSION_ACTUAL\=260000
    export SDK_VERSION_MAJOR\=260000
    export SDK_VERSION_MINOR\=260000
    export SED\=/usr/bin/sed
    export SEPARATE_STRIP\=NO
    export SEPARATE_SYMBOL_EDIT\=NO
    export SET_DIR_MODE_OWNER_GROUP\=YES
    export SET_FILE_MODE_OWNER_GROUP\=NO
    export SHALLOW_BUNDLE\=NO
    export SHARED_DERIVED_FILE_DIR\=/Users/alexandrejunior/Library/Developer/Xcode/DerivedData/MagicWorld-fhfjocfymhawlbfyrweyymotfwge/Build/Products/Debug-iphonesimulator/React-Core-prebuilt/DerivedSources
    export SHARED_PRECOMPS_DIR\=/Users/alexandrejunior/Library/Developer/Xcode/DerivedData/MagicWorld-fhfjocfymhawlbfyrweyymotfwge/Build/Intermediates.noindex/PrecompiledHeaders
    export SKIP_INSTALL\=YES
    export SOURCE_ROOT\=/Users/alexandrejunior/Documents/Magic-World/ios/Pods
    export SRCROOT\=/Users/alexandrejunior/Documents/Magic-World/ios/Pods
    export STRINGSDATA_DIR\=/Users/alexandrejunior/Library/Developer/Xcode/DerivedData/MagicWorld-fhfjocfymhawlbfyrweyymotfwge/Build/Intermediates.noindex/Pods.build/Debug-iphonesimulator/React-Core-prebuilt.build/Objects-normal/undefined_arch
    export STRINGSDATA_ROOT\=/Users/alexandrejunior/Library/Developer/Xcode/DerivedData/MagicWorld-fhfjocfymhawlbfyrweyymotfwge/Build/Intermediates.noindex/Pods.build/Debug-iphonesimulator/React-Core-prebuilt.build
    export STRINGS_FILE_INFOPLIST_RENAME\=YES
    export STRINGS_FILE_OUTPUT_ENCODING\=binary
    export STRING_CATALOG_GENERATE_SYMBOLS\=NO
    export STRIP_BITCODE_FROM_COPIED_FILES\=NO
    export STRIP_INSTALLED_PRODUCT\=NO
    export STRIP_STYLE\=all
    export STRIP_SWIFT_SYMBOLS\=YES
    export SUPPORTED_DEVICE_FAMILIES\=1,2
    export SUPPORTED_PLATFORMS\=iphoneos\ iphonesimulator
    export SUPPORTS_TEXT_BASED_API\=NO
    export SUPPRESS_WARNINGS\=NO
    export SWIFT_ACTIVE_COMPILATION_CONDITIONS\=\ DEBUG
    export SWIFT_EMIT_CONST_VALUE_PROTOCOLS\=AppIntent\ EntityQuery\ AppEntity\ TransientEntity\ AppEnum\ AppShortcutProviding\ AppShortcutsProvider\ AnyResolverProviding\ AppIntentsPackage\ DynamicOptionsProvider\ _IntentValueRepresentable\ _AssistantIntentsProvider\ _GenerativeFunctionExtractable\ IntentValueQuery\ Resolver\ AppExtension\ ExtensionPointDefining
    export SWIFT_EMIT_LOC_STRINGS\=NO
    export SWIFT_ENABLE_EXPLICIT_MODULES\=NO
    export SWIFT_OPTIMIZATION_LEVEL\=-Onone
    export SWIFT_PLATFORM_TARGET_PREFIX\=ios
    export SWIFT_RESPONSE_FILE_PATH_normal_arm64\=/Users/alexandrejunior/Library/Developer/Xcode/DerivedData/MagicWorld-fhfjocfymhawlbfyrweyymotfwge/Build/Intermediates.noindex/Pods.build/Debug-iphonesimulator/React-Core-prebuilt.build/Objects-normal/arm64/React-Core-prebuilt.SwiftFileList
    export SWIFT_VERSION\=5.0
    export SYMROOT\=/Users/alexandrejunior/Library/Developer/Xcode/DerivedData/MagicWorld-fhfjocfymhawlbfyrweyymotfwge/Build/Products
    export SYSTEM_ADMIN_APPS_DIR\=/Applications/Utilities
    export SYSTEM_APPS_DIR\=/Applications
    export SYSTEM_CORE_SERVICES_DIR\=/System/Library/CoreServices
    export SYSTEM_DEMOS_DIR\=/Applications/Extras
    export SYSTEM_DEVELOPER_APPS_DIR\=/Applications/Xcode.app/Contents/Developer/Applications
    export SYSTEM_DEVELOPER_BIN_DIR\=/Applications/Xcode.app/Contents/Developer/usr/bin
    export SYSTEM_DEVELOPER_DEMOS_DIR\=/Applications/Xcode.app/Contents/Developer/Applications/Utilities/Built\ Examples
    export SYSTEM_DEVELOPER_DIR\=/Applications/Xcode.app/Contents/Developer
    export SYSTEM_DEVELOPER_DOC_DIR\=/Applications/Xcode.app/Contents/Developer/ADC\ Reference\ Library
    export SYSTEM_DEVELOPER_GRAPHICS_TOOLS_DIR\=/Applications/Xcode.app/Contents/Developer/Applications/Graphics\ Tools
    export SYSTEM_DEVELOPER_JAVA_TOOLS_DIR\=/Applications/Xcode.app/Contents/Developer/Applications/Java\ Tools
    export SYSTEM_DEVELOPER_PERFORMANCE_TOOLS_DIR\=/Applications/Xcode.app/Contents/Developer/Applications/Performance\ Tools
    export SYSTEM_DEVELOPER_RELEASENOTES_DIR\=/Applications/Xcode.app/Contents/Developer/ADC\ Reference\ Library/releasenotes
    export SYSTEM_DEVELOPER_TOOLS\=/Applications/Xcode.app/Contents/Developer/Tools
    export SYSTEM_DEVELOPER_TOOLS_DOC_DIR\=/Applications/Xcode.app/Contents/Developer/ADC\ Reference\ Library/documentation/DeveloperTools
    export SYSTEM_DEVELOPER_TOOLS_RELEASENOTES_DIR\=/Applications/Xcode.app/Contents/Developer/ADC\ Reference\ Library/releasenotes/DeveloperTools
    export SYSTEM_DEVELOPER_USR_DIR\=/Applications/Xcode.app/Contents/Developer/usr
    export SYSTEM_DEVELOPER_UTILITIES_DIR\=/Applications/Xcode.app/Contents/Developer/Applications/Utilities
    export SYSTEM_DEXT_INSTALL_PATH\=/System/Library/DriverExtensions
    export SYSTEM_DOCUMENTATION_DIR\=/Library/Documentation
    export SYSTEM_KEXT_INSTALL_PATH\=/System/Library/Extensions
    export SYSTEM_LIBRARY_DIR\=/System/Library
    export TAPI_DEMANGLE\=YES
    export TAPI_ENABLE_PROJECT_HEADERS\=NO
    export TAPI_LANGUAGE\=objective-c
    export TAPI_LANGUAGE_STANDARD\=compiler-default
    export TAPI_USE_SRCROOT\=YES
    export TAPI_VERIFY_MODE\=Pedantic
    export TARGETED_DEVICE_FAMILY\=1,2
    export TARGETNAME\=React-Core-prebuilt
    export TARGET_BUILD_DIR\=/Users/alexandrejunior/Library/Developer/Xcode/DerivedData/MagicWorld-fhfjocfymhawlbfyrweyymotfwge/Build/Products/Debug-iphonesimulator/React-Core-prebuilt
    export TARGET_DEVICE_IDENTIFIER\=7F14A47F-86BA-4836-B19A-C623DCA93D62
    export TARGET_DEVICE_MODEL\=iPhone18,1
    export TARGET_DEVICE_OS_VERSION\=26.0
    export TARGET_DEVICE_PLATFORM_NAME\=iphonesimulator
    export TARGET_NAME\=React-Core-prebuilt
    export TARGET_TEMP_DIR\=/Users/alexandrejunior/Library/Developer/Xcode/DerivedData/MagicWorld-fhfjocfymhawlbfyrweyymotfwge/Build/Intermediates.noindex/Pods.build/Debug-iphonesimulator/React-Core-prebuilt.build
    export TEMP_DIR\=/Users/alexandrejunior/Library/Developer/Xcode/DerivedData/MagicWorld-fhfjocfymhawlbfyrweyymotfwge/Build/Intermediates.noindex/Pods.build/Debug-iphonesimulator/React-Core-prebuilt.build
    export TEMP_FILES_DIR\=/Users/alexandrejunior/Library/Developer/Xcode/DerivedData/MagicWorld-fhfjocfymhawlbfyrweyymotfwge/Build/Intermediates.noindex/Pods.build/Debug-iphonesimulator/React-Core-prebuilt.build
    export TEMP_FILE_DIR\=/Users/alexandrejunior/Library/Developer/Xcode/DerivedData/MagicWorld-fhfjocfymhawlbfyrweyymotfwge/Build/Intermediates.noindex/Pods.build/Debug-iphonesimulator/React-Core-prebuilt.build
    export TEMP_ROOT\=/Users/alexandrejunior/Library/Developer/Xcode/DerivedData/MagicWorld-fhfjocfymhawlbfyrweyymotfwge/Build/Intermediates.noindex
    export TEMP_SANDBOX_DIR\=/Users/alexandrejunior/Library/Developer/Xcode/DerivedData/MagicWorld-fhfjocfymhawlbfyrweyymotfwge/Build/Intermediates.noindex/TemporaryTaskSandboxes
    export TEST_FRAMEWORK_SEARCH_PATHS\=\ /Applications/Xcode.app/Contents/Developer/Platforms/iPhoneSimulator.platform/Developer/Library/Frameworks\ /Applications/Xcode.app/Contents/Developer/Platforms/iPhoneSimulator.platform/Developer/SDKs/iPhoneSimulator26.0.sdk/Developer/Library/Frameworks
    export TEST_LIBRARY_SEARCH_PATHS\=\ /Applications/Xcode.app/Contents/Developer/Platforms/iPhoneSimulator.platform/Developer/usr/lib
    export TOOLCHAINS\=com.apple.dt.toolchain.XcodeDefault
    export TOOLCHAIN_DIR\=/Applications/Xcode.app/Contents/Developer/Toolchains/XcodeDefault.xctoolchain
    export TREAT_MISSING_BASELINES_AS_TEST_FAILURES\=NO
    export TREAT_MISSING_SCRIPT_PHASE_OUTPUTS_AS_ERRORS\=NO
    export UID\=501
    export UNINSTALLED_PRODUCTS_DIR\=/Users/alexandrejunior/Library/Developer/Xcode/DerivedData/MagicWorld-fhfjocfymhawlbfyrweyymotfwge/Build/Intermediates.noindex/UninstalledProducts
    export UNSTRIPPED_PRODUCT\=NO
    export USER\=alexandrejunior
    export USER_APPS_DIR\=/Users/alexandrejunior/Applications
    export USER_LIBRARY_DIR\=/Users/alexandrejunior/Library
    export USE_DYNAMIC_NO_PIC\=YES
    export USE_HEADERMAP\=YES
    export USE_HEADER_SYMLINKS\=NO
    export USE_HERMES\=true
    export USE_RECURSIVE_SCRIPT_INPUTS_IN_SCRIPT_PHASES\=YES
    export VALIDATE_DEVELOPMENT_ASSET_PATHS\=YES_ERROR
    export VALIDATE_PRODUCT\=NO
    export VALID_ARCHS\=arm64\ x86_64
    export VERBOSE_PBXCP\=NO
    export VERSION_INFO_BUILDER\=alexandrejunior
    export VERSION_INFO_FILE\=React-Core-prebuilt_vers.c
    export VERSION_INFO_STRING\=\"@\(\#\)PROGRAM:React-Core-prebuilt\ \ PROJECT:Pods-\"
    export WORKSPACE_DIR\=/Users/alexandrejunior/Documents/Magic-World/ios
    export WRAP_ASSET_PACKS_IN_SEPARATE_DIRECTORIES\=NO
    export XCODE_APP_SUPPORT_DIR\=/Applications/Xcode.app/Contents/Developer/Library/Xcode
    export XCODE_PRODUCT_BUILD_VERSION\=17A324
    export XCODE_VERSION_ACTUAL\=2600
    export XCODE_VERSION_MAJOR\=2600
    export XCODE_VERSION_MINOR\=2600
    export XPCSERVICES_FOLDER_PATH\=/XPCServices
    export YACC\=yacc
    export _DISCOVER_COMMAND_LINE_LINKER_INPUTS\=YES
    export _DISCOVER_COMMAND_LINE_LINKER_INPUTS_INCLUDE_WL\=YES
    export _LD_MULTIARCH\=YES
    export __DIAGNOSE_DEPRECATED_ARCHS\=YES
    export arch\=undefined_arch
    export variant\=normal
    /bin/sh -c /Users/alexandrejunior/Library/Developer/Xcode/DerivedData/MagicWorld-fhfjocfymhawlbfyrweyymotfwge/Build/Intermediates.noindex/Pods.build/Debug-iphonesimulator/React-Core-prebuilt.build/Script-46EB2E00030AD0.sh
Node found at: /opt/homebrew/Cellar/node/24.10.0/bin/node
Found React-Core-prebuilt/.last_build_configuration file
Preparing the final location React-Core-prebuilt
Extracting the tarball /Users/alexandrejunior/Documents/Magic-World/ios/Pods/ReactNativeCore-artifacts/reactnative-core-0.81.5-debug.tar.gz
Updating React-Core-prebuilt/.last_build_configuration with Debug
Done replacing React Native prebuilt

PhaseScriptExecution [CP]\ Copy\ XCFrameworks /Users/alexandrejunior/Library/Developer/Xcode/DerivedData/MagicWorld-fhfjocfymhawlbfyrweyymotfwge/Build/Intermediates.noindex/Pods.build/Debug-iphonesimulator/React-Core-prebuilt.build/Script-46EB2E00030AC0.sh (in target 'React-Core-prebuilt' from project 'Pods')
    cd /Users/alexandrejunior/Documents/Magic-World/ios/Pods
    /bin/sh -c /Users/alexandrejunior/Library/Developer/Xcode/DerivedData/MagicWorld-fhfjocfymhawlbfyrweyymotfwge/Build/Intermediates.noindex/Pods.build/Debug-iphonesimulator/React-Core-prebuilt.build/Script-46EB2E00030AC0.sh
Selected xcframework slice ios-arm64_x86_64-simulator
rsync --delete -av --filter P .*.?????? --links --filter "- CVS/" --filter "- .svn/" --filter "- .git/" --filter "- .hg/" "/Users/alexandrejunior/Documents/Magic-World/ios/Pods/React-Core-prebuilt/React.xcframework/ios-arm64_x86_64-simulator/*" "/Users/alexandrejunior/Library/Developer/Xcode/DerivedData/MagicWorld-fhfjocfymhawlbfyrweyymotfwge/Build/Products/Debug-iphonesimulator/XCFrameworkIntermediates/React-Core-prebuilt"
Transfer starting: 1094 files
React.framework/
React.framework/Info.plist
React.framework/React
React.framework/Headers/
React.framework/Headers/FBLazyVector/
React.framework/Headers/FBLazyVector/FBLazyIterator.h
React.framework/Headers/FBLazyVector/FBLazyVector.h
React.framework/Headers/FBReactNativeSpec/
React.framework/Headers/FBReactNativeSpec/ComponentDescriptors.h
React.framework/Headers/FBReactNativeSpec/EventEmitters.h
React.framework/Headers/FBReactNativeSpec/FBReactNativeSpec.h
React.framework/Headers/FBReactNativeSpec/FBReactNativeSpecJSI.h
React.framework/Headers/FBReactNativeSpec/Props.h
React.framework/Headers/FBReactNativeSpec/RCTComponentViewHelpers.h
React.framework/Headers/FBReactNativeSpec/ShadowNodes.h
React.framework/Headers/FBReactNativeSpec/States.h
React.framework/Headers/RCTDeprecation/
React.framework/Headers/RCTDeprecation/RCTDeprecation.h
React.framework/Headers/RCTRequired/
React.framework/Headers/RCTRequired/RCTRequired.h
React.framework/Headers/RCTTypeSafety/
React.framework/Headers/RCTTypeSafety/RCTConvertHelpers.h
React.framework/Headers/RCTTypeSafety/RCTTypedModuleConstants.h
React.framework/Headers/ReactCommon/
React.framework/Headers/ReactCommon/AString.h
React.framework/Headers/ReactCommon/Array.h
React.framework/Headers/ReactCommon/Base.h
React.framework/Headers/ReactCommon/Bool.h
React.framework/Headers/ReactCommon/Bridging.h
React.framework/Headers/ReactCommon/BridgingTest.h
React.framework/Headers/ReactCommon/CallbackWrapper.h
React.framework/Headers/ReactCommon/Class.h
React.framework/Headers/ReactCommon/Convert.h
React.framework/Headers/ReactCommon/CxxTurboModuleUtils.h
React.framework/Headers/ReactCommon/Dynamic.h
React.framework/Headers/ReactCommon/Error.h
React.framework/Headers/ReactCommon/EventEmitter.h
React.framework/Headers/ReactCommon/Function.h
React.framework/Headers/ReactCommon/HighResTimeStamp.h
React.framework/Headers/ReactCommon/LongLivedObject.h
React.framework/Headers/ReactCommon/Number.h
React.framework/Headers/ReactCommon/Object.h
React.framework/Headers/ReactCommon/Promise.h
React.framework/Headers/ReactCommon/TurboCxxModule.h
React.framework/Headers/ReactCommon/TurboModule.h
React.framework/Headers/ReactCommon/TurboModuleBinding.h
React.framework/Headers/ReactCommon/TurboModulePerfLogger.h
React.framework/Headers/ReactCommon/TurboModuleUtils.h
React.framework/Headers/ReactCommon/TurboModuleWithJSIBindings.h
React.framework/Headers/ReactCommon/Value.h
React.framework/Headers/React_Core/
React.framework/Headers/React_Core/AppleEventBeat.h
React.framework/Headers/React_Core/ComponentDescriptors.h
React.framework/Headers/React_Core/CoreModulesPlugins.h
React.framework/Headers/React_Core/DispatchMessageQueueThread.h
React.framework/Headers/React_Core/EventEmitters.h
React.framework/Headers/React_Core/FBReactNativeSpec.h
React.framework/Headers/React_Core/FBReactNativeSpecJSI.h
React.framework/Headers/React_Core/FBXXHashUtils.h
React.framework/Headers/React_Core/NSDataBigString.h
React.framework/Headers/React_Core/PlatformRunLoopObserver.h
React.framework/Headers/React_Core/Props.h
React.framework/Headers/React_Core/RCTAccessibilityElement.h
React.framework/Headers/React_Core/RCTAccessibilityManager+Internal.h
React.framework/Headers/React_Core/RCTAccessibilityManager.h
React.framework/Headers/React_Core/RCTActionSheetManager.h
React.framework/Headers/React_Core/RCTActivityIndicatorView.h
React.framework/Headers/React_Core/RCTActivityIndicatorViewComponentView.h
React.framework/Headers/React_Core/RCTActivityIndicatorViewManager.h
React.framework/Headers/React_Core/RCTAlertController.h
React.framework/Headers/React_Core/RCTAlertManager.h
React.framework/Headers/React_Core/RCTAnimationType.h
React.framework/Headers/React_Core/RCTAppState.h
React.framework/Headers/React_Core/RCTAppearance.h
React.framework/Headers/React_Core/RCTAssert.h
React.framework/Headers/React_Core/RCTAutoInsetsProtocol.h
React.framework/Headers/React_Core/RCTBorderCurve.h
React.framework/Headers/React_Core/RCTBorderDrawing.h
React.framework/Headers/React_Core/RCTBorderStyle.h
React.framework/Headers/React_Core/RCTBoxShadow.h
React.framework/Headers/React_Core/RCTBridge+Inspector.h
React.framework/Headers/React_Core/RCTBridge+Private.h
React.framework/Headers/React_Core/RCTBridge.h
React.framework/Headers/React_Core/RCTBridgeConstants.h
React.framework/Headers/React_Core/RCTBridgeDelegate.h
React.framework/Headers/React_Core/RCTBridgeMethod.h
React.framework/Headers/React_Core/RCTBridgeModule.h
React.framework/Headers/React_Core/RCTBridgeModuleDecorator.h
React.framework/Headers/React_Core/RCTBridgeProxy+Cxx.h
React.framework/Headers/React_Core/RCTBridgeProxy.h
React.framework/Headers/React_Core/RCTBundleManager.h
React.framework/Headers/React_Core/RCTBundleURLProvider.h
React.framework/Headers/React_Core/RCTCallInvoker.h
React.framework/Headers/React_Core/RCTCallInvokerModule.h
React.framework/Headers/React_Core/RCTClipboard.h
React.framework/Headers/React_Core/RCTColorSpaceUtils.h
React.framework/Headers/React_Core/RCTComponent.h
React.framework/Headers/React_Core/RCTComponentData.h
React.framework/Headers/React_Core/RCTComponentEvent.h
React.framework/Headers/React_Core/RCTComponentViewClassDescriptor.h
React.framework/Headers/React_Core/RCTComponentViewDescriptor.h
React.framework/Headers/React_Core/RCTComponentViewFactory.h
React.framework/Headers/React_Core/RCTComponentViewHelpers.h
React.framework/Headers/React_Core/RCTComponentViewProtocol.h
React.framework/Headers/React_Core/RCTComponentViewRegistry.h
React.framework/Headers/React_Core/RCTConstants.h
React.framework/Headers/React_Core/RCTConversions.h
React.framework/Headers/React_Core/RCTConvert+CoreLocation.h
React.framework/Headers/React_Core/RCTConvert+Transform.h
React.framework/Headers/React_Core/RCTConvert.h
React.framework/Headers/React_Core/RCTCursor.h
React.framework/Headers/React_Core/RCTCustomPullToRefreshViewProtocol.h
React.framework/Headers/React_Core/RCTCxxBridgeDelegate.h
React.framework/Headers/React_Core/RCTCxxConvert.h
React.framework/Headers/React_Core/RCTCxxInspectorPackagerConnection.h
React.framework/Headers/React_Core/RCTCxxInspectorPackagerConnectionDelegate.h
React.framework/Headers/React_Core/RCTCxxInspectorWebSocketAdapter.h
React.framework/Headers/React_Core/RCTCxxMethod.h
React.framework/Headers/React_Core/RCTCxxModule.h
React.framework/Headers/React_Core/RCTCxxUtils.h
React.framework/Headers/React_Core/RCTDebuggingOverlay.h
React.framework/Headers/React_Core/RCTDebuggingOverlayComponentView.h
React.framework/Headers/React_Core/RCTDebuggingOverlayManager.h
React.framework/Headers/React_Core/RCTDefaultCxxLogFunction.h
React.framework/Headers/React_Core/RCTDefines.h
React.framework/Headers/React_Core/RCTDevLoadingView.h
React.framework/Headers/React_Core/RCTDevLoadingViewProtocol.h
React.framework/Headers/React_Core/RCTDevLoadingViewSetEnabled.h
React.framework/Headers/React_Core/RCTDevMenu.h
React.framework/Headers/React_Core/RCTDevSettings.h
React.framework/Headers/React_Core/RCTDevToolsRuntimeSettingsModule.h
React.framework/Headers/React_Core/RCTDeviceInfo.h
React.framework/Headers/React_Core/RCTDisplayLink.h
React.framework/Headers/React_Core/RCTEnhancedScrollView.h
React.framework/Headers/React_Core/RCTErrorCustomizer.h
React.framework/Headers/React_Core/RCTErrorInfo.h
React.framework/Headers/React_Core/RCTEventDispatcher.h
React.framework/Headers/React_Core/RCTEventDispatcherProtocol.h
React.framework/Headers/React_Core/RCTEventEmitter.h
React.framework/Headers/React_Core/RCTExceptionsManager.h
React.framework/Headers/React_Core/RCTFPSGraph.h
React.framework/Headers/React_Core/RCTFabricComponentsPlugins.h
React.framework/Headers/React_Core/RCTFabricModalHostViewController.h
React.framework/Headers/React_Core/RCTFabricSurface.h
React.framework/Headers/React_Core/RCTFollyConvert.h
React.framework/Headers/React_Core/RCTFont.h
React.framework/Headers/React_Core/RCTFrameUpdate.h
React.framework/Headers/React_Core/RCTGenericDelegateSplitter.h
React.framework/Headers/React_Core/RCTGradientUtils.h
React.framework/Headers/React_Core/RCTHermesInstanceFactory.h
React.framework/Headers/React_Core/RCTI18nManager.h
React.framework/Headers/React_Core/RCTI18nUtil.h
React.framework/Headers/React_Core/RCTIdentifierPool.h
React.framework/Headers/React_Core/RCTImageComponentView.h
React.framework/Headers/React_Core/RCTImageResponseDelegate.h
React.framework/Headers/React_Core/RCTImageResponseObserverProxy.h
React.framework/Headers/React_Core/RCTImageSource.h
React.framework/Headers/React_Core/RCTInitializing.h
React.framework/Headers/React_Core/RCTInputAccessoryComponentView.h
React.framework/Headers/React_Core/RCTInputAccessoryContentView.h
React.framework/Headers/React_Core/RCTInspector.h
React.framework/Headers/React_Core/RCTInspectorDevServerHelper.h
React.framework/Headers/React_Core/RCTInspectorNetworkHelper.h
React.framework/Headers/React_Core/RCTInspectorPackagerConnection.h
React.framework/Headers/React_Core/RCTInspectorUtils.h
React.framework/Headers/React_Core/RCTInvalidating.h
React.framework/Headers/React_Core/RCTJSIExecutorRuntimeInstaller.h
React.framework/Headers/React_Core/RCTJSStackFrame.h
React.framework/Headers/React_Core/RCTJSThread.h
React.framework/Headers/React_Core/RCTJavaScriptExecutor.h
React.framework/Headers/React_Core/RCTJavaScriptLoader.h
React.framework/Headers/React_Core/RCTKeyCommands.h
React.framework/Headers/React_Core/RCTKeyboardObserver.h
React.framework/Headers/React_Core/RCTLayout.h
React.framework/Headers/React_Core/RCTLayoutAnimation.h
React.framework/Headers/React_Core/RCTLayoutAnimationGroup.h
React.framework/Headers/React_Core/RCTLegacyViewManagerInteropComponentView.h
React.framework/Headers/React_Core/RCTLegacyViewManagerInteropCoordinatorAdapter.h
React.framework/Headers/React_Core/RCTLinearGradient.h
React.framework/Headers/React_Core/RCTLocalizationProvider.h
React.framework/Headers/React_Core/RCTLocalizedString.h
React.framework/Headers/React_Core/RCTLog.h
React.framework/Headers/React_Core/RCTLogBox.h
React.framework/Headers/React_Core/RCTLogBoxView.h
React.framework/Headers/React_Core/RCTMacros.h
React.framework/Headers/React_Core/RCTManagedPointer.h
React.framework/Headers/React_Core/RCTMessageThread.h
React.framework/Headers/React_Core/RCTMockDef.h
React.framework/Headers/React_Core/RCTModalHostView.h
React.framework/Headers/React_Core/RCTModalHostViewComponentView.h
React.framework/Headers/React_Core/RCTModalHostViewController.h
React.framework/Headers/React_Core/RCTModalHostViewManager.h
React.framework/Headers/React_Core/RCTModalManager.h
React.framework/Headers/React_Core/RCTModuleData.h
React.framework/Headers/React_Core/RCTModuleMethod.h
React.framework/Headers/React_Core/RCTMountingManager.h
React.framework/Headers/React_Core/RCTMountingManagerDelegate.h
React.framework/Headers/React_Core/RCTMountingTransactionObserverCoordinator.h
React.framework/Headers/React_Core/RCTMountingTransactionObserving.h
React.framework/Headers/React_Core/RCTMultipartDataTask.h
React.framework/Headers/React_Core/RCTMultipartStreamReader.h
React.framework/Headers/React_Core/RCTNativeModule.h
React.framework/Headers/React_Core/RCTNullability.h
React.framework/Headers/React_Core/RCTObjcExecutor.h
React.framework/Headers/React_Core/RCTPLTag.h
React.framework/Headers/React_Core/RCTPackagerClient.h
React.framework/Headers/React_Core/RCTPackagerConnection.h
React.framework/Headers/React_Core/RCTParagraphComponentAccessibilityProvider.h
React.framework/Headers/React_Core/RCTParagraphComponentView.h
React.framework/Headers/React_Core/RCTParserUtils.h
React.framework/Headers/React_Core/RCTPausedInDebuggerOverlayController.h
React.framework/Headers/React_Core/RCTPerformanceLogger.h
React.framework/Headers/React_Core/RCTPerformanceLoggerLabels.h
React.framework/Headers/React_Core/RCTPlatform.h
React.framework/Headers/React_Core/RCTPointerEvents.h
React.framework/Headers/React_Core/RCTPrimitives.h
React.framework/Headers/React_Core/RCTProfile.h
React.framework/Headers/React_Core/RCTPullToRefreshViewComponentView.h
React.framework/Headers/React_Core/RCTRadialGradient.h
React.framework/Headers/React_Core/RCTReactTaggedView.h
React.framework/Headers/React_Core/RCTReconnectingWebSocket.h
React.framework/Headers/React_Core/RCTRedBox.h
React.framework/Headers/React_Core/RCTRedBoxExtraDataViewController.h
React.framework/Headers/React_Core/RCTRedBoxSetEnabled.h
React.framework/Headers/React_Core/RCTRefreshControl.h
React.framework/Headers/React_Core/RCTRefreshControlManager.h
React.framework/Headers/React_Core/RCTRefreshableProtocol.h
React.framework/Headers/React_Core/RCTReloadCommand.h
React.framework/Headers/React_Core/RCTRootComponentView.h
React.framework/Headers/React_Core/RCTRootContentView.h
React.framework/Headers/React_Core/RCTRootShadowView.h
React.framework/Headers/React_Core/RCTRootView.h
React.framework/Headers/React_Core/RCTRootViewDelegate.h
React.framework/Headers/React_Core/RCTRootViewInternal.h
React.framework/Headers/React_Core/RCTSafeAreaShadowView.h
React.framework/Headers/React_Core/RCTSafeAreaView.h
React.framework/Headers/React_Core/RCTSafeAreaViewComponentView.h
React.framework/Headers/React_Core/RCTSafeAreaViewLocalData.h
React.framework/Headers/React_Core/RCTSafeAreaViewManager.h
React.framework/Headers/React_Core/RCTScheduler.h
React.framework/Headers/React_Core/RCTScrollContentShadowView.h
React.framework/Headers/React_Core/RCTScrollContentView.h
React.framework/Headers/React_Core/RCTScrollContentViewManager.h
React.framework/Headers/React_Core/RCTScrollEvent.h
React.framework/Headers/React_Core/RCTScrollView.h
React.framework/Headers/React_Core/RCTScrollViewComponentView.h
React.framework/Headers/React_Core/RCTScrollViewManager.h
React.framework/Headers/React_Core/RCTScrollableProtocol.h
React.framework/Headers/React_Core/RCTShadowView+Internal.h
React.framework/Headers/React_Core/RCTShadowView+Layout.h
React.framework/Headers/React_Core/RCTShadowView.h
React.framework/Headers/React_Core/RCTSourceCode.h
React.framework/Headers/React_Core/RCTStatusBarManager.h
React.framework/Headers/React_Core/RCTSurface.h
React.framework/Headers/React_Core/RCTSurfaceDelegate.h
React.framework/Headers/React_Core/RCTSurfaceHostingProxyRootView.h
React.framework/Headers/React_Core/RCTSurfaceHostingView.h
React.framework/Headers/React_Core/RCTSurfacePointerHandler.h
React.framework/Headers/React_Core/RCTSurfacePresenter.h
React.framework/Headers/React_Core/RCTSurfacePresenterBridgeAdapter.h
React.framework/Headers/React_Core/RCTSurfacePresenterStub.h
React.framework/Headers/React_Core/RCTSurfaceProtocol.h
React.framework/Headers/React_Core/RCTSurfaceRegistry.h
React.framework/Headers/React_Core/RCTSurfaceRootShadowView.h
React.framework/Headers/React_Core/RCTSurfaceRootShadowViewDelegate.h
React.framework/Headers/React_Core/RCTSurfaceRootView.h
React.framework/Headers/React_Core/RCTSurfaceSizeMeasureMode.h
React.framework/Headers/React_Core/RCTSurfaceStage.h
React.framework/Headers/React_Core/RCTSurfaceTouchHandler.h
React.framework/Headers/React_Core/RCTSurfaceView+Internal.h
React.framework/Headers/React_Core/RCTSurfaceView.h
React.framework/Headers/React_Core/RCTSwitch.h
React.framework/Headers/React_Core/RCTSwitchComponentView.h
React.framework/Headers/React_Core/RCTSwitchManager.h
React.framework/Headers/React_Core/RCTTextDecorationLineType.h
React.framework/Headers/React_Core/RCTTextInputComponentView.h
React.framework/Headers/React_Core/RCTTextInputNativeCommands.h
React.framework/Headers/React_Core/RCTTextInputUtils.h
React.framework/Headers/React_Core/RCTTiming.h
React.framework/Headers/React_Core/RCTTouchEvent.h
React.framework/Headers/React_Core/RCTTouchHandler.h
React.framework/Headers/React_Core/RCTTouchableComponentViewProtocol.h
React.framework/Headers/React_Core/RCTTurboModuleRegistry.h
React.framework/Headers/React_Core/RCTUIManager.h
React.framework/Headers/React_Core/RCTUIManagerObserverCoordinator.h
React.framework/Headers/React_Core/RCTUIManagerUtils.h
React.framework/Headers/React_Core/RCTURLRequestDelegate.h
React.framework/Headers/React_Core/RCTURLRequestHandler.h
React.framework/Headers/React_Core/RCTUnimplementedNativeComponentView.h
React.framework/Headers/React_Core/RCTUnimplementedViewComponentView.h
React.framework/Headers/React_Core/RCTUtils.h
React.framework/Headers/React_Core/RCTUtilsUIOverride.h
React.framework/Headers/React_Core/RCTVersion.h
React.framework/Headers/React_Core/RCTView.h
React.framework/Headers/React_Core/RCTViewAccessibilityElement.h
React.framework/Headers/React_Core/RCTViewComponentView.h
React.framework/Headers/React_Core/RCTViewManager.h
React.framework/Headers/React_Core/RCTViewUtils.h
React.framework/Headers/React_Core/RCTVirtualViewComponentView.h
React.framework/Headers/React_Core/RCTWebSocketModule.h
React.framework/Headers/React_Core/RCTWrapperViewController.h
React.framework/Headers/React_Core/React_Core-umbrella.h
React.framework/Headers/React_Core/ShadowNodes.h
React.framework/Headers/React_Core/States.h
React.framework/Headers/React_Core/UIView+ComponentViewProtocol.h
React.framework/Headers/React_Core/UIView+Private.h
React.framework/Headers/React_Core/UIView+React.h
React.framework/Headers/React_CoreModules/
React.framework/Headers/React_CoreModules/CoreModulesPlugins.h
React.framework/Headers/React_CoreModules/RCTAccessibilityManager+Internal.h
React.framework/Headers/React_CoreModules/RCTAccessibilityManager.h
React.framework/Headers/React_CoreModules/RCTActionSheetManager.h
React.framework/Headers/React_CoreModules/RCTAlertController.h
React.framework/Headers/React_CoreModules/RCTAlertManager.h
React.framework/Headers/React_CoreModules/RCTAppState.h
React.framework/Headers/React_CoreModules/RCTAppearance.h
React.framework/Headers/React_CoreModules/RCTClipboard.h
React.framework/Headers/React_CoreModules/RCTDevLoadingView.h
React.framework/Headers/React_CoreModules/RCTDevMenu.h
React.framework/Headers/React_CoreModules/RCTDevSettings.h
React.framework/Headers/React_CoreModules/RCTDevToolsRuntimeSettingsModule.h
React.framework/Headers/React_CoreModules/RCTDeviceInfo.h
React.framework/Headers/React_CoreModules/RCTEventDispatcher.h
React.framework/Headers/React_CoreModules/RCTExceptionsManager.h
React.framework/Headers/React_CoreModules/RCTFPSGraph.h
React.framework/Headers/React_CoreModules/RCTI18nManager.h
React.framework/Headers/React_CoreModules/RCTKeyboardObserver.h
React.framework/Headers/React_CoreModules/RCTLogBox.h
React.framework/Headers/React_CoreModules/RCTLogBoxView.h
React.framework/Headers/React_CoreModules/RCTPlatform.h
React.framework/Headers/React_CoreModules/RCTRedBox.h
React.framework/Headers/React_CoreModules/RCTSourceCode.h
React.framework/Headers/React_CoreModules/RCTStatusBarManager.h
React.framework/Headers/React_CoreModules/RCTTiming.h
React.framework/Headers/React_CoreModules/RCTWebSocketModule.h
React.framework/Headers/React_Fabric/
React.framework/Headers/React_Fabric/AccessibilityPrimitives.h
React.framework/Headers/React_Fabric/AccessibilityProps.h
React.framework/Headers/React_Fabric/AndroidHorizontalScrollContentViewComponentDescriptor.h
React.framework/Headers/React_Fabric/AndroidHorizontalScrollContentViewShadowNode.h
React.framework/Headers/React_Fabric/AppRegistryBinding.h
React.framework/Headers/React_Fabric/AttributedString.h
React.framework/Headers/React_Fabric/AttributedStringBox.h
React.framework/Headers/React_Fabric/BaseScrollViewProps.h
React.framework/Headers/React_Fabric/BaseTouch.h
React.framework/Headers/React_Fabric/BaseViewEventEmitter.h
React.framework/Headers/React_Fabric/BaseViewProps.h
React.framework/Headers/React_Fabric/BoxShadowPropsConversions.h
React.framework/Headers/React_Fabric/CSSConversions.h
React.framework/Headers/React_Fabric/ComponentDescriptor.h
React.framework/Headers/React_Fabric/ComponentDescriptorFactory.h
React.framework/Headers/React_Fabric/ComponentDescriptorProvider.h
React.framework/Headers/React_Fabric/ComponentDescriptorProviderRegistry.h
React.framework/Headers/React_Fabric/ComponentDescriptorRegistry.h
React.framework/Headers/React_Fabric/ConcreteComponentDescriptor.h
React.framework/Headers/React_Fabric/ConcreteShadowNode.h
React.framework/Headers/React_Fabric/ConcreteState.h
React.framework/Headers/React_Fabric/ConcreteViewShadowNode.h
React.framework/Headers/React_Fabric/CullingContext.h
React.framework/Headers/React_Fabric/DOM.h
React.framework/Headers/React_Fabric/Differentiator.h
React.framework/Headers/React_Fabric/DynamicEventPayload.h
React.framework/Headers/React_Fabric/DynamicPropsUtilities.h
React.framework/Headers/React_Fabric/EventBeat.h
React.framework/Headers/React_Fabric/EventDispatcher.h
React.framework/Headers/React_Fabric/EventEmitter.h
React.framework/Headers/React_Fabric/EventListener.h
React.framework/Headers/React_Fabric/EventLogger.h
React.framework/Headers/React_Fabric/EventPayload.h
React.framework/Headers/React_Fabric/EventPayloadType.h
React.framework/Headers/React_Fabric/EventPerformanceLogger.h
React.framework/Headers/React_Fabric/EventPipe.h
React.framework/Headers/React_Fabric/EventQueue.h
React.framework/Headers/React_Fabric/EventQueueProcessor.h
React.framework/Headers/React_Fabric/EventTarget.h
React.framework/Headers/React_Fabric/FilterPropsConversions.h
React.framework/Headers/React_Fabric/HostPlatformScrollViewProps.h
React.framework/Headers/React_Fabric/HostPlatformTouch.h
React.framework/Headers/React_Fabric/HostPlatformViewEventEmitter.h
React.framework/Headers/React_Fabric/HostPlatformViewProps.h
React.framework/Headers/React_Fabric/HostPlatformViewTraitsInitializer.h
React.framework/Headers/React_Fabric/ImageManager.h
React.framework/Headers/React_Fabric/ImageRequest.h
React.framework/Headers/React_Fabric/ImageResponse.h
React.framework/Headers/React_Fabric/ImageResponseObserver.h
React.framework/Headers/React_Fabric/ImageResponseObserverCoordinator.h
React.framework/Headers/React_Fabric/ImageTelemetry.h
React.framework/Headers/React_Fabric/InspectorData.h
React.framework/Headers/React_Fabric/InstanceHandle.h
React.framework/Headers/React_Fabric/LayoutAnimationCallbackWrapper.h
React.framework/Headers/React_Fabric/LayoutAnimationDriver.h
React.framework/Headers/React_Fabric/LayoutAnimationKeyFrameManager.h
React.framework/Headers/React_Fabric/LayoutAnimationStatusDelegate.h
React.framework/Headers/React_Fabric/LayoutConformanceComponentDescriptor.h
React.framework/Headers/React_Fabric/LayoutConformanceProps.h
React.framework/Headers/React_Fabric/LayoutConformanceShadowNode.h
React.framework/Headers/React_Fabric/LayoutConstraints.h
React.framework/Headers/React_Fabric/LayoutContext.h
React.framework/Headers/React_Fabric/LayoutMetrics.h
React.framework/Headers/React_Fabric/LayoutPrimitives.h
React.framework/Headers/React_Fabric/LayoutableShadowNode.h
React.framework/Headers/React_Fabric/LazyShadowTreeRevisionConsistencyManager.h
React.framework/Headers/React_Fabric/LeakChecker.h
React.framework/Headers/React_Fabric/LegacyViewManagerInteropComponentDescriptor.h
React.framework/Headers/React_Fabric/LegacyViewManagerInteropShadowNode.h
React.framework/Headers/React_Fabric/LegacyViewManagerInteropState.h
React.framework/Headers/React_Fabric/LegacyViewManagerInteropViewProps.h
React.framework/Headers/React_Fabric/MountingCoordinator.h
React.framework/Headers/React_Fabric/MountingOverrideDelegate.h
React.framework/Headers/React_Fabric/MountingTransaction.h
React.framework/Headers/React_Fabric/NativeComponentRegistryBinding.h
React.framework/Headers/React_Fabric/ParagraphAttributes.h
React.framework/Headers/React_Fabric/PlaceholderAttributedString.h
React.framework/Headers/React_Fabric/PointerEvent.h
React.framework/Headers/React_Fabric/PointerEventsProcessor.h
React.framework/Headers/React_Fabric/PointerHoverTracker.h
React.framework/Headers/React_Fabric/Props.h
React.framework/Headers/React_Fabric/PropsMacros.h
React.framework/Headers/React_Fabric/PropsParserContext.h
React.framework/Headers/React_Fabric/RCTComponentViewHelpers.h
React.framework/Headers/React_Fabric/RCTLegacyViewManagerInteropCoordinator.h
React.framework/Headers/React_Fabric/RawEvent.h
React.framework/Headers/React_Fabric/RawProps.h
React.framework/Headers/React_Fabric/RawPropsKey.h
React.framework/Headers/React_Fabric/RawPropsKeyMap.h
React.framework/Headers/React_Fabric/RawPropsParser.h
React.framework/Headers/React_Fabric/RawPropsPrimitives.h
React.framework/Headers/React_Fabric/RawValue.h
React.framework/Headers/React_Fabric/ReactEventPriority.h
React.framework/Headers/React_Fabric/ReactPrimitives.h
React.framework/Headers/React_Fabric/ReactRootViewTagGenerator.h
React.framework/Headers/React_Fabric/RootComponentDescriptor.h
React.framework/Headers/React_Fabric/RootProps.h
React.framework/Headers/React_Fabric/RootShadowNode.h
React.framework/Headers/React_Fabric/Scheduler.h
React.framework/Headers/React_Fabric/SchedulerDelegate.h
React.framework/Headers/React_Fabric/SchedulerToolbox.h
React.framework/Headers/React_Fabric/ScopedShadowTreeRevisionLock.h
React.framework/Headers/React_Fabric/ScrollEvent.h
React.framework/Headers/React_Fabric/ScrollViewComponentDescriptor.h
React.framework/Headers/React_Fabric/ScrollViewEventEmitter.h
React.framework/Headers/React_Fabric/ScrollViewProps.h
React.framework/Headers/React_Fabric/ScrollViewShadowNode.h
React.framework/Headers/React_Fabric/ScrollViewState.h
React.framework/Headers/React_Fabric/Sealable.h
React.framework/Headers/React_Fabric/ShadowNode.h
React.framework/Headers/React_Fabric/ShadowNodeFamily.h
React.framework/Headers/React_Fabric/ShadowNodeFragment.h
React.framework/Headers/React_Fabric/ShadowNodeTraits.h
React.framework/Headers/React_Fabric/ShadowTree.h
React.framework/Headers/React_Fabric/ShadowTreeDelegate.h
React.framework/Headers/React_Fabric/ShadowTreeRegistry.h
React.framework/Headers/React_Fabric/ShadowTreeRevision.h
React.framework/Headers/React_Fabric/ShadowTreeRevisionConsistencyManager.h
React.framework/Headers/React_Fabric/ShadowTreeRevisionProvider.h
React.framework/Headers/React_Fabric/ShadowView.h
React.framework/Headers/React_Fabric/ShadowViewMutation.h
React.framework/Headers/React_Fabric/ShadowViewNodePair.h
React.framework/Headers/React_Fabric/State.h
React.framework/Headers/React_Fabric/StateData.h
React.framework/Headers/React_Fabric/StatePipe.h
React.framework/Headers/React_Fabric/StateUpdate.h
React.framework/Headers/React_Fabric/StubView.h
React.framework/Headers/React_Fabric/StubViewTree.h
React.framework/Headers/React_Fabric/SurfaceHandler.h
React.framework/Headers/React_Fabric/SurfaceManager.h
React.framework/Headers/React_Fabric/SurfaceRegistryBinding.h
React.framework/Headers/React_Fabric/SurfaceTelemetry.h
React.framework/Headers/React_Fabric/TelemetryController.h
React.framework/Headers/React_Fabric/TestComponent.h
React.framework/Headers/React_Fabric/TextAttributes.h
React.framework/Headers/React_Fabric/TinyMap.h
React.framework/Headers/React_Fabric/Touch.h
React.framework/Headers/React_Fabric/TouchEvent.h
React.framework/Headers/React_Fabric/TouchEventEmitter.h
React.framework/Headers/React_Fabric/TransactionTelemetry.h
React.framework/Headers/React_Fabric/UIManager.h
React.framework/Headers/React_Fabric/UIManagerAnimationDelegate.h
React.framework/Headers/React_Fabric/UIManagerBinding.h
React.framework/Headers/React_Fabric/UIManagerCommitHook.h
React.framework/Headers/React_Fabric/UIManagerDelegate.h
React.framework/Headers/React_Fabric/UIManagerMountHook.h
React.framework/Headers/React_Fabric/UIManagerNativeAnimatedDelegate.h
React.framework/Headers/React_Fabric/UnstableLegacyViewManagerAutomaticComponentDescriptor.h
React.framework/Headers/React_Fabric/UnstableLegacyViewManagerAutomaticShadowNode.h
React.framework/Headers/React_Fabric/UnstableLegacyViewManagerInteropComponentDescriptor.h
React.framework/Headers/React_Fabric/ValueFactory.h
React.framework/Headers/React_Fabric/ValueFactoryEventPayload.h
React.framework/Headers/React_Fabric/ViewComponentDescriptor.h
React.framework/Headers/React_Fabric/ViewEventEmitter.h
React.framework/Headers/React_Fabric/ViewProps.h
React.framework/Headers/React_Fabric/ViewPropsInterpolation.h
React.framework/Headers/React_Fabric/ViewShadowNode.h
React.framework/Headers/React_Fabric/WeakFamilyRegistry.h
React.framework/Headers/React_Fabric/YogaLayoutableShadowNode.h
React.framework/Headers/React_Fabric/YogaStylableProps.h
React.framework/Headers/React_Fabric/accessibilityPropsConversions.h
React.framework/Headers/React_Fabric/bridging.h
React.framework/Headers/React_Fabric/componentNameByReactViewName.h
React.framework/Headers/React_Fabric/conversions.h
React.framework/Headers/React_Fabric/graphicsConversions.h
React.framework/Headers/React_Fabric/primitives.h
React.framework/Headers/React_Fabric/propsConversions.h
React.framework/Headers/React_Fabric/sliceChildShadowNodeViewPairs.h
React.framework/Headers/React_Fabric/stubs.h
React.framework/Headers/React_Fabric/updateMountedFlag.h
React.framework/Headers/React_Fabric/utils.h
React.framework/Headers/React_FabricComponents/
React.framework/Headers/React_FabricComponents/AndroidTextInputComponentDescriptor.h
React.framework/Headers/React_FabricComponents/AndroidTextInputEventEmitter.h
React.framework/Headers/React_FabricComponents/AndroidTextInputProps.h
React.framework/Headers/React_FabricComponents/AndroidTextInputShadowNode.h
React.framework/Headers/React_FabricComponents/AndroidTextInputState.h
React.framework/Headers/React_FabricComponents/AppleSwitchComponentDescriptor.h
React.framework/Headers/React_FabricComponents/AppleSwitchShadowNode.h
React.framework/Headers/React_FabricComponents/BaseScrollViewProps.h
React.framework/Headers/React_FabricComponents/BaseTextInputProps.h
React.framework/Headers/React_FabricComponents/BaseTextInputShadowNode.h
React.framework/Headers/React_FabricComponents/BaseTextProps.h
React.framework/Headers/React_FabricComponents/BaseTextShadowNode.h
React.framework/Headers/React_FabricComponents/ComponentDescriptors.h
React.framework/Headers/React_FabricComponents/EventEmitters.h
React.framework/Headers/React_FabricComponents/HostPlatformScrollViewProps.h
React.framework/Headers/React_FabricComponents/InputAccessoryComponentDescriptor.h
React.framework/Headers/React_FabricComponents/InputAccessoryShadowNode.h
React.framework/Headers/React_FabricComponents/InputAccessoryState.h
React.framework/Headers/React_FabricComponents/ModalHostViewComponentDescriptor.h
React.framework/Headers/React_FabricComponents/ModalHostViewShadowNode.h
React.framework/Headers/React_FabricComponents/ModalHostViewState.h
React.framework/Headers/React_FabricComponents/ModalHostViewUtils.h
React.framework/Headers/React_FabricComponents/ParagraphComponentDescriptor.h
React.framework/Headers/React_FabricComponents/ParagraphEventEmitter.h
React.framework/Headers/React_FabricComponents/ParagraphProps.h
React.framework/Headers/React_FabricComponents/ParagraphShadowNode.h
React.framework/Headers/React_FabricComponents/ParagraphState.h
React.framework/Headers/React_FabricComponents/Props.h
React.framework/Headers/React_FabricComponents/RCTAttributedTextUtils.h
React.framework/Headers/React_FabricComponents/RCTComponentViewHelpers.h
React.framework/Headers/React_FabricComponents/RCTFontProperties.h
React.framework/Headers/React_FabricComponents/RCTFontUtils.h
React.framework/Headers/React_FabricComponents/RCTTextLayoutManager.h
React.framework/Headers/React_FabricComponents/RCTTextPrimitivesConversions.h
React.framework/Headers/React_FabricComponents/RawTextComponentDescriptor.h
React.framework/Headers/React_FabricComponents/RawTextProps.h
React.framework/Headers/React_FabricComponents/RawTextShadowNode.h
React.framework/Headers/React_FabricComponents/SafeAreaViewComponentDescriptor.h
React.framework/Headers/React_FabricComponents/SafeAreaViewShadowNode.h
React.framework/Headers/React_FabricComponents/SafeAreaViewState.h
React.framework/Headers/React_FabricComponents/ScrollEvent.h
React.framework/Headers/React_FabricComponents/ScrollViewComponentDescriptor.h
React.framework/Headers/React_FabricComponents/ScrollViewEventEmitter.h
React.framework/Headers/React_FabricComponents/ScrollViewProps.h
React.framework/Headers/React_FabricComponents/ScrollViewShadowNode.h
React.framework/Headers/React_FabricComponents/ScrollViewState.h
React.framework/Headers/React_FabricComponents/ShadowNodes.h
React.framework/Headers/React_FabricComponents/States.h
React.framework/Headers/React_FabricComponents/TextComponentDescriptor.h
React.framework/Headers/React_FabricComponents/TextInputComponentDescriptor.h
React.framework/Headers/React_FabricComponents/TextInputEventEmitter.h
React.framework/Headers/React_FabricComponents/TextInputProps.h
React.framework/Headers/React_FabricComponents/TextInputShadowNode.h
React.framework/Headers/React_FabricComponents/TextInputState.h
React.framework/Headers/React_FabricComponents/TextLayoutContext.h
React.framework/Headers/React_FabricComponents/TextLayoutManager.h
React.framework/Headers/React_FabricComponents/TextLayoutManagerExtended.h
React.framework/Headers/React_FabricComponents/TextMeasureCache.h
React.framework/Headers/React_FabricComponents/TextProps.h
React.framework/Headers/React_FabricComponents/TextShadowNode.h
React.framework/Headers/React_FabricComponents/UnimplementedViewComponentDescriptor.h
React.framework/Headers/React_FabricComponents/UnimplementedViewProps.h
React.framework/Headers/React_FabricComponents/UnimplementedViewShadowNode.h
React.framework/Headers/React_FabricComponents/baseConversions.h
React.framework/Headers/React_FabricComponents/basePrimitives.h
React.framework/Headers/React_FabricComponents/conversions.h
React.framework/Headers/React_FabricComponents/primitives.h
React.framework/Headers/React_FabricComponents/propsConversions.h
React.framework/Headers/React_FabricImage/
React.framework/Headers/React_FabricImage/ImageComponentDescriptor.h
React.framework/Headers/React_FabricImage/ImageEventEmitter.h
React.framework/Headers/React_FabricImage/ImageProps.h
React.framework/Headers/React_FabricImage/ImageShadowNode.h
React.framework/Headers/React_FabricImage/ImageState.h
React.framework/Headers/React_FabricImage/conversions.h
React.framework/Headers/React_ImageManager/
React.framework/Headers/React_ImageManager/ImageRequestParams.h
React.framework/Headers/React_ImageManager/RCTImageManager.h
React.framework/Headers/React_ImageManager/RCTImageManagerProtocol.h
React.framework/Headers/React_ImageManager/RCTImagePrimitivesConversions.h
React.framework/Headers/React_ImageManager/RCTSyncImageManager.h
React.framework/Headers/React_Mapbuffer/
React.framework/Headers/React_Mapbuffer/MapBuffer.h
React.framework/Headers/React_Mapbuffer/MapBufferBuilder.h
React.framework/Headers/React_NativeModulesApple/
React.framework/Headers/React_NativeModulesApple/RCTInteropTurboModule.h
React.framework/Headers/React_NativeModulesApple/RCTTurboModule.h
React.framework/Headers/React_NativeModulesApple/RCTTurboModuleManager.h
React.framework/Headers/React_NativeModulesApple/RCTTurboModuleWithJSIBindings.h
React.framework/Headers/React_RCTAnimation/
React.framework/Headers/React_RCTAnimation/RCTAdditionAnimatedNode.h
React.framework/Headers/React_RCTAnimation/RCTAnimatedNode.h
React.framework/Headers/React_RCTAnimation/RCTAnimationDriver.h
React.framework/Headers/React_RCTAnimation/RCTAnimationPlugins.h
React.framework/Headers/React_RCTAnimation/RCTAnimationUtils.h
React.framework/Headers/React_RCTAnimation/RCTColorAnimatedNode.h
React.framework/Headers/React_RCTAnimation/RCTDecayAnimation.h
React.framework/Headers/React_RCTAnimation/RCTDiffClampAnimatedNode.h
React.framework/Headers/React_RCTAnimation/RCTDivisionAnimatedNode.h
React.framework/Headers/React_RCTAnimation/RCTEventAnimation.h
React.framework/Headers/React_RCTAnimation/RCTFrameAnimation.h
React.framework/Headers/React_RCTAnimation/RCTInterpolationAnimatedNode.h
React.framework/Headers/React_RCTAnimation/RCTModuloAnimatedNode.h
React.framework/Headers/React_RCTAnimation/RCTMultiplicationAnimatedNode.h
React.framework/Headers/React_RCTAnimation/RCTNativeAnimatedModule.h
React.framework/Headers/React_RCTAnimation/RCTNativeAnimatedNodesManager.h
React.framework/Headers/React_RCTAnimation/RCTNativeAnimatedTurboModule.h
React.framework/Headers/React_RCTAnimation/RCTObjectAnimatedNode.h
React.framework/Headers/React_RCTAnimation/RCTPropsAnimatedNode.h
React.framework/Headers/React_RCTAnimation/RCTSpringAnimation.h
React.framework/Headers/React_RCTAnimation/RCTStyleAnimatedNode.h
React.framework/Headers/React_RCTAnimation/RCTSubtractionAnimatedNode.h
React.framework/Headers/React_RCTAnimation/RCTTrackingAnimatedNode.h
React.framework/Headers/React_RCTAnimation/RCTTransformAnimatedNode.h
React.framework/Headers/React_RCTAnimation/RCTValueAnimatedNode.h
React.framework/Headers/React_RCTAppDelegate/
React.framework/Headers/React_RCTAppDelegate/RCTAppDelegate.h
React.framework/Headers/React_RCTAppDelegate/RCTAppSetupUtils.h
React.framework/Headers/React_RCTAppDelegate/RCTArchConfiguratorProtocol.h
React.framework/Headers/React_RCTAppDelegate/RCTDefaultReactNativeFactoryDelegate.h
React.framework/Headers/React_RCTAppDelegate/RCTDependencyProvider.h
React.framework/Headers/React_RCTAppDelegate/RCTJSRuntimeConfiguratorProtocol.h
React.framework/Headers/React_RCTAppDelegate/RCTReactNativeFactory.h
React.framework/Headers/React_RCTAppDelegate/RCTRootViewFactory.h
React.framework/Headers/React_RCTAppDelegate/RCTUIConfiguratorProtocol.h
React.framework/Headers/React_RCTAppDelegate/React_RCTAppDelegate-umbrella.h
React.framework/Headers/React_RCTBlob/
React.framework/Headers/React_RCTBlob/RCTBlobCollector.h
React.framework/Headers/React_RCTBlob/RCTBlobManager.h
React.framework/Headers/React_RCTBlob/RCTBlobPlugins.h
React.framework/Headers/React_RCTBlob/RCTFileReaderModule.h
React.framework/Headers/React_RCTFabric/
React.framework/Headers/React_RCTFabric/AppleEventBeat.h
React.framework/Headers/React_RCTFabric/PlatformRunLoopObserver.h
React.framework/Headers/React_RCTFabric/RCTAccessibilityElement.h
React.framework/Headers/React_RCTFabric/RCTActivityIndicatorViewComponentView.h
React.framework/Headers/React_RCTFabric/RCTBoxShadow.h
React.framework/Headers/React_RCTFabric/RCTColorSpaceUtils.h
React.framework/Headers/React_RCTFabric/RCTComponentViewClassDescriptor.h
React.framework/Headers/React_RCTFabric/RCTComponentViewDescriptor.h
React.framework/Headers/React_RCTFabric/RCTComponentViewFactory.h
React.framework/Headers/React_RCTFabric/RCTComponentViewProtocol.h
React.framework/Headers/React_RCTFabric/RCTComponentViewRegistry.h
React.framework/Headers/React_RCTFabric/RCTConversions.h
React.framework/Headers/React_RCTFabric/RCTCustomPullToRefreshViewProtocol.h
React.framework/Headers/React_RCTFabric/RCTDebuggingOverlayComponentView.h
React.framework/Headers/React_RCTFabric/RCTEnhancedScrollView.h
React.framework/Headers/React_RCTFabric/RCTFabricComponentsPlugins.h
React.framework/Headers/React_RCTFabric/RCTFabricModalHostViewController.h
React.framework/Headers/React_RCTFabric/RCTFabricSurface.h
React.framework/Headers/React_RCTFabric/RCTGenericDelegateSplitter.h
React.framework/Headers/React_RCTFabric/RCTGradientUtils.h
React.framework/Headers/React_RCTFabric/RCTIdentifierPool.h
React.framework/Headers/React_RCTFabric/RCTImageComponentView.h
React.framework/Headers/React_RCTFabric/RCTImageResponseDelegate.h
React.framework/Headers/React_RCTFabric/RCTImageResponseObserverProxy.h
React.framework/Headers/React_RCTFabric/RCTInputAccessoryComponentView.h
React.framework/Headers/React_RCTFabric/RCTInputAccessoryContentView.h
React.framework/Headers/React_RCTFabric/RCTLegacyViewManagerInteropComponentView.h
React.framework/Headers/React_RCTFabric/RCTLegacyViewManagerInteropCoordinatorAdapter.h
React.framework/Headers/React_RCTFabric/RCTLinearGradient.h
React.framework/Headers/React_RCTFabric/RCTLocalizationProvider.h
React.framework/Headers/React_RCTFabric/RCTModalHostViewComponentView.h
React.framework/Headers/React_RCTFabric/RCTMountingManager.h
React.framework/Headers/React_RCTFabric/RCTMountingManagerDelegate.h
React.framework/Headers/React_RCTFabric/RCTMountingTransactionObserverCoordinator.h
React.framework/Headers/React_RCTFabric/RCTMountingTransactionObserving.h
React.framework/Headers/React_RCTFabric/RCTParagraphComponentAccessibilityProvider.h
React.framework/Headers/React_RCTFabric/RCTParagraphComponentView.h
React.framework/Headers/React_RCTFabric/RCTPrimitives.h
React.framework/Headers/React_RCTFabric/RCTPullToRefreshViewComponentView.h
React.framework/Headers/React_RCTFabric/RCTRadialGradient.h
React.framework/Headers/React_RCTFabric/RCTReactTaggedView.h
React.framework/Headers/React_RCTFabric/RCTRootComponentView.h
React.framework/Headers/React_RCTFabric/RCTSafeAreaViewComponentView.h
React.framework/Headers/React_RCTFabric/RCTScheduler.h
React.framework/Headers/React_RCTFabric/RCTScrollViewComponentView.h
React.framework/Headers/React_RCTFabric/RCTSurfacePointerHandler.h
React.framework/Headers/React_RCTFabric/RCTSurfacePresenter.h
React.framework/Headers/React_RCTFabric/RCTSurfacePresenterBridgeAdapter.h
React.framework/Headers/React_RCTFabric/RCTSurfaceRegistry.h
React.framework/Headers/React_RCTFabric/RCTSurfaceTouchHandler.h
React.framework/Headers/React_RCTFabric/RCTSwitchComponentView.h
React.framework/Headers/React_RCTFabric/RCTTextInputComponentView.h
React.framework/Headers/React_RCTFabric/RCTTextInputNativeCommands.h
React.framework/Headers/React_RCTFabric/RCTTextInputUtils.h
React.framework/Headers/React_RCTFabric/RCTTouchableComponentViewProtocol.h
React.framework/Headers/React_RCTFabric/RCTUnimplementedNativeComponentView.h
React.framework/Headers/React_RCTFabric/RCTUnimplementedViewComponentView.h
React.framework/Headers/React_RCTFabric/RCTViewAccessibilityElement.h
React.framework/Headers/React_RCTFabric/RCTViewComponentView.h
React.framework/Headers/React_RCTFabric/RCTVirtualViewComponentView.h
React.framework/Headers/React_RCTFabric/UIView+ComponentViewProtocol.h
React.framework/Headers/React_RCTImage/
React.framework/Headers/React_RCTImage/RCTAnimatedImage.h
React.framework/Headers/React_RCTImage/RCTBundleAssetImageLoader.h
React.framework/Headers/React_RCTImage/RCTDisplayWeakRefreshable.h
React.framework/Headers/React_RCTImage/RCTGIFImageDecoder.h
React.framework/Headers/React_RCTImage/RCTImageBlurUtils.h
React.framework/Headers/React_RCTImage/RCTImageCache.h
React.framework/Headers/React_RCTImage/RCTImageDataDecoder.h
React.framework/Headers/React_RCTImage/RCTImageEditingManager.h
React.framework/Headers/React_RCTImage/RCTImageLoader.h
React.framework/Headers/React_RCTImage/RCTImageLoaderLoggable.h
React.framework/Headers/React_RCTImage/RCTImageLoaderProtocol.h
React.framework/Headers/React_RCTImage/RCTImageLoaderWithAttributionProtocol.h
React.framework/Headers/React_RCTImage/RCTImagePlugins.h
React.framework/Headers/React_RCTImage/RCTImageShadowView.h
React.framework/Headers/React_RCTImage/RCTImageStoreManager.h
React.framework/Headers/React_RCTImage/RCTImageURLLoader.h
React.framework/Headers/React_RCTImage/RCTImageURLLoaderWithAttribution.h
React.framework/Headers/React_RCTImage/RCTImageUtils.h
React.framework/Headers/React_RCTImage/RCTImageView.h
React.framework/Headers/React_RCTImage/RCTImageViewManager.h
React.framework/Headers/React_RCTImage/RCTLocalAssetImageLoader.h
React.framework/Headers/React_RCTImage/RCTResizeMode.h
React.framework/Headers/React_RCTImage/RCTUIImageViewAnimated.h
React.framework/Headers/React_RCTRuntime/
React.framework/Headers/React_RCTRuntime/RCTHermesInstanceFactory.h
React.framework/Headers/React_RCTSettings/
React.framework/Headers/React_RCTSettings/RCTSettingsManager.h
React.framework/Headers/React_RCTSettings/RCTSettingsPlugins.h
React.framework/Headers/React_RCTText/
React.framework/Headers/React_RCTText/NSTextStorage+FontScaling.h
React.framework/Headers/React_RCTText/RCTBackedTextInputDelegate.h
React.framework/Headers/React_RCTText/RCTBackedTextInputDelegateAdapter.h
React.framework/Headers/React_RCTText/RCTBackedTextInputViewProtocol.h
React.framework/Headers/React_RCTText/RCTBaseTextInputShadowView.h
React.framework/Headers/React_RCTText/RCTBaseTextInputView.h
React.framework/Headers/React_RCTText/RCTBaseTextInputViewManager.h
React.framework/Headers/React_RCTText/RCTBaseTextShadowView.h
React.framework/Headers/React_RCTText/RCTBaseTextViewManager.h
React.framework/Headers/React_RCTText/RCTConvert+Text.h
React.framework/Headers/React_RCTText/RCTDynamicTypeRamp.h
React.framework/Headers/React_RCTText/RCTInputAccessoryShadowView.h
React.framework/Headers/React_RCTText/RCTInputAccessoryView.h
React.framework/Headers/React_RCTText/RCTInputAccessoryViewContent.h
React.framework/Headers/React_RCTText/RCTInputAccessoryViewManager.h
React.framework/Headers/React_RCTText/RCTMultilineTextInputView.h
React.framework/Headers/React_RCTText/RCTMultilineTextInputViewManager.h
React.framework/Headers/React_RCTText/RCTRawTextShadowView.h
React.framework/Headers/React_RCTText/RCTRawTextViewManager.h
React.framework/Headers/React_RCTText/RCTSinglelineTextInputView.h
React.framework/Headers/React_RCTText/RCTSinglelineTextInputViewManager.h
React.framework/Headers/React_RCTText/RCTTextAttributes.h
React.framework/Headers/React_RCTText/RCTTextSelection.h
React.framework/Headers/React_RCTText/RCTTextShadowView.h
React.framework/Headers/React_RCTText/RCTTextTransform.h
React.framework/Headers/React_RCTText/RCTTextView.h
React.framework/Headers/React_RCTText/RCTTextViewManager.h
React.framework/Headers/React_RCTText/RCTUITextField.h
React.framework/Headers/React_RCTText/RCTUITextView.h
React.framework/Headers/React_RCTText/RCTVirtualTextShadowView.h
React.framework/Headers/React_RCTText/RCTVirtualTextView.h
React.framework/Headers/React_RCTText/RCTVirtualTextViewManager.h
React.framework/Headers/React_RCTVibration/
React.framework/Headers/React_RCTVibration/RCTVibration.h
React.framework/Headers/React_RCTVibration/RCTVibrationPlugins.h
React.framework/Headers/React_RuntimeApple/
React.framework/Headers/React_RuntimeApple/ObjCTimerRegistry.h
React.framework/Headers/React_RuntimeApple/RCTContextContainerHandling.h
React.framework/Headers/React_RuntimeApple/RCTHermesInstance.h
React.framework/Headers/React_RuntimeApple/RCTHost+Internal.h
React.framework/Headers/React_RuntimeApple/RCTHost.h
React.framework/Headers/React_RuntimeApple/RCTInstance.h
React.framework/Headers/React_RuntimeApple/RCTJSThreadManager.h
React.framework/Headers/React_RuntimeApple/RCTJscInstance.h
React.framework/Headers/React_RuntimeApple/RCTLegacyUIManagerConstantsProvider.h
React.framework/Headers/React_RuntimeApple/RCTPerformanceLoggerUtils.h
React.framework/Headers/React_RuntimeCore/
React.framework/Headers/React_RuntimeCore/BindingsInstaller.h
React.framework/Headers/React_RuntimeCore/BridgelessNativeMethodCallInvoker.h
React.framework/Headers/React_RuntimeCore/BufferedRuntimeExecutor.h
React.framework/Headers/React_RuntimeCore/LegacyUIManagerConstantsProviderBinding.h
React.framework/Headers/React_RuntimeCore/PlatformTimerRegistry.h
React.framework/Headers/React_RuntimeCore/ReactInstance.h
React.framework/Headers/React_RuntimeCore/TimerManager.h
React.framework/Headers/React_RuntimeHermes/
React.framework/Headers/React_RuntimeHermes/HermesInstance.h
React.framework/Headers/React_callinvoker/
React.framework/Headers/React_callinvoker/CallInvoker.h
React.framework/Headers/React_callinvoker/SchedulerPriority.h
React.framework/Headers/React_cxxreact/
React.framework/Headers/React_cxxreact/CxxModule.h
React.framework/Headers/React_cxxreact/CxxNativeModule.h
React.framework/Headers/React_cxxreact/ErrorUtils.h
React.framework/Headers/React_cxxreact/Instance.h
React.framework/Headers/React_cxxreact/JSBigString.h
React.framework/Headers/React_cxxreact/JSBundleType.h
React.framework/Headers/React_cxxreact/JSExecutor.h
React.framework/Headers/React_cxxreact/JSIndexedRAMBundle.h
React.framework/Headers/React_cxxreact/JSModulesUnbundle.h
React.framework/Headers/React_cxxreact/JsArgumentHelpers-inl.h
React.framework/Headers/React_cxxreact/JsArgumentHelpers.h
React.framework/Headers/React_cxxreact/MessageQueueThread.h
React.framework/Headers/React_cxxreact/MethodCall.h
React.framework/Headers/React_cxxreact/ModuleRegistry.h
React.framework/Headers/React_cxxreact/MoveWrapper.h
React.framework/Headers/React_cxxreact/NativeModule.h
React.framework/Headers/React_cxxreact/NativeToJsBridge.h
React.framework/Headers/React_cxxreact/RAMBundleRegistry.h
React.framework/Headers/React_cxxreact/ReactMarker.h
React.framework/Headers/React_cxxreact/ReactNativeVersion.h
React.framework/Headers/React_cxxreact/RecoverableError.h
React.framework/Headers/React_cxxreact/SharedProxyCxxModule.h
React.framework/Headers/React_cxxreact/SystraceSection.h
React.framework/Headers/React_cxxreact/TraceSection.h
React.framework/Headers/React_debug/
React.framework/Headers/React_debug/flags.h
React.framework/Headers/React_debug/react_native_assert.h
React.framework/Headers/React_debug/react_native_expect.h
React.framework/Headers/React_defaultsnativemodule/
React.framework/Headers/React_defaultsnativemodule/DefaultTurboModules.h
React.framework/Headers/React_domnativemodule/
React.framework/Headers/React_domnativemodule/NativeDOM.h
React.framework/Headers/React_featureflags/
React.framework/Headers/React_featureflags/ReactNativeFeatureFlags.h
React.framework/Headers/React_featureflags/ReactNativeFeatureFlagsAccessor.h
React.framework/Headers/React_featureflags/ReactNativeFeatureFlagsDefaults.h
React.framework/Headers/React_featureflags/ReactNativeFeatureFlagsDynamicProvider.h
React.framework/Headers/React_featureflags/ReactNativeFeatureFlagsOverridesOSSCanary.h
React.framework/Headers/React_featureflags/ReactNativeFeatureFlagsOverridesOSSExperimental.h
React.framework/Headers/React_featureflags/ReactNativeFeatureFlagsOverridesOSSStable.h
React.framework/Headers/React_featureflags/ReactNativeFeatureFlagsProvider.h
React.framework/Headers/React_featureflagsnativemodule/
React.framework/Headers/React_featureflagsnativemodule/NativeReactNativeFeatureFlags.h
React.framework/Headers/React_graphics/
React.framework/Headers/React_graphics/BackgroundImage.h
React.framework/Headers/React_graphics/BlendMode.h
React.framework/Headers/React_graphics/BoxShadow.h
React.framework/Headers/React_graphics/Color.h
React.framework/Headers/React_graphics/ColorComponents.h
React.framework/Headers/React_graphics/ColorStop.h
React.framework/Headers/React_graphics/Filter.h
React.framework/Headers/React_graphics/Float.h
React.framework/Headers/React_graphics/Geometry.h
React.framework/Headers/React_graphics/HostPlatformColor.h
React.framework/Headers/React_graphics/Isolation.h
React.framework/Headers/React_graphics/LinearGradient.h
React.framework/Headers/React_graphics/PlatformColorParser.h
React.framework/Headers/React_graphics/Point.h
React.framework/Headers/React_graphics/RCTPlatformColorUtils.h
React.framework/Headers/React_graphics/RadialGradient.h
React.framework/Headers/React_graphics/Rect.h
React.framework/Headers/React_graphics/RectangleCorners.h
React.framework/Headers/React_graphics/RectangleEdges.h
React.framework/Headers/React_graphics/Size.h
React.framework/Headers/React_graphics/Transform.h
React.framework/Headers/React_graphics/ValueUnit.h
React.framework/Headers/React_graphics/Vector.h
React.framework/Headers/React_graphics/conversions.h
React.framework/Headers/React_graphics/fromRawValueShared.h
React.framework/Headers/React_graphics/rounding.h
React.framework/Headers/React_hermes/
React.framework/Headers/React_hermes/ConnectionDemux.h
React.framework/Headers/React_hermes/HermesExecutorFactory.h
React.framework/Headers/React_hermes/HermesRuntimeAgentDelegate.h
React.framework/Headers/React_hermes/HermesRuntimeSamplingProfileSerializer.h
React.framework/Headers/React_hermes/HermesRuntimeTargetDelegate.h
React.framework/Headers/React_hermes/Registration.h
React.framework/Headers/React_idlecallbacksnativemodule/
React.framework/Headers/React_idlecallbacksnativemodule/NativeIdleCallbacks.h
React.framework/Headers/React_jserrorhandler/
React.framework/Headers/React_jserrorhandler/JsErrorHandler.h
React.framework/Headers/React_jserrorhandler/StackTraceParser.h
React.framework/Headers/React_jsi/
React.framework/Headers/React_jsi/JSIDynamic.h
React.framework/Headers/React_jsi/decorator.h
React.framework/Headers/React_jsi/instrumentation.h
React.framework/Headers/React_jsi/jsi-inl.h
React.framework/Headers/React_jsi/jsi.h
React.framework/Headers/React_jsi/jsilib.h
React.framework/Headers/React_jsi/testlib.h
React.framework/Headers/React_jsi/threadsafe.h
React.framework/Headers/React_jsiexecutor/
React.framework/Headers/React_jsiexecutor/JSIExecutor.h
React.framework/Headers/React_jsiexecutor/JSINativeModules.h
React.framework/Headers/React_jsinspector/
React.framework/Headers/React_jsinspector/Base64.h
React.framework/Headers/React_jsinspector/ConsoleMessage.h
React.framework/Headers/React_jsinspector/ExecutionContext.h
React.framework/Headers/React_jsinspector/ExecutionContextManager.h
React.framework/Headers/React_jsinspector/FallbackRuntimeAgentDelegate.h
React.framework/Headers/React_jsinspector/FallbackRuntimeTargetDelegate.h
React.framework/Headers/React_jsinspector/HostAgent.h
React.framework/Headers/React_jsinspector/HostCommand.h
React.framework/Headers/React_jsinspector/HostTarget.h
React.framework/Headers/React_jsinspector/InspectorFlags.h
React.framework/Headers/React_jsinspector/InspectorInterfaces.h
React.framework/Headers/React_jsinspector/InspectorPackagerConnection.h
React.framework/Headers/React_jsinspector/InspectorPackagerConnectionImpl.h
React.framework/Headers/React_jsinspector/InspectorUtilities.h
React.framework/Headers/React_jsinspector/InstanceAgent.h
React.framework/Headers/React_jsinspector/InstanceTarget.h
React.framework/Headers/React_jsinspector/NetworkIOAgent.h
React.framework/Headers/React_jsinspector/ReactCdp.h
React.framework/Headers/React_jsinspector/RuntimeAgent.h
React.framework/Headers/React_jsinspector/RuntimeAgentDelegate.h
React.framework/Headers/React_jsinspector/RuntimeTarget.h
React.framework/Headers/React_jsinspector/ScopedExecutor.h
React.framework/Headers/React_jsinspector/SessionState.h
React.framework/Headers/React_jsinspector/StackTrace.h
React.framework/Headers/React_jsinspector/TracingAgent.h
React.framework/Headers/React_jsinspector/UniqueMonostate.h
React.framework/Headers/React_jsinspector/Utf8.h
React.framework/Headers/React_jsinspector/WeakList.h
React.framework/Headers/React_jsinspector/WebSocketInterfaces.h
React.framework/Headers/React_jsinspectorcdp/
React.framework/Headers/React_jsinspectorcdp/CdpJson.h
React.framework/Headers/React_jsinspectornetwork/
React.framework/Headers/React_jsinspectornetwork/BoundedRequestBuffer.h
React.framework/Headers/React_jsinspectornetwork/CdpNetwork.h
React.framework/Headers/React_jsinspectornetwork/HttpUtils.h
React.framework/Headers/React_jsinspectornetwork/NetworkReporter.h
React.framework/Headers/React_jsinspectornetwork/NetworkTypes.h
React.framework/Headers/React_jsinspectortracing/
React.framework/Headers/React_jsinspectortracing/CdpTracing.h
React.framework/Headers/React_jsinspectortracing/ConsoleTimeStamp.h
React.framework/Headers/React_jsinspectortracing/EventLoopReporter.h
React.framework/Headers/React_jsinspectortracing/InstanceTracingProfile.h
React.framework/Headers/React_jsinspectortracing/PerformanceTracer.h
React.framework/Headers/React_jsinspectortracing/ProfileTreeNode.h
React.framework/Headers/React_jsinspectortracing/RuntimeSamplingProfile.h
React.framework/Headers/React_jsinspectortracing/RuntimeSamplingProfileTraceEventSerializer.h
React.framework/Headers/React_jsinspectortracing/Timing.h
React.framework/Headers/React_jsinspectortracing/TraceEvent.h
React.framework/Headers/React_jsinspectortracing/TraceEventProfile.h
React.framework/Headers/React_jsitooling/
React.framework/Headers/React_jsitooling/JSRuntimeFactory.h
React.framework/Headers/React_jsitooling/JSRuntimeFactoryCAPI.h
React.framework/Headers/React_logger/
React.framework/Headers/React_logger/react_native_log.h
React.framework/Headers/React_microtasksnativemodule/
React.framework/Headers/React_microtasksnativemodule/NativeMicrotasks.h
React.framework/Headers/React_oscompat/
React.framework/Headers/React_oscompat/OSCompat.h
React.framework/Headers/React_perflogger/
React.framework/Headers/React_perflogger/BridgeNativeModulePerfLogger.h
React.framework/Headers/React_perflogger/FuseboxPerfettoDataSource.h
React.framework/Headers/React_perflogger/FuseboxTracer.h
React.framework/Headers/React_perflogger/HermesPerfettoDataSource.h
React.framework/Headers/React_perflogger/NativeModulePerfLogger.h
React.framework/Headers/React_perflogger/ReactPerfetto.h
React.framework/Headers/React_perflogger/ReactPerfettoCategories.h
React.framework/Headers/React_perflogger/ReactPerfettoLogger.h
React.framework/Headers/React_performancetimeline/
React.framework/Headers/React_performancetimeline/CircularBuffer.h
React.framework/Headers/React_performancetimeline/PerformanceEntry.h
React.framework/Headers/React_performancetimeline/PerformanceEntryBuffer.h
React.framework/Headers/React_performancetimeline/PerformanceEntryCircularBuffer.h
React.framework/Headers/React_performancetimeline/PerformanceEntryKeyedBuffer.h
React.framework/Headers/React_performancetimeline/PerformanceEntryReporter.h
React.framework/Headers/React_performancetimeline/PerformanceObserver.h
React.framework/Headers/React_performancetimeline/PerformanceObserverRegistry.h
React.framework/Headers/React_rendererconsistency/
React.framework/Headers/React_rendererconsistency/ScopedShadowTreeRevisionLock.h
React.framework/Headers/React_rendererconsistency/ShadowTreeRevisionConsistencyManager.h
React.framework/Headers/React_renderercss/
React.framework/Headers/React_renderercss/CSSAngle.h
React.framework/Headers/React_renderercss/CSSAngleUnit.h
React.framework/Headers/React_renderercss/CSSColor.h
React.framework/Headers/React_renderercss/CSSColorFunction.h
React.framework/Headers/React_renderercss/CSSCompoundDataType.h
React.framework/Headers/React_renderercss/CSSDataType.h
React.framework/Headers/React_renderercss/CSSFilter.h
React.framework/Headers/React_renderercss/CSSFontVariant.h
React.framework/Headers/React_renderercss/CSSHexColor.h
React.framework/Headers/React_renderercss/CSSKeyword.h
React.framework/Headers/React_renderercss/CSSLength.h
React.framework/Headers/React_renderercss/CSSLengthPercentage.h
React.framework/Headers/React_renderercss/CSSLengthUnit.h
React.framework/Headers/React_renderercss/CSSList.h
React.framework/Headers/React_renderercss/CSSNamedColor.h
React.framework/Headers/React_renderercss/CSSNumber.h
React.framework/Headers/React_renderercss/CSSPercentage.h
React.framework/Headers/React_renderercss/CSSRatio.h
React.framework/Headers/React_renderercss/CSSShadow.h
React.framework/Headers/React_renderercss/CSSSyntaxParser.h
React.framework/Headers/React_renderercss/CSSToken.h
React.framework/Headers/React_renderercss/CSSTokenizer.h
React.framework/Headers/React_renderercss/CSSTransform.h
React.framework/Headers/React_renderercss/CSSTransformOrigin.h
React.framework/Headers/React_renderercss/CSSValueParser.h
React.framework/Headers/React_renderercss/CSSZero.h
React.framework/Headers/React_rendererdebug/
React.framework/Headers/React_rendererdebug/DebugStringConvertible.h
React.framework/Headers/React_rendererdebug/DebugStringConvertibleItem.h
React.framework/Headers/React_rendererdebug/debugStringConvertibleUtils.h
React.framework/Headers/React_rendererdebug/flags.h
React.framework/Headers/React_runtimeexecutor/
React.framework/Headers/React_runtimeexecutor/RuntimeExecutor.h
React.framework/Headers/React_runtimeexecutor/RuntimeExecutorSyncUIThreadUtils.h
React.framework/Headers/React_runtimescheduler/
React.framework/Headers/React_runtimescheduler/RuntimeScheduler.h
React.framework/Headers/React_runtimescheduler/RuntimeSchedulerBinding.h
React.framework/Headers/React_runtimescheduler/RuntimeSchedulerCallInvoker.h
React.framework/Headers/React_runtimescheduler/RuntimeSchedulerEventTimingDelegate.h
React.framework/Headers/React_runtimescheduler/RuntimeSchedulerIntersectionObserverDelegate.h
React.framework/Headers/React_runtimescheduler/RuntimeScheduler_Legacy.h
React.framework/Headers/React_runtimescheduler/RuntimeScheduler_Modern.h
React.framework/Headers/React_runtimescheduler/SchedulerPriorityUtils.h
React.framework/Headers/React_runtimescheduler/StubClock.h
React.framework/Headers/React_runtimescheduler/StubErrorUtils.h
React.framework/Headers/React_runtimescheduler/StubQueue.h
React.framework/Headers/React_runtimescheduler/Task.h
React.framework/Headers/React_runtimescheduler/primitives.h
React.framework/Headers/React_timing/
React.framework/Headers/React_timing/primitives.h
React.framework/Headers/React_utils/
React.framework/Headers/React_utils/ContextContainer.h
React.framework/Headers/React_utils/FloatComparison.h
React.framework/Headers/React_utils/FollyConvert.h
React.framework/Headers/React_utils/LowPriorityExecutor.h
React.framework/Headers/React_utils/ManagedObjectWrapper.h
React.framework/Headers/React_utils/OnScopeExit.h
React.framework/Headers/React_utils/PackTraits.h
React.framework/Headers/React_utils/RunLoopObserver.h
React.framework/Headers/React_utils/SharedFunction.h
React.framework/Headers/React_utils/SimpleThreadSafeCache.h
React.framework/Headers/React_utils/Telemetry.h
React.framework/Headers/React_utils/TemplateStringLiteral.h
React.framework/Headers/React_utils/fnv1a.h
React.framework/Headers/React_utils/hash_combine.h
React.framework/Headers/React_utils/iequals.h
React.framework/Headers/React_utils/jsi-utils.h
React.framework/Headers/React_utils/toLower.h
React.framework/Headers/React_utils/to_underlying.h
React.framework/Headers/Yoga/
React.framework/Headers/Yoga/AbsoluteLayout.h
React.framework/Headers/Yoga/Align.h
React.framework/Headers/Yoga/AssertFatal.h
React.framework/Headers/Yoga/Baseline.h
React.framework/Headers/Yoga/BoundAxis.h
React.framework/Headers/Yoga/BoxSizing.h
React.framework/Headers/Yoga/Cache.h
React.framework/Headers/Yoga/CachedMeasurement.h
React.framework/Headers/Yoga/CalculateLayout.h
React.framework/Headers/Yoga/Comparison.h
React.framework/Headers/Yoga/Config.h
React.framework/Headers/Yoga/Dimension.h
React.framework/Headers/Yoga/Direction.h
React.framework/Headers/Yoga/Display.h
React.framework/Headers/Yoga/Edge.h
React.framework/Headers/Yoga/Errata.h
React.framework/Headers/Yoga/ExperimentalFeature.h
React.framework/Headers/Yoga/FlexDirection.h
React.framework/Headers/Yoga/FlexLine.h
React.framework/Headers/Yoga/FloatOptional.h
React.framework/Headers/Yoga/Gutter.h
React.framework/Headers/Yoga/Justify.h
React.framework/Headers/Yoga/LayoutResults.h
React.framework/Headers/Yoga/LayoutableChildren.h
React.framework/Headers/Yoga/Log.h
React.framework/Headers/Yoga/LogLevel.h
React.framework/Headers/Yoga/MeasureMode.h
React.framework/Headers/Yoga/Node.h
React.framework/Headers/Yoga/NodeType.h
React.framework/Headers/Yoga/Overflow.h
React.framework/Headers/Yoga/PhysicalEdge.h
React.framework/Headers/Yoga/PixelGrid.h
React.framework/Headers/Yoga/PositionType.h
React.framework/Headers/Yoga/SizingMode.h
React.framework/Headers/Yoga/SmallValueBuffer.h
React.framework/Headers/Yoga/Style.h
React.framework/Headers/Yoga/StyleLength.h
React.framework/Headers/Yoga/StyleSizeLength.h
React.framework/Headers/Yoga/StyleValueHandle.h
React.framework/Headers/Yoga/StyleValuePool.h
React.framework/Headers/Yoga/TrailingPosition.h
React.framework/Headers/Yoga/Unit.h
React.framework/Headers/Yoga/Wrap.h
React.framework/Headers/Yoga/YGConfig.h
React.framework/Headers/Yoga/YGEnums.h
React.framework/Headers/Yoga/YGMacros.h
React.framework/Headers/Yoga/YGNode.h
React.framework/Headers/Yoga/YGNodeLayout.h
React.framework/Headers/Yoga/YGNodeStyle.h
React.framework/Headers/Yoga/YGPixelGrid.h
React.framework/Headers/Yoga/YGValue.h
React.framework/Headers/Yoga/Yoga.h
React.framework/Headers/Yoga/YogaEnums.h
React.framework/Headers/Yoga/event.h
React.framework/Modules/
React.framework/Modules/module.modulemap
React.framework/_CodeSignature/
React.framework/_CodeSignature/CodeResources

sent 113637866 bytes  received 23112 bytes  51567976 bytes/sec
total size is 113485850  speedup is 1.00
Copied /Users/alexandrejunior/Documents/Magic-World/ios/Pods/React-Core-prebuilt/React.xcframework/ios-arm64_x86_64-simulator to /Users/alexandrejunior/Library/Developer/Xcode/DerivedData/MagicWorld-fhfjocfymhawlbfyrweyymotfwge/Build/Products/Debug-iphonesimulator/XCFrameworkIntermediates/React-Core-prebuilt

note: Run script build phase '[CP-User] [RN]Check FBReactNativeSpec' will be run during every build because the option to run the script phase "Based on dependency analysis" is unchecked. (in target 'React-RCTFBReactNativeSpec' from project 'Pods')
PhaseScriptExecution [CP-User]\ [RN]Check\ FBReactNativeSpec /Users/alexandrejunior/Library/Developer/Xcode/DerivedData/MagicWorld-fhfjocfymhawlbfyrweyymotfwge/Build/Intermediates.noindex/Pods.build/Debug-iphonesimulator/React-RCTFBReactNativeSpec.build/Script-46EB2E00030AE0.sh (in target 'React-RCTFBReactNativeSpec' from project 'Pods')
    cd /Users/alexandrejunior/Documents/Magic-World/ios/Pods
    export ACTION\=build
    export AD_HOC_CODE_SIGNING_ALLOWED\=YES
    export ALLOW_BUILD_REQUEST_OVERRIDES\=NO
    export ALLOW_TARGET_PLATFORM_SPECIALIZATION\=NO
    export ALTERNATE_GROUP\=staff
    export ALTERNATE_MODE\=u+w,go-w,a+rX
    export ALTERNATE_OWNER\=alexandrejunior
    export ALTERNATIVE_DISTRIBUTION_WEB\=NO
    export ALWAYS_EMBED_SWIFT_STANDARD_LIBRARIES\=NO
    export ALWAYS_SEARCH_USER_PATHS\=NO
    export ALWAYS_USE_SEPARATE_HEADERMAPS\=NO
    export ANDROID_DEPLOYMENT_TARGET\=21.0
    export APPLICATION_EXTENSION_API_ONLY\=NO
    export APPLY_RULES_IN_COPY_FILES\=NO
    export APPLY_RULES_IN_COPY_HEADERS\=NO
    export APP_SHORTCUTS_ENABLE_FLEXIBLE_MATCHING\=YES
    export ARCHS\=arm64
    export ARCHS_STANDARD\=arm64\ x86_64
    export ARCHS_STANDARD_32_64_BIT\=arm64\ x86_64
    export ARCHS_STANDARD_64_BIT\=arm64\ x86_64
    export ARCHS_STANDARD_INCLUDING_64_BIT\=arm64\ x86_64
    export ARCHS_UNIVERSAL_IPHONE_OS\=arm64\ x86_64
    export ASSETCATALOG_COMPILER_APPICON_NAME\=AppIcon
    export ASSETCATALOG_COMPILER_GLOBAL_ACCENT_COLOR_NAME\=AccentColor
    export ASSETCATALOG_FILTER_FOR_DEVICE_MODEL\=iPhone18,1
    export ASSETCATALOG_FILTER_FOR_DEVICE_OS_VERSION\=26.0
    export ASSETCATALOG_FILTER_FOR_THINNING_DEVICE_CONFIGURATION\=iPhone18,1
    export AUTOMATICALLY_MERGE_DEPENDENCIES\=NO
    export AUTOMATION_APPLE_EVENTS\=NO
    export AVAILABLE_PLATFORMS\=android\ appletvos\ appletvsimulator\ driverkit\ iphoneos\ iphonesimulator\ macosx\ qnx\ watchos\ watchsimulator\ webassembly\ xros\ xrsimulator
    export BUILD_ACTIVE_RESOURCES_ONLY\=YES
    export BUILD_COMPONENTS\=headers\ build
    export BUILD_DIR\=/Users/alexandrejunior/Library/Developer/Xcode/DerivedData/MagicWorld-fhfjocfymhawlbfyrweyymotfwge/Build/Products
    export BUILD_LIBRARY_FOR_DISTRIBUTION\=NO
    export BUILD_ROOT\=/Users/alexandrejunior/Library/Developer/Xcode/DerivedData/MagicWorld-fhfjocfymhawlbfyrweyymotfwge/Build/Products
    export BUILD_STYLE\=
    export BUILD_VARIANTS\=normal
    export BUILT_PRODUCTS_DIR\=/Users/alexandrejunior/Library/Developer/Xcode/DerivedData/MagicWorld-fhfjocfymhawlbfyrweyymotfwge/Build/Products/Debug-iphonesimulator/React-RCTFBReactNativeSpec
    export BUNDLE_CONTENTS_FOLDER_PATH_deep\=Contents/
    export BUNDLE_EXECUTABLE_FOLDER_NAME_deep\=MacOS
    export BUNDLE_EXTENSIONS_FOLDER_PATH\=Extensions
    export BUNDLE_FORMAT\=shallow
    export BUNDLE_FRAMEWORKS_FOLDER_PATH\=Frameworks
    export BUNDLE_PLUGINS_FOLDER_PATH\=PlugIns
    export BUNDLE_PRIVATE_HEADERS_FOLDER_PATH\=PrivateHeaders
    export BUNDLE_PUBLIC_HEADERS_FOLDER_PATH\=Headers
    export CACHE_ROOT\=/var/folders/bw/947yyrlj5pn4rnk4v4z__7t40000gn/C/com.apple.DeveloperTools/26.0-17A324/Xcode
    export CCHROOT\=/var/folders/bw/947yyrlj5pn4rnk4v4z__7t40000gn/C/com.apple.DeveloperTools/26.0-17A324/Xcode
    export CHMOD\=/bin/chmod
    export CHOWN\=/usr/sbin/chown
    export CLANG_ANALYZER_LOCALIZABILITY_NONLOCALIZED\=YES
    export CLANG_ANALYZER_NONNULL\=YES
    export CLANG_ANALYZER_NUMBER_OBJECT_CONVERSION\=YES_AGGRESSIVE
    export CLANG_CACHE_FINE_GRAINED_OUTPUTS\=YES
    export CLANG_CXX_LANGUAGE_STANDARD\=c++20
    export CLANG_CXX_LIBRARY\=libc++
    export CLANG_ENABLE_EXPLICIT_MODULES\=YES
    export CLANG_ENABLE_MODULES\=YES
    export CLANG_ENABLE_OBJC_ARC\=YES
    export CLANG_ENABLE_OBJC_WEAK\=NO
    export CLANG_MODULES_BUILD_SESSION_FILE\=/Users/alexandrejunior/Library/Developer/Xcode/DerivedData/ModuleCache.noindex/Session.modulevalidation
    export CLANG_WARN_BLOCK_CAPTURE_AUTORELEASING\=YES
    export CLANG_WARN_BOOL_CONVERSION\=YES
    export CLANG_WARN_COMMA\=YES
    export CLANG_WARN_CONSTANT_CONVERSION\=YES
    export CLANG_WARN_DEPRECATED_OBJC_IMPLEMENTATIONS\=YES
    export CLANG_WARN_DIRECT_OBJC_ISA_USAGE\=YES_ERROR
    export CLANG_WARN_DOCUMENTATION_COMMENTS\=YES
    export CLANG_WARN_EMPTY_BODY\=YES
    export CLANG_WARN_ENUM_CONVERSION\=YES
    export CLANG_WARN_INFINITE_RECURSION\=YES
    export CLANG_WARN_INT_CONVERSION\=YES
    export CLANG_WARN_NON_LITERAL_NULL_CONVERSION\=YES
    export CLANG_WARN_OBJC_IMPLICIT_RETAIN_SELF\=YES
    export CLANG_WARN_OBJC_LITERAL_CONVERSION\=YES
    export CLANG_WARN_OBJC_ROOT_CLASS\=YES_ERROR
    export CLANG_WARN_QUOTED_INCLUDE_IN_FRAMEWORK_HEADER\=NO
    export CLANG_WARN_RANGE_LOOP_ANALYSIS\=YES
    export CLANG_WARN_STRICT_PROTOTYPES\=YES
    export CLANG_WARN_SUSPICIOUS_MOVE\=YES
    export CLANG_WARN_UNGUARDED_AVAILABILITY\=YES_AGGRESSIVE
    export CLANG_WARN_UNREACHABLE_CODE\=YES
    export CLANG_WARN__DUPLICATE_METHOD_MATCH\=YES
    export CLASS_FILE_DIR\=/Users/alexandrejunior/Library/Developer/Xcode/DerivedData/MagicWorld-fhfjocfymhawlbfyrweyymotfwge/Build/Intermediates.noindex/Pods.build/Debug-iphonesimulator/React-RCTFBReactNativeSpec.build/JavaClasses
    export CLEAN_PRECOMPS\=YES
    export CLONE_HEADERS\=NO
    export CODESIGNING_FOLDER_PATH\=/Users/alexandrejunior/Library/Developer/Xcode/DerivedData/MagicWorld-fhfjocfymhawlbfyrweyymotfwge/Build/Products/Debug-iphonesimulator/React-RCTFBReactNativeSpec/
    export CODE_SIGNING_ALLOWED\=NO
    export CODE_SIGNING_REQUIRED\=YES
    export CODE_SIGN_CONTEXT_CLASS\=XCiPhoneSimulatorCodeSignContext
    export CODE_SIGN_IDENTITY\=-
    export CODE_SIGN_INJECT_BASE_ENTITLEMENTS\=YES
    export COLOR_DIAGNOSTICS\=NO
    export COMBINE_HIDPI_IMAGES\=NO
    export COMPILATION_CACHE_CAS_PATH\=/Users/alexandrejunior/Library/Developer/Xcode/DerivedData/CompilationCache.noindex
    export COMPILATION_CACHE_KEEP_CAS_DIRECTORY\=YES
    export COMPILER_INDEX_STORE_ENABLE\=Default
    export COMPOSITE_SDK_DIRS\=/Users/alexandrejunior/Library/Developer/Xcode/DerivedData/MagicWorld-fhfjocfymhawlbfyrweyymotfwge/Build/Intermediates.noindex/CompositeSDKs
    export COMPRESS_PNG_FILES\=YES
    export CONFIGURATION\=Debug
    export CONFIGURATION_BUILD_DIR\=/Users/alexandrejunior/Library/Developer/Xcode/DerivedData/MagicWorld-fhfjocfymhawlbfyrweyymotfwge/Build/Products/Debug-iphonesimulator/React-RCTFBReactNativeSpec
    export CONFIGURATION_TEMP_DIR\=/Users/alexandrejunior/Library/Developer/Xcode/DerivedData/MagicWorld-fhfjocfymhawlbfyrweyymotfwge/Build/Intermediates.noindex/Pods.build/Debug-iphonesimulator
    export COPYING_PRESERVES_HFS_DATA\=NO
    export COPY_HEADERS_RUN_UNIFDEF\=NO
    export COPY_PHASE_STRIP\=NO
    export CORRESPONDING_DEVICE_PLATFORM_DIR\=/Applications/Xcode.app/Contents/Developer/Platforms/iPhoneOS.platform
    export CORRESPONDING_DEVICE_PLATFORM_NAME\=iphoneos
    export CORRESPONDING_DEVICE_SDK_DIR\=/Applications/Xcode.app/Contents/Developer/Platforms/iPhoneOS.platform/Developer/SDKs/iPhoneOS26.0.sdk
    export CORRESPONDING_DEVICE_SDK_NAME\=iphoneos26.0
    export CP\=/bin/cp
    export CREATE_INFOPLIST_SECTION_IN_BINARY\=NO
    export CURRENT_ARCH\=undefined_arch
    export CURRENT_VARIANT\=normal
    export DEAD_CODE_STRIPPING\=YES
    export DEBUGGING_SYMBOLS\=YES
    export DEBUG_INFORMATION_FORMAT\=dwarf
    export DEBUG_INFORMATION_VERSION\=compiler-default
    export DEFAULT_COMPILER\=com.apple.compilers.llvm.clang.1_0
    export DEFAULT_DEXT_INSTALL_PATH\=/System/Library/DriverExtensions
    export DEFAULT_KEXT_INSTALL_PATH\=/System/Library/Extensions
    export DEFINES_MODULE\=NO
    export DEPLOYMENT_LOCATION\=NO
    export DEPLOYMENT_POSTPROCESSING\=NO
    export DEPLOYMENT_TARGET_SETTING_NAME\=IPHONEOS_DEPLOYMENT_TARGET
    export DEPLOYMENT_TARGET_SUGGESTED_VALUES\=12.0\ 12.1\ 12.2\ 12.3\ 12.4\ 13.0\ 13.1\ 13.2\ 13.3\ 13.4\ 13.5\ 13.6\ 14.0\ 14.1\ 14.2\ 14.3\ 14.4\ 14.5\ 14.6\ 14.7\ 15.0\ 15.1\ 15.2\ 15.3\ 15.4\ 15.5\ 15.6\ 16.0\ 16.1\ 16.2\ 16.3\ 16.4\ 16.5\ 16.6\ 17.0\ 17.1\ 17.2\ 17.3\ 17.4\ 17.5\ 17.6\ 18.0\ 18.1\ 18.2\ 18.3\ 18.4\ 18.5\ 18.6\ 26.0
    export DERIVED_FILES_DIR\=/Users/alexandrejunior/Library/Developer/Xcode/DerivedData/MagicWorld-fhfjocfymhawlbfyrweyymotfwge/Build/Intermediates.noindex/Pods.build/Debug-iphonesimulator/React-RCTFBReactNativeSpec.build/DerivedSources
    export DERIVED_FILE_DIR\=/Users/alexandrejunior/Library/Developer/Xcode/DerivedData/MagicWorld-fhfjocfymhawlbfyrweyymotfwge/Build/Intermediates.noindex/Pods.build/Debug-iphonesimulator/React-RCTFBReactNativeSpec.build/DerivedSources
    export DERIVED_SOURCES_DIR\=/Users/alexandrejunior/Library/Developer/Xcode/DerivedData/MagicWorld-fhfjocfymhawlbfyrweyymotfwge/Build/Intermediates.noindex/Pods.build/Debug-iphonesimulator/React-RCTFBReactNativeSpec.build/DerivedSources
    export DEVELOPER_APPLICATIONS_DIR\=/Applications/Xcode.app/Contents/Developer/Applications
    export DEVELOPER_BIN_DIR\=/Applications/Xcode.app/Contents/Developer/usr/bin
    export DEVELOPER_DIR\=/Applications/Xcode.app/Contents/Developer
    export DEVELOPER_FRAMEWORKS_DIR\=/Applications/Xcode.app/Contents/Developer/Library/Frameworks
    export DEVELOPER_FRAMEWORKS_DIR_QUOTED\=/Applications/Xcode.app/Contents/Developer/Library/Frameworks
    export DEVELOPER_LIBRARY_DIR\=/Applications/Xcode.app/Contents/Developer/Library
    export DEVELOPER_SDK_DIR\=/Applications/Xcode.app/Contents/Developer/Platforms/MacOSX.platform/Developer/SDKs
    export DEVELOPER_TOOLS_DIR\=/Applications/Xcode.app/Contents/Developer/Tools
    export DEVELOPER_USR_DIR\=/Applications/Xcode.app/Contents/Developer/usr
    export DEVELOPMENT_LANGUAGE\=en
    export DIAGNOSE_MISSING_TARGET_DEPENDENCIES\=YES
    export DIFF\=/usr/bin/diff
    export DONT_GENERATE_INFOPLIST_FILE\=NO
    export DSTROOT\=/tmp/Pods.dst
    export DT_TOOLCHAIN_DIR\=/Applications/Xcode.app/Contents/Developer/Toolchains/XcodeDefault.xctoolchain
    export DWARF_DSYM_FILE_NAME\=.dSYM
    export DWARF_DSYM_FILE_SHOULD_ACCOMPANY_PRODUCT\=NO
    export DWARF_DSYM_FOLDER_PATH\=/Users/alexandrejunior/Library/Developer/Xcode/DerivedData/MagicWorld-fhfjocfymhawlbfyrweyymotfwge/Build/Products/Debug-iphonesimulator/React-RCTFBReactNativeSpec
    export DYNAMIC_LIBRARY_EXTENSION\=dylib
    export EAGER_COMPILATION_ALLOW_SCRIPTS\=NO
    export EAGER_LINKING\=NO
    export EFFECTIVE_PLATFORM_NAME\=-iphonesimulator
    export EMBEDDED_CONTENT_CONTAINS_SWIFT\=NO
    export EMBED_ASSET_PACKS_IN_PRODUCT_BUNDLE\=NO
    export ENABLE_APP_SANDBOX\=NO
    export ENABLE_CODE_COVERAGE\=YES
    export ENABLE_CPLUSPLUS_BOUNDS_SAFE_BUFFERS\=NO
    export ENABLE_C_BOUNDS_SAFETY\=NO
    export ENABLE_DEFAULT_HEADER_SEARCH_PATHS\=YES
    export ENABLE_DEFAULT_SEARCH_PATHS\=YES
    export ENABLE_ENHANCED_SECURITY\=NO
    export ENABLE_HARDENED_RUNTIME\=NO
    export ENABLE_HEADER_DEPENDENCIES\=YES
    export ENABLE_INCOMING_NETWORK_CONNECTIONS\=NO
    export ENABLE_ON_DEMAND_RESOURCES\=NO
    export ENABLE_OUTGOING_NETWORK_CONNECTIONS\=NO
    export ENABLE_POINTER_AUTHENTICATION\=NO
    export ENABLE_PREVIEWS\=NO
    export ENABLE_RESOURCE_ACCESS_AUDIO_INPUT\=NO
    export ENABLE_RESOURCE_ACCESS_BLUETOOTH\=NO
    export ENABLE_RESOURCE_ACCESS_CALENDARS\=NO
    export ENABLE_RESOURCE_ACCESS_CAMERA\=NO
    export ENABLE_RESOURCE_ACCESS_CONTACTS\=NO
    export ENABLE_RESOURCE_ACCESS_LOCATION\=NO
    export ENABLE_RESOURCE_ACCESS_PHOTO_LIBRARY\=NO
    export ENABLE_RESOURCE_ACCESS_PRINTING\=NO
    export ENABLE_RESOURCE_ACCESS_USB\=NO
    export ENABLE_SDK_IMPORTS\=NO
    export ENABLE_SECURITY_COMPILER_WARNINGS\=NO
    export ENABLE_STRICT_OBJC_MSGSEND\=YES
    export ENABLE_TESTABILITY\=YES
    export ENABLE_TESTING_SEARCH_PATHS\=NO
    export ENABLE_USER_SCRIPT_SANDBOXING\=NO
    export ENABLE_XOJIT_PREVIEWS\=YES
    export ENFORCE_VALID_ARCHS\=YES
    export ENTITLEMENTS_DESTINATION\=__entitlements
    export ENTITLEMENTS_REQUIRED\=YES
    export EXCLUDED_INSTALLSRC_SUBDIRECTORY_PATTERNS\=.DS_Store\ .svn\ .git\ .hg\ CVS
    export EXCLUDED_RECURSIVE_SEARCH_PATH_SUBDIRECTORIES\=\*.nib\ \*.lproj\ \*.framework\ \*.gch\ \*.xcode\*\ \*.xcassets\ \*.icon\ \(\*\)\ .DS_Store\ CVS\ .svn\ .git\ .hg\ \*.pbproj\ \*.pbxproj
    export FILE_LIST\=/Users/alexandrejunior/Library/Developer/Xcode/DerivedData/MagicWorld-fhfjocfymhawlbfyrweyymotfwge/Build/Intermediates.noindex/Pods.build/Debug-iphonesimulator/React-RCTFBReactNativeSpec.build/Objects/LinkFileList
    export FIXED_FILES_DIR\=/Users/alexandrejunior/Library/Developer/Xcode/DerivedData/MagicWorld-fhfjocfymhawlbfyrweyymotfwge/Build/Intermediates.noindex/Pods.build/Debug-iphonesimulator/React-RCTFBReactNativeSpec.build/FixedFiles
    export FRAMEWORK_SEARCH_PATHS\=\ \"/Users/alexandrejunior/Documents/Magic-World/ios/Pods/React-Core-prebuilt\"\ \"/Users/alexandrejunior/Documents/Magic-World/ios/Pods/ReactNativeDependencies/framework/packages/react-native\"\ \"/Users/alexandrejunior/Documents/Magic-World/ios/Pods/hermes-engine/destroot/Library/Frameworks/universal\"\ \"/Users/alexandrejunior/Library/Developer/Xcode/DerivedData/MagicWorld-fhfjocfymhawlbfyrweyymotfwge/Build/Products/Debug-iphonesimulator/XCFrameworkIntermediates/React-Core-prebuilt\"\ \"/Users/alexandrejunior/Library/Developer/Xcode/DerivedData/MagicWorld-fhfjocfymhawlbfyrweyymotfwge/Build/Products/Debug-iphonesimulator/XCFrameworkIntermediates/ReactNativeDependencies\"\ \"/Users/alexandrejunior/Library/Developer/Xcode/DerivedData/MagicWorld-fhfjocfymhawlbfyrweyymotfwge/Build/Products/Debug-iphonesimulator/XCFrameworkIntermediates/hermes-engine/Pre-built\"
    export FRAMEWORK_VERSION\=A
    export FUSE_BUILD_PHASES\=YES
    export FUSE_BUILD_SCRIPT_PHASES\=NO
    export GCC3_VERSION\=3.3
    export GCC_C_LANGUAGE_STANDARD\=gnu11
    export GCC_DYNAMIC_NO_PIC\=NO
    export GCC_NO_COMMON_BLOCKS\=YES
    export GCC_OBJC_LEGACY_DISPATCH\=YES
    export GCC_OPTIMIZATION_LEVEL\=0
    export GCC_PFE_FILE_C_DIALECTS\=c\ objective-c\ c++\ objective-c++
    export GCC_PREPROCESSOR_DEFINITIONS\=POD_CONFIGURATION_DEBUG\=1\ DEBUG\=1\ \ COCOAPODS\=1
    export GCC_TREAT_WARNINGS_AS_ERRORS\=NO
    export GCC_VERSION\=com.apple.compilers.llvm.clang.1_0
    export GCC_VERSION_IDENTIFIER\=com_apple_compilers_llvm_clang_1_0
    export GCC_WARN_64_TO_32_BIT_CONVERSION\=YES
    export GCC_WARN_ABOUT_RETURN_TYPE\=YES_ERROR
    export GCC_WARN_UNDECLARED_SELECTOR\=YES
    export GCC_WARN_UNINITIALIZED_AUTOS\=YES_AGGRESSIVE
    export GCC_WARN_UNUSED_FUNCTION\=YES
    export GCC_WARN_UNUSED_VARIABLE\=YES
    export GENERATED_MODULEMAP_DIR\=/Users/alexandrejunior/Library/Developer/Xcode/DerivedData/MagicWorld-fhfjocfymhawlbfyrweyymotfwge/Build/Intermediates.noindex/GeneratedModuleMaps-iphonesimulator
    export GENERATE_INFOPLIST_FILE\=NO
    export GENERATE_INTERMEDIATE_TEXT_BASED_STUBS\=YES
    export GENERATE_PKGINFO_FILE\=NO
    export GENERATE_PRELINK_OBJECT_FILE\=NO
    export GENERATE_PROFILING_CODE\=NO
    export GENERATE_TEXT_BASED_STUBS\=NO
    export GID\=20
    export GROUP\=staff
    export HEADERMAP_INCLUDES_FLAT_ENTRIES_FOR_TARGET_BEING_BUILT\=YES
    export HEADERMAP_INCLUDES_FRAMEWORK_ENTRIES_FOR_ALL_PRODUCT_TYPES\=YES
    export HEADERMAP_INCLUDES_FRAMEWORK_ENTRIES_FOR_TARGETS_NOT_BEING_BUILT\=YES
    export HEADERMAP_INCLUDES_NONPUBLIC_NONPRIVATE_HEADERS\=YES
    export HEADERMAP_INCLUDES_PROJECT_HEADERS\=YES
    export HEADERMAP_USES_FRAMEWORK_PREFIX_ENTRIES\=YES
    export HEADERMAP_USES_VFS\=NO
    export HEADER_SEARCH_PATHS\=\ /Users/alexandrejunior/Documents/Magic-World/ios/Pods/ReactCommon\ /Users/alexandrejunior/Documents/Magic-World/ios/Pods/ReactCommon/react/nativemodule/core\ /Users/alexandrejunior/Documents/Magic-World/ios/Pods/React-runtimeexecutor\ /Users/alexandrejunior/Documents/Magic-World/ios/Pods/React-runtimeexecutor/platform/ios\ /Users/alexandrejunior/Documents/Magic-World/ios/Pods/ReactCommon-Samples\ /Users/alexandrejunior/Documents/Magic-World/ios/Pods/ReactCommon-Samples/platform/ios\ /Users/alexandrejunior/Documents/Magic-World/ios/Pods/React-Fabric/react/renderer/components/view/platform/cxx\ /Users/alexandrejunior/Documents/Magic-World/ios/Pods/React-NativeModulesApple\ /Users/alexandrejunior/Documents/Magic-World/ios/Pods/React-graphics\ /Users/alexandrejunior/Documents/Magic-World/ios/Pods/React-graphics/react/renderer/graphics/platform/ios\ \"/Users/alexandrejunior/Documents/Magic-World/ios/Pods/Headers/Private\"\ \"/Users/alexandrejunior/Documents/Magic-World/ios/Pods/Headers/Private/React-RCTFBReactNativeSpec\"\ \"/Users/alexandrejunior/Documents/Magic-World/ios/Pods/Headers/Public\"\ \"/Users/alexandrejunior/Documents/Magic-World/ios/Pods/Headers/Public/FBLazyVector\"\ \"/Users/alexandrejunior/Documents/Magic-World/ios/Pods/Headers/Public/RCTRequired\"\ \"/Users/alexandrejunior/Documents/Magic-World/ios/Pods/Headers/Public/RCTTypeSafety\"\ \"/Users/alexandrejunior/Documents/Magic-World/ios/Pods/Headers/Public/React-Core\"\ \"/Users/alexandrejunior/Documents/Magic-World/ios/Pods/Headers/Public/React-Core-prebuilt\"\ \"/Users/alexandrejunior/Documents/Magic-World/ios/Pods/Headers/Public/React-Fabric\"\ \"/Users/alexandrejunior/Documents/Magic-World/ios/Pods/Headers/Public/React-NativeModulesApple\"\ \"/Users/alexandrejunior/Documents/Magic-World/ios/Pods/Headers/Public/React-RCTFBReactNativeSpec\"\ \"/Users/alexandrejunior/Documents/Magic-World/ios/Pods/Headers/Public/React-callinvoker\"\ \"/Users/alexandrejunior/Documents/Magic-World/ios/Pods/Headers/Public/React-cxxreact\"\ \"/Users/alexandrejunior/Documents/Magic-World/ios/Pods/Headers/Public/React-debug\"\ \"/Users/alexandrejunior/Documents/Magic-World/ios/Pods/Headers/Public/React-featureflags\"\ \"/Users/alexandrejunior/Documents/Magic-World/ios/Pods/Headers/Public/React-graphics\"\ \"/Users/alexandrejunior/Documents/Magic-World/ios/Pods/Headers/Public/React-hermes\"\ \"/Users/alexandrejunior/Documents/Magic-World/ios/Pods/Headers/Public/React-jsi\"\ \"/Users/alexandrejunior/Documents/Magic-World/ios/Pods/Headers/Public/React-jsiexecutor\"\ \"/Users/alexandrejunior/Documents/Magic-World/ios/Pods/Headers/Public/React-jsinspector\"\ \"/Users/alexandrejunior/Documents/Magic-World/ios/Pods/Headers/Public/React-jsinspectorcdp\"\ \"/Users/alexandrejunior/Documents/Magic-World/ios/Pods/Headers/Public/React-jsinspectornetwork\"\ \"/Users/alexandrejunior/Documents/Magic-World/ios/Pods/Headers/Public/React-jsinspectortracing\"\ \"/Users/alexandrejunior/Documents/Magic-World/ios/Pods/Headers/Public/React-jsitooling\"\ \"/Users/alexandrejunior/Documents/Magic-World/ios/Pods/Headers/Public/React-logger\"\ \"/Users/alexandrejunior/Documents/Magic-World/ios/Pods/Headers/Public/React-oscompat\"\ \"/Users/alexandrejunior/Documents/Magic-World/ios/Pods/Headers/Public/React-perflogger\"\ \"/Users/alexandrejunior/Documents/Magic-World/ios/Pods/Headers/Public/React-performancetimeline\"\ \"/Users/alexandrejunior/Documents/Magic-World/ios/Pods/Headers/Public/React-rendererconsistency\"\ \"/Users/alexandrejunior/Documents/Magic-World/ios/Pods/Headers/Public/React-renderercss\"\ \"/Users/alexandrejunior/Documents/Magic-World/ios/Pods/Headers/Public/React-rendererdebug\"\ \"/Users/alexandrejunior/Documents/Magic-World/ios/Pods/Headers/Public/React-runtimeexecutor\"\ \"/Users/alexandrejunior/Documents/Magic-World/ios/Pods/Headers/Public/React-runtimescheduler\"\ \"/Users/alexandrejunior/Documents/Magic-World/ios/Pods/Headers/Public/React-timing\"\ \"/Users/alexandrejunior/Documents/Magic-World/ios/Pods/Headers/Public/React-utils\"\ \"/Users/alexandrejunior/Documents/Magic-World/ios/Pods/Headers/Public/ReactCommon\"\ \"/Users/alexandrejunior/Documents/Magic-World/ios/Pods/Headers/Public/ReactNativeDependencies\"\ \"/Users/alexandrejunior/Documents/Magic-World/ios/Pods/Headers/Public/Yoga\"\ \"/Users/alexandrejunior/Documents/Magic-World/ios/Pods/Headers/Public/hermes-engine\"\ \"/Users/alexandrejunior/Documents/Magic-World/ios/Pods/../../node_modules/react-native/React/FBReactNativeSpec\"\ \"/Users/alexandrejunior/Documents/Magic-World/ios/Pods/Headers/Private/Yoga\"\ \"/Users/alexandrejunior/Documents/Magic-World/ios/Pods/ReactCommon\"\ \"/Users/alexandrejunior/Documents/Magic-World/ios/Pods/ReactCommon/react/nativemodule/core\"\ \"/Users/alexandrejunior/Documents/Magic-World/ios/Pods/ReactCommon\"\ \"/Users/alexandrejunior/Documents/Magic-World/ios/Pods/ReactCommon/react/nativemodule/bridging\"\ \"/Users/alexandrejunior/Documents/Magic-World/ios/Pods/../../node_modules/react-native/React/FBReactNativeSpec\"\ \"/Users/alexandrejunior/Documents/Magic-World/ios/Pods/Headers/Private/Yoga\"\ \"/Users/alexandrejunior/Documents/Magic-World/ios/Pods/ReactCommon\"\ \"/Users/alexandrejunior/Documents/Magic-World/ios/Pods/ReactCommon/react/nativemodule/core\"\ \"/Users/alexandrejunior/Documents/Magic-World/ios/Pods/ReactCommon\"\ \"/Users/alexandrejunior/Documents/Magic-World/ios/Pods/ReactCommon/react/nativemodule/bridging\"\ \"/Users/alexandrejunior/Documents/Magic-World/ios/Pods/React-featureflags\"\ \"/Users/alexandrejunior/Documents/Magic-World/ios/Pods/React-debug\"\ \"/Users/alexandrejunior/Documents/Magic-World/ios/Pods/React-rendererdebug\"\ \"/Users/alexandrejunior/Documents/Magic-World/ios/Pods/React-utils\"\ \"/Users/alexandrejunior/Documents/Magic-World/ios/Pods/React-graphics\"\ \"/Users/alexandrejunior/Documents/Magic-World/ios/Pods/React-graphics/react/renderer/graphics/platform/ios\"\ \"/Users/alexandrejunior/Documents/Magic-World/ios/Pods/React-Fabric\"\ \"/Users/alexandrejunior/Documents/Magic-World/ios/Pods/React-Fabric/react/renderer/components/view/platform/cxx\"\ \"/Users/alexandrejunior/Documents/Magic-World/ios/Pods/ReactCommon\"\ \"/Users/alexandrejunior/Documents/Magic-World/ios/Pods/ReactCommon/react/nativemodule/core\"\ \"/Users/alexandrejunior/Documents/Magic-World/ios/Pods/React-runtimeexecutor\"\ \"/Users/alexandrejunior/Documents/Magic-World/ios/Pods/React-runtimeexecutor/platform/ios\"
    export HOME\=/Users/alexandrejunior
    export HOST_ARCH\=arm64
    export HOST_PLATFORM\=macosx
    export ICONV\=/usr/bin/iconv
    export IMPLICIT_DEPENDENCY_DOMAIN\=default
    export INFOPLIST_ENABLE_CFBUNDLEICONS_MERGE\=YES
    export INFOPLIST_EXPAND_BUILD_SETTINGS\=YES
    export INFOPLIST_OUTPUT_FORMAT\=binary
    export INFOPLIST_PREPROCESS\=NO
    export INLINE_PRIVATE_FRAMEWORKS\=NO
    export INSTALLAPI_IGNORE_SKIP_INSTALL\=YES
    export INSTALLHDRS_COPY_PHASE\=NO
    export INSTALLHDRS_SCRIPT_PHASE\=NO
    export INSTALL_DIR\=/tmp/Pods.dst
    export INSTALL_GROUP\=staff
    export INSTALL_MODE_FLAG\=u+w,go-w,a+rX
    export INSTALL_OWNER\=alexandrejunior
    export INSTALL_ROOT\=/tmp/Pods.dst
    export IPHONEOS_DEPLOYMENT_TARGET\=15.1
    export IS_UNOPTIMIZED_BUILD\=YES
    export JAVAC_DEFAULT_FLAGS\=-J-Xms64m\ -J-XX:NewSize\=4M\ -J-Dfile.encoding\=UTF8
    export JAVA_APP_STUB\=/System/Library/Frameworks/JavaVM.framework/Resources/MacOS/JavaApplicationStub
    export JAVA_ARCHIVE_CLASSES\=YES
    export JAVA_ARCHIVE_TYPE\=JAR
    export JAVA_COMPILER\=/usr/bin/javac
    export JAVA_FRAMEWORK_RESOURCES_DIRS\=Resources
    export JAVA_JAR_FLAGS\=cv
    export JAVA_SOURCE_SUBDIR\=.
    export JAVA_USE_DEPENDENCIES\=YES
    export JAVA_ZIP_FLAGS\=-urg
    export JIKES_DEFAULT_FLAGS\=+E\ +OLDCSO
    export KEEP_PRIVATE_EXTERNS\=NO
    export LD_DEPENDENCY_INFO_FILE\=/Users/alexandrejunior/Library/Developer/Xcode/DerivedData/MagicWorld-fhfjocfymhawlbfyrweyymotfwge/Build/Intermediates.noindex/Pods.build/Debug-iphonesimulator/React-RCTFBReactNativeSpec.build/Objects-normal/undefined_arch/React-RCTFBReactNativeSpec_dependency_info.dat
    export LD_EXPORT_SYMBOLS\=YES
    export LD_GENERATE_MAP_FILE\=NO
    export LD_MAP_FILE_PATH\=/Users/alexandrejunior/Library/Developer/Xcode/DerivedData/MagicWorld-fhfjocfymhawlbfyrweyymotfwge/Build/Intermediates.noindex/Pods.build/Debug-iphonesimulator/React-RCTFBReactNativeSpec.build/React-RCTFBReactNativeSpec-LinkMap-normal-undefined_arch.txt
    export LD_NO_PIE\=NO
    export LD_QUOTE_LINKER_ARGUMENTS_FOR_COMPILER_DRIVER\=YES
    export LD_RUNPATH_SEARCH_PATHS\=\ @executable_path/Frameworks
    export LD_SHARED_CACHE_ELIGIBLE\=Automatic
    export LD_WARN_DUPLICATE_LIBRARIES\=NO
    export LD_WARN_UNUSED_DYLIBS\=NO
    export LEGACY_DEVELOPER_DIR\=/Applications/Xcode.app/Contents/PlugIns/Xcode3Core.ideplugin/Contents/SharedSupport/Developer
    export LEX\=lex
    export LIBRARY_DEXT_INSTALL_PATH\=/Library/DriverExtensions
    export LIBRARY_FLAG_NOSPACE\=YES
    export LIBRARY_KEXT_INSTALL_PATH\=/Library/Extensions
    export LINKER_DISPLAYS_MANGLED_NAMES\=NO
    export LINK_FILE_LIST_normal_arm64\=/Users/alexandrejunior/Library/Developer/Xcode/DerivedData/MagicWorld-fhfjocfymhawlbfyrweyymotfwge/Build/Intermediates.noindex/Pods.build/Debug-iphonesimulator/React-RCTFBReactNativeSpec.build/Objects-normal/arm64/React-RCTFBReactNativeSpec.LinkFileList
    export LINK_OBJC_RUNTIME\=YES
    export LINK_WITH_STANDARD_LIBRARIES\=YES
    export LLVM_TARGET_TRIPLE_OS_VERSION\=ios15.1
    export LLVM_TARGET_TRIPLE_SUFFIX\=-simulator
    export LLVM_TARGET_TRIPLE_VENDOR\=apple
    export LM_AUX_CONST_METADATA_LIST_PATH_normal_arm64\=/Users/alexandrejunior/Library/Developer/Xcode/DerivedData/MagicWorld-fhfjocfymhawlbfyrweyymotfwge/Build/Intermediates.noindex/Pods.build/Debug-iphonesimulator/React-RCTFBReactNativeSpec.build/Objects-normal/arm64/React-RCTFBReactNativeSpec.SwiftConstValuesFileList
    export LOCALIZATION_EXPORT_SUPPORTED\=YES
    export LOCALIZATION_PREFERS_STRING_CATALOGS\=NO
    export LOCALIZED_STRING_MACRO_NAMES\=NSLocalizedString\ CFCopyLocalizedString
    export LOCALIZED_STRING_SWIFTUI_SUPPORT\=YES
    export LOCAL_ADMIN_APPS_DIR\=/Applications/Utilities
    export LOCAL_APPS_DIR\=/Applications
    export LOCAL_DEVELOPER_DIR\=/Library/Developer
    export LOCAL_LIBRARY_DIR\=/Library
    export LOCROOT\=/Users/alexandrejunior/Documents/Magic-World/ios/Pods
    export LOCSYMROOT\=/Users/alexandrejunior/Documents/Magic-World/ios/Pods
    export MAC_OS_X_PRODUCT_BUILD_VERSION\=25A354
    export MAC_OS_X_VERSION_ACTUAL\=260000
    export MAC_OS_X_VERSION_MAJOR\=260000
    export MAC_OS_X_VERSION_MINOR\=260000
    export MAKE_MERGEABLE\=NO
    export MERGEABLE_LIBRARY\=NO
    export MERGED_BINARY_TYPE\=none
    export MERGE_LINKED_LIBRARIES\=NO
    export METAL_LIBRARY_FILE_BASE\=default
    export METAL_LIBRARY_OUTPUT_DIR\=/Users/alexandrejunior/Library/Developer/Xcode/DerivedData/MagicWorld-fhfjocfymhawlbfyrweyymotfwge/Build/Products/Debug-iphonesimulator/React-RCTFBReactNativeSpec/
    export MODULE_CACHE_DIR\=/Users/alexandrejunior/Library/Developer/Xcode/DerivedData/ModuleCache.noindex
    export MTL_ENABLE_DEBUG_INFO\=INCLUDE_SOURCE
    export MTL_FAST_MATH\=YES
    export NATIVE_ARCH\=arm64
    export NATIVE_ARCH_32_BIT\=arm
    export NATIVE_ARCH_64_BIT\=arm64
    export NATIVE_ARCH_ACTUAL\=arm64
    export NO_COMMON\=YES
    export OBJC_ABI_VERSION\=2
    export OBJECT_FILE_DIR\=/Users/alexandrejunior/Library/Developer/Xcode/DerivedData/MagicWorld-fhfjocfymhawlbfyrweyymotfwge/Build/Intermediates.noindex/Pods.build/Debug-iphonesimulator/React-RCTFBReactNativeSpec.build/Objects
    export OBJECT_FILE_DIR_normal\=/Users/alexandrejunior/Library/Developer/Xcode/DerivedData/MagicWorld-fhfjocfymhawlbfyrweyymotfwge/Build/Intermediates.noindex/Pods.build/Debug-iphonesimulator/React-RCTFBReactNativeSpec.build/Objects-normal
    export OBJROOT\=/Users/alexandrejunior/Library/Developer/Xcode/DerivedData/MagicWorld-fhfjocfymhawlbfyrweyymotfwge/Build/Intermediates.noindex
    export ONLY_ACTIVE_ARCH\=YES
    export OS\=MACOS
    export OSAC\=/usr/bin/osacompile
    export PASCAL_STRINGS\=YES
    export PATH\=/Applications/Xcode.app/Contents/SharedFrameworks/SwiftBuild.framework/Versions/A/PlugIns/SWBBuildService.bundle/Contents/PlugIns/SWBUniversalPlatformPlugin.bundle/Contents/Frameworks/SWBUniversalPlatform.framework/Resources:/Applications/Xcode.app/Contents/Developer/Toolchains/XcodeDefault.xctoolchain/usr/bin:/Applications/Xcode.app/Contents/Developer/Toolchains/XcodeDefault.xctoolchain/usr/local/bin:/Applications/Xcode.app/Contents/Developer/Toolchains/XcodeDefault.xctoolchain/usr/libexec:/Applications/Xcode.app/Contents/Developer/Platforms/iPhoneSimulator.platform/usr/bin:/Applications/Xcode.app/Contents/Developer/Platforms/iPhoneSimulator.platform/usr/local/bin:/Applications/Xcode.app/Contents/Developer/Platforms/iPhoneSimulator.platform/Developer/usr/bin:/Applications/Xcode.app/Contents/Developer/Platforms/iPhoneSimulator.platform/Developer/usr/local/bin:/Applications/Xcode.app/Contents/Developer/usr/bin:/Applications/Xcode.app/Contents/Developer/usr/local/bin:/Users/alexandrejunior/Documents/Magic-World/node_modules/.bin:/Users/alexandrejunior/Documents/node_modules/.bin:/Users/alexandrejunior/node_modules/.bin:/Users/node_modules/.bin:/node_modules/.bin:/Users/alexandrejunior/.bun/bin:/usr/local/bin:/System/Cryptexes/App/usr/bin:/usr/bin:/bin:/usr/sbin:/sbin:/var/run/com.apple.security.cryptexd/codex.system/bootstrap/usr/local/bin:/var/run/com.apple.security.cryptexd/codex.system/bootstrap/usr/bin:/var/run/com.apple.security.cryptexd/codex.system/bootstrap/usr/appleinternal/bin:/Library/Apple/usr/bin:/opt/homebrew/bin:/Users/alexandrejunior/.cargo/bin:/Users/alexandrejunior/Library/Android/sdk/platform-tools:/Users/alexandrejunior/Library/Android/sdk/emulator:/Users/alexandrejunior/Library/Android/sdk/tools:/Users/alexandrejunior/Library/Android/sdk/tools/bin
    export PATH_PREFIXES_EXCLUDED_FROM_HEADER_DEPENDENCIES\=/usr/include\ /usr/local/include\ /System/Library/Frameworks\ /System/Library/PrivateFrameworks\ /Applications/Xcode.app/Contents/Developer/Headers\ /Applications/Xcode.app/Contents/Developer/SDKs\ /Applications/Xcode.app/Contents/Developer/Platforms
    export PER_ARCH_MODULE_FILE_DIR\=/Users/alexandrejunior/Library/Developer/Xcode/DerivedData/MagicWorld-fhfjocfymhawlbfyrweyymotfwge/Build/Intermediates.noindex/Pods.build/Debug-iphonesimulator/React-RCTFBReactNativeSpec.build/Objects-normal/undefined_arch
    export PER_ARCH_OBJECT_FILE_DIR\=/Users/alexandrejunior/Library/Developer/Xcode/DerivedData/MagicWorld-fhfjocfymhawlbfyrweyymotfwge/Build/Intermediates.noindex/Pods.build/Debug-iphonesimulator/React-RCTFBReactNativeSpec.build/Objects-normal/undefined_arch
    export PER_VARIANT_OBJECT_FILE_DIR\=/Users/alexandrejunior/Library/Developer/Xcode/DerivedData/MagicWorld-fhfjocfymhawlbfyrweyymotfwge/Build/Intermediates.noindex/Pods.build/Debug-iphonesimulator/React-RCTFBReactNativeSpec.build/Objects-normal
    export PKGINFO_FILE_PATH\=/Users/alexandrejunior/Library/Developer/Xcode/DerivedData/MagicWorld-fhfjocfymhawlbfyrweyymotfwge/Build/Intermediates.noindex/Pods.build/Debug-iphonesimulator/React-RCTFBReactNativeSpec.build/PkgInfo
    export PLATFORM_DEVELOPER_APPLICATIONS_DIR\=/Applications/Xcode.app/Contents/Developer/Platforms/iPhoneSimulator.platform/Developer/Applications
    export PLATFORM_DEVELOPER_BIN_DIR\=/Applications/Xcode.app/Contents/Developer/Platforms/iPhoneSimulator.platform/Developer/usr/bin
    export PLATFORM_DEVELOPER_LIBRARY_DIR\=/Applications/Xcode.app/Contents/Developer/Platforms/iPhoneSimulator.platform/Developer/Library
    export PLATFORM_DEVELOPER_SDK_DIR\=/Applications/Xcode.app/Contents/Developer/Platforms/iPhoneSimulator.platform/Developer/SDKs
    export PLATFORM_DEVELOPER_TOOLS_DIR\=/Applications/Xcode.app/Contents/Developer/Platforms/iPhoneSimulator.platform/Developer/Tools
    export PLATFORM_DEVELOPER_USR_DIR\=/Applications/Xcode.app/Contents/Developer/Platforms/iPhoneSimulator.platform/Developer/usr
    export PLATFORM_DIR\=/Applications/Xcode.app/Contents/Developer/Platforms/iPhoneSimulator.platform
    export PLATFORM_DISPLAY_NAME\=iOS\ Simulator
    export PLATFORM_FAMILY_NAME\=iOS
    export PLATFORM_NAME\=iphonesimulator
    export PLATFORM_PREFERRED_ARCH\=x86_64
    export PLATFORM_PRODUCT_BUILD_VERSION\=23A339
    export PLATFORM_REQUIRES_SWIFT_AUTOLINK_EXTRACT\=NO
    export PLATFORM_REQUIRES_SWIFT_MODULEWRAP\=NO
    export PLIST_FILE_OUTPUT_FORMAT\=binary
    export PODS_BUILD_DIR\=/Users/alexandrejunior/Library/Developer/Xcode/DerivedData/MagicWorld-fhfjocfymhawlbfyrweyymotfwge/Build/Products
    export PODS_CONFIGURATION_BUILD_DIR\=/Users/alexandrejunior/Library/Developer/Xcode/DerivedData/MagicWorld-fhfjocfymhawlbfyrweyymotfwge/Build/Products/Debug-iphonesimulator
    export PODS_DEVELOPMENT_LANGUAGE\=en
    export PODS_ROOT\=/Users/alexandrejunior/Documents/Magic-World/ios/Pods
    export PODS_TARGET_SRCROOT\=/Users/alexandrejunior/Documents/Magic-World/ios/Pods/../../node_modules/react-native/React
    export PODS_XCFRAMEWORKS_BUILD_DIR\=/Users/alexandrejunior/Library/Developer/Xcode/DerivedData/MagicWorld-fhfjocfymhawlbfyrweyymotfwge/Build/Products/Debug-iphonesimulator/XCFrameworkIntermediates
    export PRECOMPS_INCLUDE_HEADERS_FROM_BUILT_PRODUCTS_DIR\=YES
    export PRECOMP_DESTINATION_DIR\=/Users/alexandrejunior/Library/Developer/Xcode/DerivedData/MagicWorld-fhfjocfymhawlbfyrweyymotfwge/Build/Intermediates.noindex/Pods.build/Debug-iphonesimulator/React-RCTFBReactNativeSpec.build/PrefixHeaders
    export PROCESSED_INFOPLIST_PATH\=/Users/alexandrejunior/Library/Developer/Xcode/DerivedData/MagicWorld-fhfjocfymhawlbfyrweyymotfwge/Build/Intermediates.noindex/Pods.build/Debug-iphonesimulator/React-RCTFBReactNativeSpec.build/Objects-normal/undefined_arch/Processed-Info.plist
    export PRODUCT_BUNDLE_IDENTIFIER\=org.cocoapods.React-RCTFBReactNativeSpec
    export PRODUCT_MODULE_NAME\=React_RCTFBReactNativeSpec
    export PRODUCT_NAME\=React-RCTFBReactNativeSpec
    export PRODUCT_SETTINGS_PATH\=
    export PROFILING_CODE\=NO
    export PROJECT\=Pods
    export PROJECT_DERIVED_FILE_DIR\=/Users/alexandrejunior/Library/Developer/Xcode/DerivedData/MagicWorld-fhfjocfymhawlbfyrweyymotfwge/Build/Intermediates.noindex/Pods.build/DerivedSources
    export PROJECT_DIR\=/Users/alexandrejunior/Documents/Magic-World/ios/Pods
    export PROJECT_FILE_PATH\=/Users/alexandrejunior/Documents/Magic-World/ios/Pods/Pods.xcodeproj
    export PROJECT_GUID\=8699adb1dd336b26511df848a716bd42
    export PROJECT_NAME\=Pods
    export PROJECT_TEMP_DIR\=/Users/alexandrejunior/Library/Developer/Xcode/DerivedData/MagicWorld-fhfjocfymhawlbfyrweyymotfwge/Build/Intermediates.noindex/Pods.build
    export PROJECT_TEMP_ROOT\=/Users/alexandrejunior/Library/Developer/Xcode/DerivedData/MagicWorld-fhfjocfymhawlbfyrweyymotfwge/Build/Intermediates.noindex
    export REACT_NATIVE_PATH\=/Users/alexandrejunior/Documents/Magic-World/ios/Pods/../../node_modules/react-native
    export RECOMMENDED_IPHONEOS_DEPLOYMENT_TARGET\=15.0
    export RECURSIVE_SEARCH_PATHS_FOLLOW_SYMLINKS\=YES
    export REMOVE_CVS_FROM_RESOURCES\=YES
    export REMOVE_GIT_FROM_RESOURCES\=YES
    export REMOVE_HEADERS_FROM_EMBEDDED_BUNDLES\=YES
    export REMOVE_HG_FROM_RESOURCES\=YES
    export REMOVE_STATIC_EXECUTABLES_FROM_EMBEDDED_BUNDLES\=YES
    export REMOVE_SVN_FROM_RESOURCES\=YES
    export RESCHEDULE_INDEPENDENT_HEADERS_PHASES\=YES
    export REZ_COLLECTOR_DIR\=/Users/alexandrejunior/Library/Developer/Xcode/DerivedData/MagicWorld-fhfjocfymhawlbfyrweyymotfwge/Build/Intermediates.noindex/Pods.build/Debug-iphonesimulator/React-RCTFBReactNativeSpec.build/ResourceManagerResources
    export REZ_OBJECTS_DIR\=/Users/alexandrejunior/Library/Developer/Xcode/DerivedData/MagicWorld-fhfjocfymhawlbfyrweyymotfwge/Build/Intermediates.noindex/Pods.build/Debug-iphonesimulator/React-RCTFBReactNativeSpec.build/ResourceManagerResources/Objects
    export RUNTIME_EXCEPTION_ALLOW_DYLD_ENVIRONMENT_VARIABLES\=NO
    export RUNTIME_EXCEPTION_ALLOW_JIT\=NO
    export RUNTIME_EXCEPTION_ALLOW_UNSIGNED_EXECUTABLE_MEMORY\=NO
    export RUNTIME_EXCEPTION_DEBUGGING_TOOL\=NO
    export RUNTIME_EXCEPTION_DISABLE_EXECUTABLE_PAGE_PROTECTION\=NO
    export RUNTIME_EXCEPTION_DISABLE_LIBRARY_VALIDATION\=NO
    export SCAN_ALL_SOURCE_FILES_FOR_INCLUDES\=NO
    export SCRIPT_INPUT_FILE_COUNT\=0
    export SCRIPT_INPUT_FILE_LIST_COUNT\=0
    export SCRIPT_OUTPUT_FILE_COUNT\=0
    export SCRIPT_OUTPUT_FILE_LIST_COUNT\=0
    export SDKROOT\=/Applications/Xcode.app/Contents/Developer/Platforms/iPhoneSimulator.platform/Developer/SDKs/iPhoneSimulator26.0.sdk
    export SDK_DIR\=/Applications/Xcode.app/Contents/Developer/Platforms/iPhoneSimulator.platform/Developer/SDKs/iPhoneSimulator26.0.sdk
    export SDK_DIR_iphonesimulator\=/Applications/Xcode.app/Contents/Developer/Platforms/iPhoneSimulator.platform/Developer/SDKs/iPhoneSimulator26.0.sdk
    export SDK_DIR_iphonesimulator26_0\=/Applications/Xcode.app/Contents/Developer/Platforms/iPhoneSimulator.platform/Developer/SDKs/iPhoneSimulator26.0.sdk
    export SDK_NAME\=iphonesimulator26.0
    export SDK_NAMES\=iphonesimulator26.0
    export SDK_PRODUCT_BUILD_VERSION\=23A339
    export SDK_STAT_CACHE_DIR\=/Users/alexandrejunior/Library/Developer/Xcode/DerivedData
    export SDK_STAT_CACHE_ENABLE\=YES
    export SDK_STAT_CACHE_PATH\=/Users/alexandrejunior/Library/Developer/Xcode/DerivedData/SDKStatCaches.noindex/iphonesimulator26.0-23A339-26257891a6c027eb51374368541b8346.sdkstatcache
    export SDK_VERSION\=26.0
    export SDK_VERSION_ACTUAL\=260000
    export SDK_VERSION_MAJOR\=260000
    export SDK_VERSION_MINOR\=260000
    export SED\=/usr/bin/sed
    export SEPARATE_STRIP\=NO
    export SEPARATE_SYMBOL_EDIT\=NO
    export SET_DIR_MODE_OWNER_GROUP\=YES
    export SET_FILE_MODE_OWNER_GROUP\=NO
    export SHALLOW_BUNDLE\=NO
    export SHARED_DERIVED_FILE_DIR\=/Users/alexandrejunior/Library/Developer/Xcode/DerivedData/MagicWorld-fhfjocfymhawlbfyrweyymotfwge/Build/Products/Debug-iphonesimulator/React-RCTFBReactNativeSpec/DerivedSources
    export SHARED_PRECOMPS_DIR\=/Users/alexandrejunior/Library/Developer/Xcode/DerivedData/MagicWorld-fhfjocfymhawlbfyrweyymotfwge/Build/Intermediates.noindex/PrecompiledHeaders
    export SKIP_INSTALL\=YES
    export SOURCE_ROOT\=/Users/alexandrejunior/Documents/Magic-World/ios/Pods
    export SRCROOT\=/Users/alexandrejunior/Documents/Magic-World/ios/Pods
    export STRINGSDATA_DIR\=/Users/alexandrejunior/Library/Developer/Xcode/DerivedData/MagicWorld-fhfjocfymhawlbfyrweyymotfwge/Build/Intermediates.noindex/Pods.build/Debug-iphonesimulator/React-RCTFBReactNativeSpec.build/Objects-normal/undefined_arch
    export STRINGSDATA_ROOT\=/Users/alexandrejunior/Library/Developer/Xcode/DerivedData/MagicWorld-fhfjocfymhawlbfyrweyymotfwge/Build/Intermediates.noindex/Pods.build/Debug-iphonesimulator/React-RCTFBReactNativeSpec.build
    export STRINGS_FILE_INFOPLIST_RENAME\=YES
    export STRINGS_FILE_OUTPUT_ENCODING\=binary
    export STRING_CATALOG_GENERATE_SYMBOLS\=NO
    export STRIP_BITCODE_FROM_COPIED_FILES\=NO
    export STRIP_INSTALLED_PRODUCT\=NO
    export STRIP_STYLE\=all
    export STRIP_SWIFT_SYMBOLS\=YES
    export SUPPORTED_DEVICE_FAMILIES\=1,2
    export SUPPORTED_PLATFORMS\=iphoneos\ iphonesimulator
    export SUPPORTS_TEXT_BASED_API\=NO
    export SUPPRESS_WARNINGS\=NO
    export SWIFT_ACTIVE_COMPILATION_CONDITIONS\=\ DEBUG
    export SWIFT_EMIT_CONST_VALUE_PROTOCOLS\=AppIntent\ EntityQuery\ AppEntity\ TransientEntity\ AppEnum\ AppShortcutProviding\ AppShortcutsProvider\ AnyResolverProviding\ AppIntentsPackage\ DynamicOptionsProvider\ _IntentValueRepresentable\ _AssistantIntentsProvider\ _GenerativeFunctionExtractable\ IntentValueQuery\ Resolver\ AppExtension\ ExtensionPointDefining
    export SWIFT_EMIT_LOC_STRINGS\=NO
    export SWIFT_ENABLE_EXPLICIT_MODULES\=NO
    export SWIFT_OPTIMIZATION_LEVEL\=-Onone
    export SWIFT_PLATFORM_TARGET_PREFIX\=ios
    export SWIFT_RESPONSE_FILE_PATH_normal_arm64\=/Users/alexandrejunior/Library/Developer/Xcode/DerivedData/MagicWorld-fhfjocfymhawlbfyrweyymotfwge/Build/Intermediates.noindex/Pods.build/Debug-iphonesimulator/React-RCTFBReactNativeSpec.build/Objects-normal/arm64/React-RCTFBReactNativeSpec.SwiftFileList
    export SWIFT_VERSION\=5.0
    export SYMROOT\=/Users/alexandrejunior/Library/Developer/Xcode/DerivedData/MagicWorld-fhfjocfymhawlbfyrweyymotfwge/Build/Products
    export SYSTEM_ADMIN_APPS_DIR\=/Applications/Utilities
    export SYSTEM_APPS_DIR\=/Applications
    export SYSTEM_CORE_SERVICES_DIR\=/System/Library/CoreServices
    export SYSTEM_DEMOS_DIR\=/Applications/Extras
    export SYSTEM_DEVELOPER_APPS_DIR\=/Applications/Xcode.app/Contents/Developer/Applications
    export SYSTEM_DEVELOPER_BIN_DIR\=/Applications/Xcode.app/Contents/Developer/usr/bin
    export SYSTEM_DEVELOPER_DEMOS_DIR\=/Applications/Xcode.app/Contents/Developer/Applications/Utilities/Built\ Examples
    export SYSTEM_DEVELOPER_DIR\=/Applications/Xcode.app/Contents/Developer
    export SYSTEM_DEVELOPER_DOC_DIR\=/Applications/Xcode.app/Contents/Developer/ADC\ Reference\ Library
    export SYSTEM_DEVELOPER_GRAPHICS_TOOLS_DIR\=/Applications/Xcode.app/Contents/Developer/Applications/Graphics\ Tools
    export SYSTEM_DEVELOPER_JAVA_TOOLS_DIR\=/Applications/Xcode.app/Contents/Developer/Applications/Java\ Tools
    export SYSTEM_DEVELOPER_PERFORMANCE_TOOLS_DIR\=/Applications/Xcode.app/Contents/Developer/Applications/Performance\ Tools
    export SYSTEM_DEVELOPER_RELEASENOTES_DIR\=/Applications/Xcode.app/Contents/Developer/ADC\ Reference\ Library/releasenotes
    export SYSTEM_DEVELOPER_TOOLS\=/Applications/Xcode.app/Contents/Developer/Tools
    export SYSTEM_DEVELOPER_TOOLS_DOC_DIR\=/Applications/Xcode.app/Contents/Developer/ADC\ Reference\ Library/documentation/DeveloperTools
    export SYSTEM_DEVELOPER_TOOLS_RELEASENOTES_DIR\=/Applications/Xcode.app/Contents/Developer/ADC\ Reference\ Library/releasenotes/DeveloperTools
    export SYSTEM_DEVELOPER_USR_DIR\=/Applications/Xcode.app/Contents/Developer/usr
    export SYSTEM_DEVELOPER_UTILITIES_DIR\=/Applications/Xcode.app/Contents/Developer/Applications/Utilities
    export SYSTEM_DEXT_INSTALL_PATH\=/System/Library/DriverExtensions
    export SYSTEM_DOCUMENTATION_DIR\=/Library/Documentation
    export SYSTEM_KEXT_INSTALL_PATH\=/System/Library/Extensions
    export SYSTEM_LIBRARY_DIR\=/System/Library
    export TAPI_DEMANGLE\=YES
    export TAPI_ENABLE_PROJECT_HEADERS\=NO
    export TAPI_LANGUAGE\=objective-c
    export TAPI_LANGUAGE_STANDARD\=compiler-default
    export TAPI_USE_SRCROOT\=YES
    export TAPI_VERIFY_MODE\=Pedantic
    export TARGETED_DEVICE_FAMILY\=1,2
    export TARGETNAME\=React-RCTFBReactNativeSpec
    export TARGET_BUILD_DIR\=/Users/alexandrejunior/Library/Developer/Xcode/DerivedData/MagicWorld-fhfjocfymhawlbfyrweyymotfwge/Build/Products/Debug-iphonesimulator/React-RCTFBReactNativeSpec
    export TARGET_DEVICE_IDENTIFIER\=7F14A47F-86BA-4836-B19A-C623DCA93D62
    export TARGET_DEVICE_MODEL\=iPhone18,1
    export TARGET_DEVICE_OS_VERSION\=26.0
    export TARGET_DEVICE_PLATFORM_NAME\=iphonesimulator
    export TARGET_NAME\=React-RCTFBReactNativeSpec
    export TARGET_TEMP_DIR\=/Users/alexandrejunior/Library/Developer/Xcode/DerivedData/MagicWorld-fhfjocfymhawlbfyrweyymotfwge/Build/Intermediates.noindex/Pods.build/Debug-iphonesimulator/React-RCTFBReactNativeSpec.build
    export TEMP_DIR\=/Users/alexandrejunior/Library/Developer/Xcode/DerivedData/MagicWorld-fhfjocfymhawlbfyrweyymotfwge/Build/Intermediates.noindex/Pods.build/Debug-iphonesimulator/React-RCTFBReactNativeSpec.build
    export TEMP_FILES_DIR\=/Users/alexandrejunior/Library/Developer/Xcode/DerivedData/MagicWorld-fhfjocfymhawlbfyrweyymotfwge/Build/Intermediates.noindex/Pods.build/Debug-iphonesimulator/React-RCTFBReactNativeSpec.build
    export TEMP_FILE_DIR\=/Users/alexandrejunior/Library/Developer/Xcode/DerivedData/MagicWorld-fhfjocfymhawlbfyrweyymotfwge/Build/Intermediates.noindex/Pods.build/Debug-iphonesimulator/React-RCTFBReactNativeSpec.build
    export TEMP_ROOT\=/Users/alexandrejunior/Library/Developer/Xcode/DerivedData/MagicWorld-fhfjocfymhawlbfyrweyymotfwge/Build/Intermediates.noindex
    export TEMP_SANDBOX_DIR\=/Users/alexandrejunior/Library/Developer/Xcode/DerivedData/MagicWorld-fhfjocfymhawlbfyrweyymotfwge/Build/Intermediates.noindex/TemporaryTaskSandboxes
    export TEST_FRAMEWORK_SEARCH_PATHS\=\ /Applications/Xcode.app/Contents/Developer/Platforms/iPhoneSimulator.platform/Developer/Library/Frameworks\ /Applications/Xcode.app/Contents/Developer/Platforms/iPhoneSimulator.platform/Developer/SDKs/iPhoneSimulator26.0.sdk/Developer/Library/Frameworks
    export TEST_LIBRARY_SEARCH_PATHS\=\ /Applications/Xcode.app/Contents/Developer/Platforms/iPhoneSimulator.platform/Developer/usr/lib
    export TOOLCHAINS\=com.apple.dt.toolchain.XcodeDefault
    export TOOLCHAIN_DIR\=/Applications/Xcode.app/Contents/Developer/Toolchains/XcodeDefault.xctoolchain
    export TREAT_MISSING_BASELINES_AS_TEST_FAILURES\=NO
    export TREAT_MISSING_SCRIPT_PHASE_OUTPUTS_AS_ERRORS\=NO
    export UID\=501
    export UNINSTALLED_PRODUCTS_DIR\=/Users/alexandrejunior/Library/Developer/Xcode/DerivedData/MagicWorld-fhfjocfymhawlbfyrweyymotfwge/Build/Intermediates.noindex/UninstalledProducts
    export UNSTRIPPED_PRODUCT\=NO
    export USER\=alexandrejunior
    export USER_APPS_DIR\=/Users/alexandrejunior/Applications
    export USER_LIBRARY_DIR\=/Users/alexandrejunior/Library
    export USE_DYNAMIC_NO_PIC\=YES
    export USE_HEADERMAP\=NO
    export USE_HEADER_SYMLINKS\=NO
    export USE_HERMES\=true
    export USE_RECURSIVE_SCRIPT_INPUTS_IN_SCRIPT_PHASES\=YES
    export VALIDATE_DEVELOPMENT_ASSET_PATHS\=YES_ERROR
    export VALIDATE_PRODUCT\=NO
    export VALID_ARCHS\=arm64\ x86_64
    export VERBOSE_PBXCP\=NO
    export VERSION_INFO_BUILDER\=alexandrejunior
    export VERSION_INFO_FILE\=React-RCTFBReactNativeSpec_vers.c
    export VERSION_INFO_STRING\=\"@\(\#\)PROGRAM:React-RCTFBReactNativeSpec\ \ PROJECT:Pods-\"
    export WORKSPACE_DIR\=/Users/alexandrejunior/Documents/Magic-World/ios
    export WRAP_ASSET_PACKS_IN_SEPARATE_DIRECTORIES\=NO
    export XCODE_APP_SUPPORT_DIR\=/Applications/Xcode.app/Contents/Developer/Library/Xcode
    export XCODE_PRODUCT_BUILD_VERSION\=17A324
    export XCODE_VERSION_ACTUAL\=2600
    export XCODE_VERSION_MAJOR\=2600
    export XCODE_VERSION_MINOR\=2600
    export XPCSERVICES_FOLDER_PATH\=/XPCServices
    export YACC\=yacc
    export _DISCOVER_COMMAND_LINE_LINKER_INPUTS\=YES
    export _DISCOVER_COMMAND_LINE_LINKER_INPUTS_INCLUDE_WL\=YES
    export _LD_MULTIARCH\=YES
    export __DIAGNOSE_DEPRECATED_ARCHS\=YES
    export arch\=undefined_arch
    export variant\=normal
    /bin/sh -c /Users/alexandrejunior/Library/Developer/Xcode/DerivedData/MagicWorld-fhfjocfymhawlbfyrweyymotfwge/Build/Intermediates.noindex/Pods.build/Debug-iphonesimulator/React-RCTFBReactNativeSpec.build/Script-46EB2E00030AE0.sh
Checking whether Codegen has run...

ClangStatCache /Applications/Xcode.app/Contents/Developer/Toolchains/XcodeDefault.xctoolchain/usr/bin/clang-stat-cache /Applications/Xcode.app/Contents/Developer/Platforms/iPhoneSimulator.platform/Developer/SDKs/iPhoneSimulator26.0.sdk /Users/alexandrejunior/Library/Developer/Xcode/DerivedData/SDKStatCaches.noindex/iphonesimulator26.0-23A339-26257891a6c027eb51374368541b8346.sdkstatcache
    cd /Users/alexandrejunior/Documents/Magic-World/ios
    /Applications/Xcode.app/Contents/Developer/Toolchains/XcodeDefault.xctoolchain/usr/bin/clang-stat-cache /Applications/Xcode.app/Contents/Developer/Platforms/iPhoneSimulator.platform/Developer/SDKs/iPhoneSimulator26.0.sdk -o /Users/alexandrejunior/Library/Developer/Xcode/DerivedData/SDKStatCaches.noindex/iphonesimulator26.0-23A339-26257891a6c027eb51374368541b8346.sdkstatcache

Copy /Users/alexandrejunior/Library/Developer/Xcode/DerivedData/MagicWorld-fhfjocfymhawlbfyrweyymotfwge/Build/Products/Debug-iphonesimulator/ReactCodegen/ReactCodegen.framework/Headers/react/renderer/components/rngesturehandler_codegen/ComponentDescriptors.h /Users/alexandrejunior/Documents/Magic-World/ios/build/generated/ios/react/renderer/components/rngesturehandler_codegen/ComponentDescriptors.h (in target 'ReactCodegen' from project 'Pods')
    cd /Users/alexandrejunior/Documents/Magic-World/ios/Pods
    builtin-copy -exclude .DS_Store -exclude CVS -exclude .svn -exclude .git -exclude .hg -resolve-src-symlinks -remove-static-executable /Users/alexandrejunior/Documents/Magic-World/ios/build/generated/ios/react/renderer/components/rngesturehandler_codegen/ComponentDescriptors.h /Users/alexandrejunior/Library/Developer/Xcode/DerivedData/MagicWorld-fhfjocfymhawlbfyrweyymotfwge/Build/Products/Debug-iphonesimulator/ReactCodegen/ReactCodegen.framework/Headers/react/renderer/components/rngesturehandler_codegen

Copy /Users/alexandrejunior/Library/Developer/Xcode/DerivedData/MagicWorld-fhfjocfymhawlbfyrweyymotfwge/Build/Products/Debug-iphonesimulator/ReactCodegen/ReactCodegen.framework/Headers/react/renderer/components/rngesturehandler_codegen/EventEmitters.h /Users/alexandrejunior/Documents/Magic-World/ios/build/generated/ios/react/renderer/components/rngesturehandler_codegen/EventEmitters.h (in target 'ReactCodegen' from project 'Pods')
    cd /Users/alexandrejunior/Documents/Magic-World/ios/Pods
    builtin-copy -exclude .DS_Store -exclude CVS -exclude .svn -exclude .git -exclude .hg -resolve-src-symlinks -remove-static-executable /Users/alexandrejunior/Documents/Magic-World/ios/build/generated/ios/react/renderer/components/rngesturehandler_codegen/EventEmitters.h /Users/alexandrejunior/Library/Developer/Xcode/DerivedData/MagicWorld-fhfjocfymhawlbfyrweyymotfwge/Build/Products/Debug-iphonesimulator/ReactCodegen/ReactCodegen.framework/Headers/react/renderer/components/rngesturehandler_codegen

Copy /Users/alexandrejunior/Library/Developer/Xcode/DerivedData/MagicWorld-fhfjocfymhawlbfyrweyymotfwge/Build/Products/Debug-iphonesimulator/ReactCodegen/ReactCodegen.framework/Headers/react/renderer/components/rngesturehandler_codegen/Props.h /Users/alexandrejunior/Documents/Magic-World/ios/build/generated/ios/react/renderer/components/rngesturehandler_codegen/Props.h (in target 'ReactCodegen' from project 'Pods')
    cd /Users/alexandrejunior/Documents/Magic-World/ios/Pods
    builtin-copy -exclude .DS_Store -exclude CVS -exclude .svn -exclude .git -exclude .hg -resolve-src-symlinks -remove-static-executable /Users/alexandrejunior/Documents/Magic-World/ios/build/generated/ios/react/renderer/components/rngesturehandler_codegen/Props.h /Users/alexandrejunior/Library/Developer/Xcode/DerivedData/MagicWorld-fhfjocfymhawlbfyrweyymotfwge/Build/Products/Debug-iphonesimulator/ReactCodegen/ReactCodegen.framework/Headers/react/renderer/components/rngesturehandler_codegen

Copy /Users/alexandrejunior/Library/Developer/Xcode/DerivedData/MagicWorld-fhfjocfymhawlbfyrweyymotfwge/Build/Products/Debug-iphonesimulator/ReactCodegen/ReactCodegen.framework/Headers/react/renderer/components/rngesturehandler_codegen/RCTComponentViewHelpers.h /Users/alexandrejunior/Documents/Magic-World/ios/build/generated/ios/react/renderer/components/rngesturehandler_codegen/RCTComponentViewHelpers.h (in target 'ReactCodegen' from project 'Pods')
    cd /Users/alexandrejunior/Documents/Magic-World/ios/Pods
    builtin-copy -exclude .DS_Store -exclude CVS -exclude .svn -exclude .git -exclude .hg -resolve-src-symlinks -remove-static-executable /Users/alexandrejunior/Documents/Magic-World/ios/build/generated/ios/react/renderer/components/rngesturehandler_codegen/RCTComponentViewHelpers.h /Users/alexandrejunior/Library/Developer/Xcode/DerivedData/MagicWorld-fhfjocfymhawlbfyrweyymotfwge/Build/Products/Debug-iphonesimulator/ReactCodegen/ReactCodegen.framework/Headers/react/renderer/components/rngesturehandler_codegen

Copy /Users/alexandrejunior/Library/Developer/Xcode/DerivedData/MagicWorld-fhfjocfymhawlbfyrweyymotfwge/Build/Products/Debug-iphonesimulator/ReactCodegen/ReactCodegen.framework/Headers/react/renderer/components/rngesturehandler_codegen/ShadowNodes.h /Users/alexandrejunior/Documents/Magic-World/ios/build/generated/ios/react/renderer/components/rngesturehandler_codegen/ShadowNodes.h (in target 'ReactCodegen' from project 'Pods')
    cd /Users/alexandrejunior/Documents/Magic-World/ios/Pods
    builtin-copy -exclude .DS_Store -exclude CVS -exclude .svn -exclude .git -exclude .hg -resolve-src-symlinks -remove-static-executable /Users/alexandrejunior/Documents/Magic-World/ios/build/generated/ios/react/renderer/components/rngesturehandler_codegen/ShadowNodes.h /Users/alexandrejunior/Library/Developer/Xcode/DerivedData/MagicWorld-fhfjocfymhawlbfyrweyymotfwge/Build/Products/Debug-iphonesimulator/ReactCodegen/ReactCodegen.framework/Headers/react/renderer/components/rngesturehandler_codegen

Copy /Users/alexandrejunior/Library/Developer/Xcode/DerivedData/MagicWorld-fhfjocfymhawlbfyrweyymotfwge/Build/Products/Debug-iphonesimulator/ReactCodegen/ReactCodegen.framework/Headers/react/renderer/components/rngesturehandler_codegen/States.h /Users/alexandrejunior/Documents/Magic-World/ios/build/generated/ios/react/renderer/components/rngesturehandler_codegen/States.h (in target 'ReactCodegen' from project 'Pods')
    cd /Users/alexandrejunior/Documents/Magic-World/ios/Pods
    builtin-copy -exclude .DS_Store -exclude CVS -exclude .svn -exclude .git -exclude .hg -resolve-src-symlinks -remove-static-executable /Users/alexandrejunior/Documents/Magic-World/ios/build/generated/ios/react/renderer/components/rngesturehandler_codegen/States.h /Users/alexandrejunior/Library/Developer/Xcode/DerivedData/MagicWorld-fhfjocfymhawlbfyrweyymotfwge/Build/Products/Debug-iphonesimulator/ReactCodegen/ReactCodegen.framework/Headers/react/renderer/components/rngesturehandler_codegen

Copy /Users/alexandrejunior/Library/Developer/Xcode/DerivedData/MagicWorld-fhfjocfymhawlbfyrweyymotfwge/Build/Products/Debug-iphonesimulator/ReactCodegen/ReactCodegen.framework/Headers/react/renderer/components/rnscreens/ComponentDescriptors.h /Users/alexandrejunior/Documents/Magic-World/ios/build/generated/ios/react/renderer/components/rnscreens/ComponentDescriptors.h (in target 'ReactCodegen' from project 'Pods')
    cd /Users/alexandrejunior/Documents/Magic-World/ios/Pods
    builtin-copy -exclude .DS_Store -exclude CVS -exclude .svn -exclude .git -exclude .hg -resolve-src-symlinks -remove-static-executable /Users/alexandrejunior/Documents/Magic-World/ios/build/generated/ios/react/renderer/components/rnscreens/ComponentDescriptors.h /Users/alexandrejunior/Library/Developer/Xcode/DerivedData/MagicWorld-fhfjocfymhawlbfyrweyymotfwge/Build/Products/Debug-iphonesimulator/ReactCodegen/ReactCodegen.framework/Headers/react/renderer/components/rnscreens

Copy /Users/alexandrejunior/Library/Developer/Xcode/DerivedData/MagicWorld-fhfjocfymhawlbfyrweyymotfwge/Build/Products/Debug-iphonesimulator/ReactCodegen/ReactCodegen.framework/Headers/react/renderer/components/rnscreens/EventEmitters.h /Users/alexandrejunior/Documents/Magic-World/ios/build/generated/ios/react/renderer/components/rnscreens/EventEmitters.h (in target 'ReactCodegen' from project 'Pods')
    cd /Users/alexandrejunior/Documents/Magic-World/ios/Pods
    builtin-copy -exclude .DS_Store -exclude CVS -exclude .svn -exclude .git -exclude .hg -resolve-src-symlinks -remove-static-executable /Users/alexandrejunior/Documents/Magic-World/ios/build/generated/ios/react/renderer/components/rnscreens/EventEmitters.h /Users/alexandrejunior/Library/Developer/Xcode/DerivedData/MagicWorld-fhfjocfymhawlbfyrweyymotfwge/Build/Products/Debug-iphonesimulator/ReactCodegen/ReactCodegen.framework/Headers/react/renderer/components/rnscreens

Copy /Users/alexandrejunior/Library/Developer/Xcode/DerivedData/MagicWorld-fhfjocfymhawlbfyrweyymotfwge/Build/Products/Debug-iphonesimulator/ReactCodegen/ReactCodegen.framework/Headers/react/renderer/components/rnscreens/Props.h /Users/alexandrejunior/Documents/Magic-World/ios/build/generated/ios/react/renderer/components/rnscreens/Props.h (in target 'ReactCodegen' from project 'Pods')
    cd /Users/alexandrejunior/Documents/Magic-World/ios/Pods
    builtin-copy -exclude .DS_Store -exclude CVS -exclude .svn -exclude .git -exclude .hg -resolve-src-symlinks -remove-static-executable /Users/alexandrejunior/Documents/Magic-World/ios/build/generated/ios/react/renderer/components/rnscreens/Props.h /Users/alexandrejunior/Library/Developer/Xcode/DerivedData/MagicWorld-fhfjocfymhawlbfyrweyymotfwge/Build/Products/Debug-iphonesimulator/ReactCodegen/ReactCodegen.framework/Headers/react/renderer/components/rnscreens

Copy /Users/alexandrejunior/Library/Developer/Xcode/DerivedData/MagicWorld-fhfjocfymhawlbfyrweyymotfwge/Build/Products/Debug-iphonesimulator/ReactCodegen/ReactCodegen.framework/Headers/react/renderer/components/rnscreens/RCTComponentViewHelpers.h /Users/alexandrejunior/Documents/Magic-World/ios/build/generated/ios/react/renderer/components/rnscreens/RCTComponentViewHelpers.h (in target 'ReactCodegen' from project 'Pods')
    cd /Users/alexandrejunior/Documents/Magic-World/ios/Pods
    builtin-copy -exclude .DS_Store -exclude CVS -exclude .svn -exclude .git -exclude .hg -resolve-src-symlinks -remove-static-executable /Users/alexandrejunior/Documents/Magic-World/ios/build/generated/ios/react/renderer/components/rnscreens/RCTComponentViewHelpers.h /Users/alexandrejunior/Library/Developer/Xcode/DerivedData/MagicWorld-fhfjocfymhawlbfyrweyymotfwge/Build/Products/Debug-iphonesimulator/ReactCodegen/ReactCodegen.framework/Headers/react/renderer/components/rnscreens

Copy /Users/alexandrejunior/Library/Developer/Xcode/DerivedData/MagicWorld-fhfjocfymhawlbfyrweyymotfwge/Build/Products/Debug-iphonesimulator/ReactCodegen/ReactCodegen.framework/Headers/react/renderer/components/rnscreens/ShadowNodes.h /Users/alexandrejunior/Documents/Magic-World/ios/build/generated/ios/react/renderer/components/rnscreens/ShadowNodes.h (in target 'ReactCodegen' from project 'Pods')
    cd /Users/alexandrejunior/Documents/Magic-World/ios/Pods
    builtin-copy -exclude .DS_Store -exclude CVS -exclude .svn -exclude .git -exclude .hg -resolve-src-symlinks -remove-static-executable /Users/alexandrejunior/Documents/Magic-World/ios/build/generated/ios/react/renderer/components/rnscreens/ShadowNodes.h /Users/alexandrejunior/Library/Developer/Xcode/DerivedData/MagicWorld-fhfjocfymhawlbfyrweyymotfwge/Build/Products/Debug-iphonesimulator/ReactCodegen/ReactCodegen.framework/Headers/react/renderer/components/rnscreens

Copy /Users/alexandrejunior/Library/Developer/Xcode/DerivedData/MagicWorld-fhfjocfymhawlbfyrweyymotfwge/Build/Products/Debug-iphonesimulator/ReactCodegen/ReactCodegen.framework/Headers/react/renderer/components/rnscreens/States.h /Users/alexandrejunior/Documents/Magic-World/ios/build/generated/ios/react/renderer/components/rnscreens/States.h (in target 'ReactCodegen' from project 'Pods')
    cd /Users/alexandrejunior/Documents/Magic-World/ios/Pods
    builtin-copy -exclude .DS_Store -exclude CVS -exclude .svn -exclude .git -exclude .hg -resolve-src-symlinks -remove-static-executable /Users/alexandrejunior/Documents/Magic-World/ios/build/generated/ios/react/renderer/components/rnscreens/States.h /Users/alexandrejunior/Library/Developer/Xcode/DerivedData/MagicWorld-fhfjocfymhawlbfyrweyymotfwge/Build/Products/Debug-iphonesimulator/ReactCodegen/ReactCodegen.framework/Headers/react/renderer/components/rnscreens

Copy /Users/alexandrejunior/Library/Developer/Xcode/DerivedData/MagicWorld-fhfjocfymhawlbfyrweyymotfwge/Build/Products/Debug-iphonesimulator/ReactCodegen/ReactCodegen.framework/Headers/rnasyncstorage/rnasyncstorage.h /Users/alexandrejunior/Documents/Magic-World/ios/build/generated/ios/rnasyncstorage/rnasyncstorage.h (in target 'ReactCodegen' from project 'Pods')
    cd /Users/alexandrejunior/Documents/Magic-World/ios/Pods
    builtin-copy -exclude .DS_Store -exclude CVS -exclude .svn -exclude .git -exclude .hg -resolve-src-symlinks -remove-static-executable /Users/alexandrejunior/Documents/Magic-World/ios/build/generated/ios/rnasyncstorage/rnasyncstorage.h /Users/alexandrejunior/Library/Developer/Xcode/DerivedData/MagicWorld-fhfjocfymhawlbfyrweyymotfwge/Build/Products/Debug-iphonesimulator/ReactCodegen/ReactCodegen.framework/Headers/rnasyncstorage

Copy /Users/alexandrejunior/Library/Developer/Xcode/DerivedData/MagicWorld-fhfjocfymhawlbfyrweyymotfwge/Build/Products/Debug-iphonesimulator/ReactCodegen/ReactCodegen.framework/Headers/react/renderer/components/safeareacontext/ComponentDescriptors.h /Users/alexandrejunior/Documents/Magic-World/ios/build/generated/ios/react/renderer/components/safeareacontext/ComponentDescriptors.h (in target 'ReactCodegen' from project 'Pods')
    cd /Users/alexandrejunior/Documents/Magic-World/ios/Pods
    builtin-copy -exclude .DS_Store -exclude CVS -exclude .svn -exclude .git -exclude .hg -resolve-src-symlinks -remove-static-executable /Users/alexandrejunior/Documents/Magic-World/ios/build/generated/ios/react/renderer/components/safeareacontext/ComponentDescriptors.h /Users/alexandrejunior/Library/Developer/Xcode/DerivedData/MagicWorld-fhfjocfymhawlbfyrweyymotfwge/Build/Products/Debug-iphonesimulator/ReactCodegen/ReactCodegen.framework/Headers/react/renderer/components/safeareacontext

Copy /Users/alexandrejunior/Library/Developer/Xcode/DerivedData/MagicWorld-fhfjocfymhawlbfyrweyymotfwge/Build/Products/Debug-iphonesimulator/ReactCodegen/ReactCodegen.framework/Headers/react/renderer/components/safeareacontext/EventEmitters.h /Users/alexandrejunior/Documents/Magic-World/ios/build/generated/ios/react/renderer/components/safeareacontext/EventEmitters.h (in target 'ReactCodegen' from project 'Pods')
    cd /Users/alexandrejunior/Documents/Magic-World/ios/Pods
    builtin-copy -exclude .DS_Store -exclude CVS -exclude .svn -exclude .git -exclude .hg -resolve-src-symlinks -remove-static-executable /Users/alexandrejunior/Documents/Magic-World/ios/build/generated/ios/react/renderer/components/safeareacontext/EventEmitters.h /Users/alexandrejunior/Library/Developer/Xcode/DerivedData/MagicWorld-fhfjocfymhawlbfyrweyymotfwge/Build/Products/Debug-iphonesimulator/ReactCodegen/ReactCodegen.framework/Headers/react/renderer/components/safeareacontext

Copy /Users/alexandrejunior/Library/Developer/Xcode/DerivedData/MagicWorld-fhfjocfymhawlbfyrweyymotfwge/Build/Products/Debug-iphonesimulator/ReactCodegen/ReactCodegen.framework/Headers/react/renderer/components/safeareacontext/Props.h /Users/alexandrejunior/Documents/Magic-World/ios/build/generated/ios/react/renderer/components/safeareacontext/Props.h (in target 'ReactCodegen' from project 'Pods')
    cd /Users/alexandrejunior/Documents/Magic-World/ios/Pods
    builtin-copy -exclude .DS_Store -exclude CVS -exclude .svn -exclude .git -exclude .hg -resolve-src-symlinks -remove-static-executable /Users/alexandrejunior/Documents/Magic-World/ios/build/generated/ios/react/renderer/components/safeareacontext/Props.h /Users/alexandrejunior/Library/Developer/Xcode/DerivedData/MagicWorld-fhfjocfymhawlbfyrweyymotfwge/Build/Products/Debug-iphonesimulator/ReactCodegen/ReactCodegen.framework/Headers/react/renderer/components/safeareacontext

Copy /Users/alexandrejunior/Library/Developer/Xcode/DerivedData/MagicWorld-fhfjocfymhawlbfyrweyymotfwge/Build/Products/Debug-iphonesimulator/ReactCodegen/ReactCodegen.framework/Headers/react/renderer/components/safeareacontext/RCTComponentViewHelpers.h /Users/alexandrejunior/Documents/Magic-World/ios/build/generated/ios/react/renderer/components/safeareacontext/RCTComponentViewHelpers.h (in target 'ReactCodegen' from project 'Pods')
    cd /Users/alexandrejunior/Documents/Magic-World/ios/Pods
    builtin-copy -exclude .DS_Store -exclude CVS -exclude .svn -exclude .git -exclude .hg -resolve-src-symlinks -remove-static-executable /Users/alexandrejunior/Documents/Magic-World/ios/build/generated/ios/react/renderer/components/safeareacontext/RCTComponentViewHelpers.h /Users/alexandrejunior/Library/Developer/Xcode/DerivedData/MagicWorld-fhfjocfymhawlbfyrweyymotfwge/Build/Products/Debug-iphonesimulator/ReactCodegen/ReactCodegen.framework/Headers/react/renderer/components/safeareacontext

Copy /Users/alexandrejunior/Library/Developer/Xcode/DerivedData/MagicWorld-fhfjocfymhawlbfyrweyymotfwge/Build/Products/Debug-iphonesimulator/ReactCodegen/ReactCodegen.framework/Headers/react/renderer/components/safeareacontext/ShadowNodes.h /Users/alexandrejunior/Documents/Magic-World/ios/build/generated/ios/react/renderer/components/safeareacontext/ShadowNodes.h (in target 'ReactCodegen' from project 'Pods')
    cd /Users/alexandrejunior/Documents/Magic-World/ios/Pods
    builtin-copy -exclude .DS_Store -exclude CVS -exclude .svn -exclude .git -exclude .hg -resolve-src-symlinks -remove-static-executable /Users/alexandrejunior/Documents/Magic-World/ios/build/generated/ios/react/renderer/components/safeareacontext/ShadowNodes.h /Users/alexandrejunior/Library/Developer/Xcode/DerivedData/MagicWorld-fhfjocfymhawlbfyrweyymotfwge/Build/Products/Debug-iphonesimulator/ReactCodegen/ReactCodegen.framework/Headers/react/renderer/components/safeareacontext

Copy /Users/alexandrejunior/Library/Developer/Xcode/DerivedData/MagicWorld-fhfjocfymhawlbfyrweyymotfwge/Build/Products/Debug-iphonesimulator/ReactCodegen/ReactCodegen.framework/Headers/react/renderer/components/safeareacontext/States.h /Users/alexandrejunior/Documents/Magic-World/ios/build/generated/ios/react/renderer/components/safeareacontext/States.h (in target 'ReactCodegen' from project 'Pods')
    cd /Users/alexandrejunior/Documents/Magic-World/ios/Pods
    builtin-copy -exclude .DS_Store -exclude CVS -exclude .svn -exclude .git -exclude .hg -resolve-src-symlinks -remove-static-executable /Users/alexandrejunior/Documents/Magic-World/ios/build/generated/ios/react/renderer/components/safeareacontext/States.h /Users/alexandrejunior/Library/Developer/Xcode/DerivedData/MagicWorld-fhfjocfymhawlbfyrweyymotfwge/Build/Products/Debug-iphonesimulator/ReactCodegen/ReactCodegen.framework/Headers/react/renderer/components/safeareacontext

Copy /Users/alexandrejunior/Library/Developer/Xcode/DerivedData/MagicWorld-fhfjocfymhawlbfyrweyymotfwge/Build/Products/Debug-iphonesimulator/ReactCodegen/ReactCodegen.framework/Headers/rngesturehandler_codegen/rngesturehandler_codegen.h /Users/alexandrejunior/Documents/Magic-World/ios/build/generated/ios/rngesturehandler_codegen/rngesturehandler_codegen.h (in target 'ReactCodegen' from project 'Pods')
    cd /Users/alexandrejunior/Documents/Magic-World/ios/Pods
    builtin-copy -exclude .DS_Store -exclude CVS -exclude .svn -exclude .git -exclude .hg -resolve-src-symlinks -remove-static-executable /Users/alexandrejunior/Documents/Magic-World/ios/build/generated/ios/rngesturehandler_codegen/rngesturehandler_codegen.h /Users/alexandrejunior/Library/Developer/Xcode/DerivedData/MagicWorld-fhfjocfymhawlbfyrweyymotfwge/Build/Products/Debug-iphonesimulator/ReactCodegen/ReactCodegen.framework/Headers/rngesturehandler_codegen

Copy /Users/alexandrejunior/Library/Developer/Xcode/DerivedData/MagicWorld-fhfjocfymhawlbfyrweyymotfwge/Build/Products/Debug-iphonesimulator/ReactCodegen/ReactCodegen.framework/Headers/RNGetRandomValuesSpec/RNGetRandomValuesSpec.h /Users/alexandrejunior/Documents/Magic-World/ios/build/generated/ios/RNGetRandomValuesSpec/RNGetRandomValuesSpec.h (in target 'ReactCodegen' from project 'Pods')
    cd /Users/alexandrejunior/Documents/Magic-World/ios/Pods
    builtin-copy -exclude .DS_Store -exclude CVS -exclude .svn -exclude .git -exclude .hg -resolve-src-symlinks -remove-static-executable /Users/alexandrejunior/Documents/Magic-World/ios/build/generated/ios/RNGetRandomValuesSpec/RNGetRandomValuesSpec.h /Users/alexandrejunior/Library/Developer/Xcode/DerivedData/MagicWorld-fhfjocfymhawlbfyrweyymotfwge/Build/Products/Debug-iphonesimulator/ReactCodegen/ReactCodegen.framework/Headers/RNGetRandomValuesSpec

Copy /Users/alexandrejunior/Library/Developer/Xcode/DerivedData/MagicWorld-fhfjocfymhawlbfyrweyymotfwge/Build/Products/Debug-iphonesimulator/ReactCodegen/ReactCodegen.framework/Headers/rnreanimated/rnreanimated.h /Users/alexandrejunior/Documents/Magic-World/ios/build/generated/ios/rnreanimated/rnreanimated.h (in target 'ReactCodegen' from project 'Pods')
    cd /Users/alexandrejunior/Documents/Magic-World/ios/Pods
    builtin-copy -exclude .DS_Store -exclude CVS -exclude .svn -exclude .git -exclude .hg -resolve-src-symlinks -remove-static-executable /Users/alexandrejunior/Documents/Magic-World/ios/build/generated/ios/rnreanimated/rnreanimated.h /Users/alexandrejunior/Library/Developer/Xcode/DerivedData/MagicWorld-fhfjocfymhawlbfyrweyymotfwge/Build/Products/Debug-iphonesimulator/ReactCodegen/ReactCodegen.framework/Headers/rnreanimated

Copy /Users/alexandrejunior/Library/Developer/Xcode/DerivedData/MagicWorld-fhfjocfymhawlbfyrweyymotfwge/Build/Products/Debug-iphonesimulator/ReactCodegen/ReactCodegen.framework/Headers/rnscreens/rnscreens.h /Users/alexandrejunior/Documents/Magic-World/ios/build/generated/ios/rnscreens/rnscreens.h (in target 'ReactCodegen' from project 'Pods')
    cd /Users/alexandrejunior/Documents/Magic-World/ios/Pods
    builtin-copy -exclude .DS_Store -exclude CVS -exclude .svn -exclude .git -exclude .hg -resolve-src-symlinks -remove-static-executable /Users/alexandrejunior/Documents/Magic-World/ios/build/generated/ios/rnscreens/rnscreens.h /Users/alexandrejunior/Library/Developer/Xcode/DerivedData/MagicWorld-fhfjocfymhawlbfyrweyymotfwge/Build/Products/Debug-iphonesimulator/ReactCodegen/ReactCodegen.framework/Headers/rnscreens

Copy /Users/alexandrejunior/Library/Developer/Xcode/DerivedData/MagicWorld-fhfjocfymhawlbfyrweyymotfwge/Build/Products/Debug-iphonesimulator/ReactCodegen/ReactCodegen.framework/Headers/rnworklets/rnworklets.h /Users/alexandrejunior/Documents/Magic-World/ios/build/generated/ios/rnworklets/rnworklets.h (in target 'ReactCodegen' from project 'Pods')
    cd /Users/alexandrejunior/Documents/Magic-World/ios/Pods
    builtin-copy -exclude .DS_Store -exclude CVS -exclude .svn -exclude .git -exclude .hg -resolve-src-symlinks -remove-static-executable /Users/alexandrejunior/Documents/Magic-World/ios/build/generated/ios/rnworklets/rnworklets.h /Users/alexandrejunior/Library/Developer/Xcode/DerivedData/MagicWorld-fhfjocfymhawlbfyrweyymotfwge/Build/Products/Debug-iphonesimulator/ReactCodegen/ReactCodegen.framework/Headers/rnworklets

Copy /Users/alexandrejunior/Library/Developer/Xcode/DerivedData/MagicWorld-fhfjocfymhawlbfyrweyymotfwge/Build/Products/Debug-iphonesimulator/ReactCodegen/ReactCodegen.framework/Headers/safeareacontext/safeareacontext.h /Users/alexandrejunior/Documents/Magic-World/ios/build/generated/ios/safeareacontext/safeareacontext.h (in target 'ReactCodegen' from project 'Pods')
    cd /Users/alexandrejunior/Documents/Magic-World/ios/Pods
    builtin-copy -exclude .DS_Store -exclude CVS -exclude .svn -exclude .git -exclude .hg -resolve-src-symlinks -remove-static-executable /Users/alexandrejunior/Documents/Magic-World/ios/build/generated/ios/safeareacontext/safeareacontext.h /Users/alexandrejunior/Library/Developer/Xcode/DerivedData/MagicWorld-fhfjocfymhawlbfyrweyymotfwge/Build/Products/Debug-iphonesimulator/ReactCodegen/ReactCodegen.framework/Headers/safeareacontext

Copy /Users/alexandrejunior/Library/Developer/Xcode/DerivedData/MagicWorld-fhfjocfymhawlbfyrweyymotfwge/Build/Products/Debug-iphonesimulator/ReactCodegen/ReactCodegen.framework/Headers/RCTModuleProviders.h /Users/alexandrejunior/Documents/Magic-World/ios/build/generated/ios/RCTModuleProviders.h (in target 'ReactCodegen' from project 'Pods')
    cd /Users/alexandrejunior/Documents/Magic-World/ios/Pods
    builtin-copy -exclude .DS_Store -exclude CVS -exclude .svn -exclude .git -exclude .hg -resolve-src-symlinks -remove-static-executable /Users/alexandrejunior/Documents/Magic-World/ios/build/generated/ios/RCTModuleProviders.h /Users/alexandrejunior/Library/Developer/Xcode/DerivedData/MagicWorld-fhfjocfymhawlbfyrweyymotfwge/Build/Products/Debug-iphonesimulator/ReactCodegen/ReactCodegen.framework/Headers

Copy /Users/alexandrejunior/Library/Developer/Xcode/DerivedData/MagicWorld-fhfjocfymhawlbfyrweyymotfwge/Build/Products/Debug-iphonesimulator/ReactCodegen/ReactCodegen.framework/Headers/RCTModulesConformingToProtocolsProvider.h /Users/alexandrejunior/Documents/Magic-World/ios/build/generated/ios/RCTModulesConformingToProtocolsProvider.h (in target 'ReactCodegen' from project 'Pods')
    cd /Users/alexandrejunior/Documents/Magic-World/ios/Pods
    builtin-copy -exclude .DS_Store -exclude CVS -exclude .svn -exclude .git -exclude .hg -resolve-src-symlinks -remove-static-executable /Users/alexandrejunior/Documents/Magic-World/ios/build/generated/ios/RCTModulesConformingToProtocolsProvider.h /Users/alexandrejunior/Library/Developer/Xcode/DerivedData/MagicWorld-fhfjocfymhawlbfyrweyymotfwge/Build/Products/Debug-iphonesimulator/ReactCodegen/ReactCodegen.framework/Headers

Copy /Users/alexandrejunior/Library/Developer/Xcode/DerivedData/MagicWorld-fhfjocfymhawlbfyrweyymotfwge/Build/Products/Debug-iphonesimulator/ReactCodegen/ReactCodegen.framework/Headers/RCTThirdPartyComponentsProvider.h /Users/alexandrejunior/Documents/Magic-World/ios/build/generated/ios/RCTThirdPartyComponentsProvider.h (in target 'ReactCodegen' from project 'Pods')
    cd /Users/alexandrejunior/Documents/Magic-World/ios/Pods
    builtin-copy -exclude .DS_Store -exclude CVS -exclude .svn -exclude .git -exclude .hg -resolve-src-symlinks -remove-static-executable /Users/alexandrejunior/Documents/Magic-World/ios/build/generated/ios/RCTThirdPartyComponentsProvider.h /Users/alexandrejunior/Library/Developer/Xcode/DerivedData/MagicWorld-fhfjocfymhawlbfyrweyymotfwge/Build/Products/Debug-iphonesimulator/ReactCodegen/ReactCodegen.framework/Headers

Copy /Users/alexandrejunior/Library/Developer/Xcode/DerivedData/MagicWorld-fhfjocfymhawlbfyrweyymotfwge/Build/Products/Debug-iphonesimulator/ReactCodegen/ReactCodegen.framework/Headers/RCTUnstableModulesRequiringMainQueueSetupProvider.h /Users/alexandrejunior/Documents/Magic-World/ios/build/generated/ios/RCTUnstableModulesRequiringMainQueueSetupProvider.h (in target 'ReactCodegen' from project 'Pods')
    cd /Users/alexandrejunior/Documents/Magic-World/ios/Pods
    builtin-copy -exclude .DS_Store -exclude CVS -exclude .svn -exclude .git -exclude .hg -resolve-src-symlinks -remove-static-executable /Users/alexandrejunior/Documents/Magic-World/ios/build/generated/ios/RCTUnstableModulesRequiringMainQueueSetupProvider.h /Users/alexandrejunior/Library/Developer/Xcode/DerivedData/MagicWorld-fhfjocfymhawlbfyrweyymotfwge/Build/Products/Debug-iphonesimulator/ReactCodegen/ReactCodegen.framework/Headers

Copy /Users/alexandrejunior/Library/Developer/Xcode/DerivedData/MagicWorld-fhfjocfymhawlbfyrweyymotfwge/Build/Products/Debug-iphonesimulator/ReactCodegen/ReactCodegen.framework/Headers/RNGetRandomValuesSpecJSI.h /Users/alexandrejunior/Documents/Magic-World/ios/build/generated/ios/RNGetRandomValuesSpecJSI.h (in target 'ReactCodegen' from project 'Pods')
    cd /Users/alexandrejunior/Documents/Magic-World/ios/Pods
    builtin-copy -exclude .DS_Store -exclude CVS -exclude .svn -exclude .git -exclude .hg -resolve-src-symlinks -remove-static-executable /Users/alexandrejunior/Documents/Magic-World/ios/build/generated/ios/RNGetRandomValuesSpecJSI.h /Users/alexandrejunior/Library/Developer/Xcode/DerivedData/MagicWorld-fhfjocfymhawlbfyrweyymotfwge/Build/Products/Debug-iphonesimulator/ReactCodegen/ReactCodegen.framework/Headers

Copy /Users/alexandrejunior/Library/Developer/Xcode/DerivedData/MagicWorld-fhfjocfymhawlbfyrweyymotfwge/Build/Products/Debug-iphonesimulator/ReactCodegen/ReactCodegen.framework/Headers/rnasyncstorageJSI.h /Users/alexandrejunior/Documents/Magic-World/ios/build/generated/ios/rnasyncstorageJSI.h (in target 'ReactCodegen' from project 'Pods')
    cd /Users/alexandrejunior/Documents/Magic-World/ios/Pods
    builtin-copy -exclude .DS_Store -exclude CVS -exclude .svn -exclude .git -exclude .hg -resolve-src-symlinks -remove-static-executable /Users/alexandrejunior/Documents/Magic-World/ios/build/generated/ios/rnasyncstorageJSI.h /Users/alexandrejunior/Library/Developer/Xcode/DerivedData/MagicWorld-fhfjocfymhawlbfyrweyymotfwge/Build/Products/Debug-iphonesimulator/ReactCodegen/ReactCodegen.framework/Headers

Copy /Users/alexandrejunior/Library/Developer/Xcode/DerivedData/MagicWorld-fhfjocfymhawlbfyrweyymotfwge/Build/Products/Debug-iphonesimulator/ReactCodegen/ReactCodegen.framework/Headers/rngesturehandler_codegenJSI.h /Users/alexandrejunior/Documents/Magic-World/ios/build/generated/ios/rngesturehandler_codegenJSI.h (in target 'ReactCodegen' from project 'Pods')
    cd /Users/alexandrejunior/Documents/Magic-World/ios/Pods
    builtin-copy -exclude .DS_Store -exclude CVS -exclude .svn -exclude .git -exclude .hg -resolve-src-symlinks -remove-static-executable /Users/alexandrejunior/Documents/Magic-World/ios/build/generated/ios/rngesturehandler_codegenJSI.h /Users/alexandrejunior/Library/Developer/Xcode/DerivedData/MagicWorld-fhfjocfymhawlbfyrweyymotfwge/Build/Products/Debug-iphonesimulator/ReactCodegen/ReactCodegen.framework/Headers

Copy /Users/alexandrejunior/Library/Developer/Xcode/DerivedData/MagicWorld-fhfjocfymhawlbfyrweyymotfwge/Build/Products/Debug-iphonesimulator/ReactCodegen/ReactCodegen.framework/Headers/rnreanimatedJSI.h /Users/alexandrejunior/Documents/Magic-World/ios/build/generated/ios/rnreanimatedJSI.h (in target 'ReactCodegen' from project 'Pods')
    cd /Users/alexandrejunior/Documents/Magic-World/ios/Pods
    builtin-copy -exclude .DS_Store -exclude CVS -exclude .svn -exclude .git -exclude .hg -resolve-src-symlinks -remove-static-executable /Users/alexandrejunior/Documents/Magic-World/ios/build/generated/ios/rnreanimatedJSI.h /Users/alexandrejunior/Library/Developer/Xcode/DerivedData/MagicWorld-fhfjocfymhawlbfyrweyymotfwge/Build/Products/Debug-iphonesimulator/ReactCodegen/ReactCodegen.framework/Headers

Copy /Users/alexandrejunior/Library/Developer/Xcode/DerivedData/MagicWorld-fhfjocfymhawlbfyrweyymotfwge/Build/Products/Debug-iphonesimulator/ReactCodegen/ReactCodegen.framework/Headers/rnscreensJSI.h /Users/alexandrejunior/Documents/Magic-World/ios/build/generated/ios/rnscreensJSI.h (in target 'ReactCodegen' from project 'Pods')
    cd /Users/alexandrejunior/Documents/Magic-World/ios/Pods
    builtin-copy -exclude .DS_Store -exclude CVS -exclude .svn -exclude .git -exclude .hg -resolve-src-symlinks -remove-static-executable /Users/alexandrejunior/Documents/Magic-World/ios/build/generated/ios/rnscreensJSI.h /Users/alexandrejunior/Library/Developer/Xcode/DerivedData/MagicWorld-fhfjocfymhawlbfyrweyymotfwge/Build/Products/Debug-iphonesimulator/ReactCodegen/ReactCodegen.framework/Headers

Copy /Users/alexandrejunior/Library/Developer/Xcode/DerivedData/MagicWorld-fhfjocfymhawlbfyrweyymotfwge/Build/Products/Debug-iphonesimulator/ReactCodegen/ReactCodegen.framework/Headers/rnworkletsJSI.h /Users/alexandrejunior/Documents/Magic-World/ios/build/generated/ios/rnworkletsJSI.h (in target 'ReactCodegen' from project 'Pods')
    cd /Users/alexandrejunior/Documents/Magic-World/ios/Pods
    builtin-copy -exclude .DS_Store -exclude CVS -exclude .svn -exclude .git -exclude .hg -resolve-src-symlinks -remove-static-executable /Users/alexandrejunior/Documents/Magic-World/ios/build/generated/ios/rnworkletsJSI.h /Users/alexandrejunior/Library/Developer/Xcode/DerivedData/MagicWorld-fhfjocfymhawlbfyrweyymotfwge/Build/Products/Debug-iphonesimulator/ReactCodegen/ReactCodegen.framework/Headers

Copy /Users/alexandrejunior/Library/Developer/Xcode/DerivedData/MagicWorld-fhfjocfymhawlbfyrweyymotfwge/Build/Products/Debug-iphonesimulator/ReactCodegen/ReactCodegen.framework/Headers/safeareacontextJSI.h /Users/alexandrejunior/Documents/Magic-World/ios/build/generated/ios/safeareacontextJSI.h (in target 'ReactCodegen' from project 'Pods')
    cd /Users/alexandrejunior/Documents/Magic-World/ios/Pods
    builtin-copy -exclude .DS_Store -exclude CVS -exclude .svn -exclude .git -exclude .hg -resolve-src-symlinks -remove-static-executable /Users/alexandrejunior/Documents/Magic-World/ios/build/generated/ios/safeareacontextJSI.h /Users/alexandrejunior/Library/Developer/Xcode/DerivedData/MagicWorld-fhfjocfymhawlbfyrweyymotfwge/Build/Products/Debug-iphonesimulator/ReactCodegen/ReactCodegen.framework/Headers

CompileC /Users/alexandrejunior/Library/Developer/Xcode/DerivedData/MagicWorld-fhfjocfymhawlbfyrweyymotfwge/Build/Intermediates.noindex/Pods.build/Debug-iphonesimulator/ReactCodegen.build/Objects-normal/arm64/ComponentDescriptors-934976e658c2d3d20d7a05a54b0b20d7.o /Users/alexandrejunior/Documents/Magic-World/ios/build/generated/ios/react/renderer/components/rngesturehandler_codegen/ComponentDescriptors.cpp normal arm64 c++ com.apple.compilers.llvm.clang.1_0.compiler (in target 'ReactCodegen' from project 'Pods')
    cd /Users/alexandrejunior/Documents/Magic-World/ios/Pods
    
    Using response file: /Users/alexandrejunior/Library/Developer/Xcode/DerivedData/MagicWorld-fhfjocfymhawlbfyrweyymotfwge/Build/Intermediates.noindex/Pods.build/Debug-iphonesimulator/ReactCodegen.build/Objects-normal/arm64/82b82416624d2658e5098eb0a28c15c5-common-args.resp
    
    /Applications/Xcode.app/Contents/Developer/Toolchains/XcodeDefault.xctoolchain/usr/bin/clang -x c++ -ivfsstatcache /Users/alexandrejunior/Library/Developer/Xcode/DerivedData/SDKStatCaches.noindex/iphonesimulator26.0-23A339-26257891a6c027eb51374368541b8346.sdkstatcache -fmessage-length\=0 -fdiagnostics-show-note-include-stack -fmacro-backtrace-limit\=0 -fno-color-diagnostics -fmodules-prune-interval\=86400 -fmodules-prune-after\=345600 -fbuild-session-file\=/Users/alexandrejunior/Library/Developer/Xcode/DerivedData/ModuleCache.noindex/Session.modulevalidation -fmodules-validate-once-per-build-session -Wnon-modular-include-in-framework-module -Werror\=non-modular-include-in-framework-module -Wno-trigraphs -Wno-missing-field-initializers -Wno-missing-prototypes -Werror\=return-type -Wdocumentation -Wunreachable-code -Werror\=deprecated-objc-isa-usage -Werror\=objc-root-class -Wno-non-virtual-dtor -Wno-overloaded-virtual -Wno-exit-time-destructors -Wno-missing-braces -Wparentheses -Wswitch -Wunused-function -Wno-unused-label -Wno-unused-parameter -Wunused-variable -Wunused-value -Wempty-body -Wuninitialized -Wconditional-uninitialized -Wno-unknown-pragmas -Wno-shadow -Wno-four-char-constants -Wno-conversion -Wconstant-conversion -Wint-conversion -Wbool-conversion -Wenum-conversion -Wno-float-conversion -Wnon-literal-null-conversion -Wobjc-literal-conversion -Wshorten-64-to-32 -Wno-newline-eof -Wno-c++11-extensions -Wno-implicit-fallthrough -fstrict-aliasing -Wdeprecated-declarations -Winvalid-offsetof -Wno-sign-conversion -Winfinite-recursion -Wmove -Wcomma -Wblock-capture-autoreleasing -Wstrict-prototypes -Wrange-loop-analysis -Wno-semicolon-before-method-body -Wunguarded-availability -index-store-path /Users/alexandrejunior/Library/Developer/Xcode/DerivedData/MagicWorld-fhfjocfymhawlbfyrweyymotfwge/Index.noindex/DataStore -Wno-comma -Wno-shorten-64-to-32 -Wno-documentation @/Users/alexandrejunior/Library/Developer/Xcode/DerivedData/MagicWorld-fhfjocfymhawlbfyrweyymotfwge/Build/Intermediates.noindex/Pods.build/Debug-iphonesimulator/ReactCodegen.build/Objects-normal/arm64/82b82416624d2658e5098eb0a28c15c5-common-args.resp -DFOLLY_MOBILE\=1 -DFOLLY_USE_LIBCPP\=1 -DFOLLY_CFG_NO_COROUTINES\=1 -DFOLLY_HAVE_CLOCK_GETTIME\=1 -Wno-comma -Wno-shorten-64-to-32 -Wno-documentation -Wno-nullability-completeness -std\=c++20 -include /Users/alexandrejunior/Documents/Magic-World/ios/Pods/Target\ Support\ Files/ReactCodegen/ReactCodegen-prefix.pch -MMD -MT dependencies -MF /Users/alexandrejunior/Library/Developer/Xcode/DerivedData/MagicWorld-fhfjocfymhawlbfyrweyymotfwge/Build/Intermediates.noindex/Pods.build/Debug-iphonesimulator/ReactCodegen.build/Objects-normal/arm64/ComponentDescriptors-934976e658c2d3d20d7a05a54b0b20d7.d --serialize-diagnostics /Users/alexandrejunior/Library/Developer/Xcode/DerivedData/MagicWorld-fhfjocfymhawlbfyrweyymotfwge/Build/Intermediates.noindex/Pods.build/Debug-iphonesimulator/ReactCodegen.build/Objects-normal/arm64/ComponentDescriptors-934976e658c2d3d20d7a05a54b0b20d7.dia -c /Users/alexandrejunior/Documents/Magic-World/ios/build/generated/ios/react/renderer/components/rngesturehandler_codegen/ComponentDescriptors.cpp -o /Users/alexandrejunior/Library/Developer/Xcode/DerivedData/MagicWorld-fhfjocfymhawlbfyrweyymotfwge/Build/Intermediates.noindex/Pods.build/Debug-iphonesimulator/ReactCodegen.build/Objects-normal/arm64/ComponentDescriptors-934976e658c2d3d20d7a05a54b0b20d7.o -index-unit-output-path /Pods.build/Debug-iphonesimulator/ReactCodegen.build/Objects-normal/arm64/ComponentDescriptors-934976e658c2d3d20d7a05a54b0b20d7.o
In file included from /Users/alexandrejunior/Documents/Magic-World/ios/build/generated/ios/react/renderer/components/rngesturehandler_codegen/ComponentDescriptors.cpp:11:
In file included from /Users/alexandrejunior/Documents/Magic-World/ios/build/generated/ios/react/renderer/components/rngesturehandler_codegen/ComponentDescriptors.h:13:
In file included from /Users/alexandrejunior/Documents/Magic-World/ios/build/generated/ios/react/renderer/components/rngesturehandler_codegen/ShadowNodes.h:13:
/Users/alexandrejunior/Documents/Magic-World/ios/build/generated/ios/react/renderer/components/rngesturehandler_codegen/EventEmitters.h:12:10: fatal error: 'react/renderer/components/view/ViewEventEmitter.h' file not found
   12 | #include <react/renderer/components/view/ViewEventEmitter.h>
      |          ^~~~~~~~~~~~~~~~~~~~~~~~~~~~~~~~~~~~~~~~~~~~~~~~~~~
/Users/alexandrejunior/Documents/Magic-World/ios/build/generated/ios/react/renderer/components/rngesturehandler_codegen/EventEmitters.h:12:10: note: did not find header 'renderer/components/view/ViewEventEmitter.h' in framework 'react' (loaded from '/Users/alexandrejunior/Library/Developer/Xcode/DerivedData/MagicWorld-fhfjocfymhawlbfyrweyymotfwge/Build/Products/Debug-iphonesimulator/XCFrameworkIntermediates/React-Core-prebuilt')
1 error generated.

CompileC /Users/alexandrejunior/Library/Developer/Xcode/DerivedData/MagicWorld-fhfjocfymhawlbfyrweyymotfwge/Build/Intermediates.noindex/Pods.build/Debug-iphonesimulator/ReactCodegen.build/Objects-normal/arm64/ComponentDescriptors-72f6df719177292c3205ceadf20512ae.o /Users/alexandrejunior/Documents/Magic-World/ios/build/generated/ios/react/renderer/components/rnscreens/ComponentDescriptors.cpp normal arm64 c++ com.apple.compilers.llvm.clang.1_0.compiler (in target 'ReactCodegen' from project 'Pods')
    cd /Users/alexandrejunior/Documents/Magic-World/ios/Pods
    
    Using response file: /Users/alexandrejunior/Library/Developer/Xcode/DerivedData/MagicWorld-fhfjocfymhawlbfyrweyymotfwge/Build/Intermediates.noindex/Pods.build/Debug-iphonesimulator/ReactCodegen.build/Objects-normal/arm64/82b82416624d2658e5098eb0a28c15c5-common-args.resp
    
    /Applications/Xcode.app/Contents/Developer/Toolchains/XcodeDefault.xctoolchain/usr/bin/clang -x c++ -ivfsstatcache /Users/alexandrejunior/Library/Developer/Xcode/DerivedData/SDKStatCaches.noindex/iphonesimulator26.0-23A339-26257891a6c027eb51374368541b8346.sdkstatcache -fmessage-length\=0 -fdiagnostics-show-note-include-stack -fmacro-backtrace-limit\=0 -fno-color-diagnostics -fmodules-prune-interval\=86400 -fmodules-prune-after\=345600 -fbuild-session-file\=/Users/alexandrejunior/Library/Developer/Xcode/DerivedData/ModuleCache.noindex/Session.modulevalidation -fmodules-validate-once-per-build-session -Wnon-modular-include-in-framework-module -Werror\=non-modular-include-in-framework-module -Wno-trigraphs -Wno-missing-field-initializers -Wno-missing-prototypes -Werror\=return-type -Wdocumentation -Wunreachable-code -Werror\=deprecated-objc-isa-usage -Werror\=objc-root-class -Wno-non-virtual-dtor -Wno-overloaded-virtual -Wno-exit-time-destructors -Wno-missing-braces -Wparentheses -Wswitch -Wunused-function -Wno-unused-label -Wno-unused-parameter -Wunused-variable -Wunused-value -Wempty-body -Wuninitialized -Wconditional-uninitialized -Wno-unknown-pragmas -Wno-shadow -Wno-four-char-constants -Wno-conversion -Wconstant-conversion -Wint-conversion -Wbool-conversion -Wenum-conversion -Wno-float-conversion -Wnon-literal-null-conversion -Wobjc-literal-conversion -Wshorten-64-to-32 -Wno-newline-eof -Wno-c++11-extensions -Wno-implicit-fallthrough -fstrict-aliasing -Wdeprecated-declarations -Winvalid-offsetof -Wno-sign-conversion -Winfinite-recursion -Wmove -Wcomma -Wblock-capture-autoreleasing -Wstrict-prototypes -Wrange-loop-analysis -Wno-semicolon-before-method-body -Wunguarded-availability -index-store-path /Users/alexandrejunior/Library/Developer/Xcode/DerivedData/MagicWorld-fhfjocfymhawlbfyrweyymotfwge/Index.noindex/DataStore -Wno-comma -Wno-shorten-64-to-32 -Wno-documentation @/Users/alexandrejunior/Library/Developer/Xcode/DerivedData/MagicWorld-fhfjocfymhawlbfyrweyymotfwge/Build/Intermediates.noindex/Pods.build/Debug-iphonesimulator/ReactCodegen.build/Objects-normal/arm64/82b82416624d2658e5098eb0a28c15c5-common-args.resp -DFOLLY_MOBILE\=1 -DFOLLY_USE_LIBCPP\=1 -DFOLLY_CFG_NO_COROUTINES\=1 -DFOLLY_HAVE_CLOCK_GETTIME\=1 -Wno-comma -Wno-shorten-64-to-32 -Wno-documentation -Wno-nullability-completeness -std\=c++20 -include /Users/alexandrejunior/Documents/Magic-World/ios/Pods/Target\ Support\ Files/ReactCodegen/ReactCodegen-prefix.pch -MMD -MT dependencies -MF /Users/alexandrejunior/Library/Developer/Xcode/DerivedData/MagicWorld-fhfjocfymhawlbfyrweyymotfwge/Build/Intermediates.noindex/Pods.build/Debug-iphonesimulator/ReactCodegen.build/Objects-normal/arm64/ComponentDescriptors-72f6df719177292c3205ceadf20512ae.d --serialize-diagnostics /Users/alexandrejunior/Library/Developer/Xcode/DerivedData/MagicWorld-fhfjocfymhawlbfyrweyymotfwge/Build/Intermediates.noindex/Pods.build/Debug-iphonesimulator/ReactCodegen.build/Objects-normal/arm64/ComponentDescriptors-72f6df719177292c3205ceadf20512ae.dia -c /Users/alexandrejunior/Documents/Magic-World/ios/build/generated/ios/react/renderer/components/rnscreens/ComponentDescriptors.cpp -o /Users/alexandrejunior/Library/Developer/Xcode/DerivedData/MagicWorld-fhfjocfymhawlbfyrweyymotfwge/Build/Intermediates.noindex/Pods.build/Debug-iphonesimulator/ReactCodegen.build/Objects-normal/arm64/ComponentDescriptors-72f6df719177292c3205ceadf20512ae.o -index-unit-output-path /Pods.build/Debug-iphonesimulator/ReactCodegen.build/Objects-normal/arm64/ComponentDescriptors-72f6df719177292c3205ceadf20512ae.o
In file included from /Users/alexandrejunior/Documents/Magic-World/ios/build/generated/ios/react/renderer/components/rnscreens/ComponentDescriptors.cpp:11:
In file included from /Users/alexandrejunior/Documents/Magic-World/ios/build/generated/ios/react/renderer/components/rnscreens/ComponentDescriptors.h:13:
In file included from /Users/alexandrejunior/Documents/Magic-World/ios/build/generated/ios/react/renderer/components/rnscreens/ShadowNodes.h:13:
/Users/alexandrejunior/Documents/Magic-World/ios/build/generated/ios/react/renderer/components/rnscreens/EventEmitters.h:12:10: fatal error: 'react/renderer/components/view/ViewEventEmitter.h' file not found
   12 | #include <react/renderer/components/view/ViewEventEmitter.h>
      |          ^~~~~~~~~~~~~~~~~~~~~~~~~~~~~~~~~~~~~~~~~~~~~~~~~~~
/Users/alexandrejunior/Documents/Magic-World/ios/build/generated/ios/react/renderer/components/rnscreens/EventEmitters.h:12:10: note: did not find header 'renderer/components/view/ViewEventEmitter.h' in framework 'react' (loaded from '/Users/alexandrejunior/Library/Developer/Xcode/DerivedData/MagicWorld-fhfjocfymhawlbfyrweyymotfwge/Build/Products/Debug-iphonesimulator/XCFrameworkIntermediates/React-Core-prebuilt')

/Users/alexandrejunior/Documents/Magic-World/ios/Pods/Pods.xcodeproj: warning: The iOS Simulator deployment target 'IPHONEOS_DEPLOYMENT_TARGET' is set to 9.0, but the range of supported deployment target versions is 12.0 to 26.0.99. (in target 'GoogleDataTransport-GoogleDataTransport_Privacy' from project 'Pods')
note: Run script build phase '[CP-User] Generate app.config for prebuilt Constants.manifest' will be run during every build because the option to run the script phase "Based on dependency analysis" is unchecked. (in target 'EXConstants' from project 'Pods')
note: Run script build phase 'Bundle React Native code and images' will be run during every build because the option to run the script phase "Based on dependency analysis" is unchecked. (in target 'magicworld' from project 'MagicWorld')
note: Run script build phase '[Expo] Configure project' will be run during every build because the option to run the script phase "Based on dependency analysis" is unchecked. (in target 'magicworld' from project 'MagicWorld')
warning: Run script build phase 'Create Symlinks to Header Folders' will be run during every build because it does not specify any outputs. To address this issue, either add output dependencies to the script phase, or configure it to run in every build by unchecking "Based on dependency analysis" in the script phase. (in target 'RNWorklets' from project 'Pods')
/Users/alexandrejunior/Documents/Magic-World/ios/Pods/Pods.xcodeproj: warning: The iOS Simulator deployment target 'IPHONEOS_DEPLOYMENT_TARGET' is set to 9.0, but the range of supported deployment target versions is 12.0 to 26.0.99. (in target 'SDWebImage-SDWebImage' from project 'Pods')
/Users/alexandrejunior/Documents/Magic-World/ios/Pods/Pods.xcodeproj: warning: The iOS Simulator deployment target 'IPHONEOS_DEPLOYMENT_TARGET' is set to 9.0, but the range of supported deployment target versions is 12.0 to 26.0.99. (in target 'GoogleUtilities-GoogleUtilities_Privacy' from project 'Pods')
warning: Run script build phase 'Create Symlinks to Header Folders' will be run during every build because it does not specify any outputs. To address this issue, either add output dependencies to the script phase, or configure it to run in every build by unchecking "Based on dependency analysis" in the script phase. (in target 'RNReanimated' from project 'Pods')
/Users/alexandrejunior/Documents/Magic-World/ios/Pods/Pods.xcodeproj: warning: The iOS Simulator deployment target 'IPHONEOS_DEPLOYMENT_TARGET' is set to 9.0, but the range of supported deployment target versions is 12.0 to 26.0.99. (in target 'PromisesObjC-FBLPromises_Privacy' from project 'Pods')
warning: Run script build phase 'Create Symlinks to Header Folders' will be run during every build because it does not specify any outputs. To address this issue, either add output dependencies to the script phase, or configure it to run in every build by unchecking "Based on dependency analysis" in the script phase. (in target 'ReactCodegen' from project 'Pods')
